-9062733
31988177
25982392
6343325
42049317
4295719
5637650
-48463850
54838144
-55187072
-11530717
28812276
20142469
16616762
58003104
-17551122
-12977512
53956231
-1311381
-31928121
12655600
37752885
-21961725
-46173804
-50042208
-72267534
56114694
16097761
-32390711
-13489098
-68048201
-47667919
25341936
35462302
-63055433
19507280
12447358
-22047007
-9090116
-32120817
65591722
-15713305
40827474
69898845
-51997210
-25871354
61573199
62206132
40703829
50886996
34564664
61855952
-1457620
-55780688
-35531391
-44340469
63264584
-65954175
-1891230
5398669
-66828996
-1104914
-14447269
-28234059
-48786363
-54800258
26811985
-62748831
-9043771
4649434
-46070728
-25280947
-28128596
-52988990
-18689513
-40706676
-67543462
40655082
15728055
34444513
-17654609
70182369
23560418
-29880577
-50855271
-27979462
-28140952
-3601915
-38975401
62613770
-25869788
59927802
-43195328
49445016
61497632
68834620
-10681861
-50324618
-20219959
-5914225
-20581565
62251819
31742648
61960053
37226649
57331304
66332772
18133039
20054159
-20644088
7615349
31823827
-1920393
-31749729
11968020
36114878
-5216482
43592301
61289007
-47156061
63084092
-47626401
-10976057
-60523721
-9288506
-7283267
-28949558
-17544748
18540506
27568856
58186980
-6096462
-10457414
-44987856
13833804
37894902
58523955
-57032235
32758311
1471146
-8882691
-29635093
-18966116
36796145
7533070
31739652
-21897055
15873958
24267319
35953802
33343003
51225362
69650809
-30432666
8815302
-32008334
-9715435
34812177
66860746
63368051
74796845
19100369
38417374
-9051488
-13540477
-64369504
25536547
-60141041
-44243596
-54035526
-3275339
45542075
57300041
58906024
20156206
-52992797
-67686401
28010746
-21482259
-56859012
49027915
-12752402
-70146958
14323543
-10022367
6721149
-10210523
44084715
-55700831
-22007211
-61465473
50860803
56455604
60636101
36271081
-24637993
-26709866
37101212
-53110611
39587129
9740746
-15619562
-31630536
-5827823
55344282
-14854783
30701018
49812054
12006138
-58876147
21072457
-23158846
-384442
2783587
-20860123
35100382
66831014
38453213
29522693
-23447762
60602809
54070802
11396707
44010857
-31944218
58056492
-57728091
-44006010
59700013
18823271
-38534705
63536695
28884741
-26781621
55510873
43747305
-10895250
-9525525
53290526
57558448
47578598
44763135
-6666182
29062683
-22407110
-24687936
-59101207
-64756150
-62178080
1096710
-9464299
-63354909
-80227732
-75491266
4704644
26766337
-36878124
-72912659
29381165
6017860
-32443878
-36153469
24792987
-58434794
32379263
55591019
-8357831
-679626
59013139
-47289873
3323875
-4743953
-5252276
-35491270
-59715215
70735886
-37719680
17368432
6904745
-37052232
-50717526
15078105
35002868
-17445836
48421643
45527891
66857372
52277271
8438718
40993863
44511426
24739368
-6055838
-46182729
54723093
42489520
-37541309
30623863
-52895303
-62481180
-8534089
24691611
-26753324
-37017663
20281260
15263264
-41199280
38654668
35815224
-14951622
14358199
-3703400
50482803
-6628797
58974022
31378150
43649978
-8605515
34103506
-27729739
21375820
-60636066
-44279323
42252631
-3413998
51895145
-37490758
-69786402
5927725
-20200654
-68704624
-65284635
27771329
28041661
-25421875
-41782782
55600206
-614304
39805557
-1594235
11747585
-64794225
-17729840
-30650524
-53825566
37917159
-53297206
-45155143
36918332
1188959
-34941750
67733556
-32590330
31445212
-38875248
24560888
41600878
17771842
64255992
-9541078
70953873
27828656
70829381
2949866
64635648
12842892
-24659822
-17357031
41465788
-43168403
-48802254
56928184
34593363
-25896124
4221019
-3423472
13342561
4002971
-9004388
-72687274
-73515411
43935960
-34265510
-62808316
-42852277
-35744061
-56634513
38483747
50008742
23583599
-70000086
-5511386
52727034
-66882382
-4556581
27120207
-12320284
-15146678
-684793
-35917244
807900
-38184602
-22013588
39702837
28743226
66893257
32698312
62027732
-34844956
22604209
73459308
51009538
-39493155
14468675
-50078925
-46220090
54741904
-8614193
49031469
64765221
-2760595
-46513989
-32069506
-1599897
52394396
-47428634
-62920172
-74361213
36853772
-1857645
-63241688
14473543
-25837539
47029289
-30583516
-473787
39668972
17790148
15492671
51083550
69754704
-12359280
54646892
10197328
-12492712
19364930
-16196655
71780386
-1004837
-47454511
-61823109
-6500085
-10414438
-23672313
-3275981
-67775881
-24650685
41538489
-33081130
20287415
37722557
-17779791
-46974609
-28248876
-39109053
16616066
-9532785
-23271847
2350509
63271659
-20656731
-3352551
33345755
34357175
-48267690
-54607105
-60471501
59146980
-54652096
36216096
34001728
-29165049
-35881266
-17599496
19198995
-47981603
-56440587
3020139
-1006969
43796291
-15320423
24103565
13740750
-10831295
-1264882
43490307
51187812
-23186010
-6799742
-57697974
52935127
22081888
-56239639
-63901579
8029709
-67089230
-33490885
43879856
5517878
39045200
61352891
-10129934
24804282
19334261
45479459
59260984
78642935
47359725
-54924010
-53568084
-4207715
47957723
-38412818
-48100140
16253664
-36041790
27519756
-54074216
31103977
43711440
32114989
3102470
-51554760
-68947880
-13647451
20689667
45026666
13513231
61214981
62235269
-21367434
62305021
17363420
-13158894
-19194309
-21424001
61016080
38215018
-27318873
4032771
-31960264
57768810
62162943
-3755842
36191394
5401076
-22601924
-41540468
-691055
12268625
-48418069
-40871422
-57159526
-18765892
27161324
-61280993
51816973
-57693108
8234478
53908034
-16719031
-17960349
-23585724
8208802
67266466
-13452350
33523845
45553232
16220056
-3194663
-40950608
65172614
-59670978
-36161513
37738361
-30444750
17982917
-9762171
-55059717
50262359
-22018622
39284338
-23872773
53207153
-41108249
20994306
9940001
51040454
-13291750
22417321
62087606
17013564
-35868786
-17872449
-51455449
4735839
51589446
-28531172
-29712641
-19493197
27337450
10320734
4459766
-8230516
-49915146
-69741456
46934656
36857941
-7397605
60118724
9836260
-12774400
8566944
-54822848
27789431
4371188
65675715
66839964
2955585
-57232762
-19886887
-54238221
57035021
-12112952
-28915125
39321814
20450452
-52019797
23132338
-6000263
41694623
10499555
-18875395
-6645336
-19965373
-62869768
40950867
-52159052
58291881
-29522534
-56935396
1406155
-15138467
-11875571
-23178535
-14968152
29661058
36044773
-15813897
18773915
-24255452
-56914232
47953707
-19895907
53331364
-29113245
62311825
42228190
-8830071
-22445753
-46156423
-10898672
-66788643
-71485720
-51442514
59865132
58352796
61208978
-18279346
66382027
20910001
52887024
-27831243
70374805
-53576512
65192519
65614650
54766713
43229504
20287094
-42405428
26323235
-44384934
-44972017
8361923
-46477739
-7325485
19341091
-19416572
8368813
14386754
-54441658
13151534
6840666
15170560
26714219
-17995636
22584162
-69446667
5259135
-33731577
-26079677
22066922
-7872418
-67276264
-1747580
32850326
7168968
-50166590
-40327135
-24170095
58153872
-47261814
-20782011
62233267
-22470190
-43238885
56571365
-36428876
-29949436
-12082368
-7565764
59341137
-61197429
-20282096
-39822798
29643350
-11623739
46221693
14667407
-59121793
-30532524
9173423
-2535369
-59838872
-63648727
8583452
6850200
-54611162
-62402991
-13338801
-5459805
-42577645
-22616786
5144308
56999584
-1124224
20122567
44808361
22691453
64869663
32901017
-37866328
-15579243
51021897
38503900
16839211
-22596415
-39974755
-5693714
-25597222
-50833400
-8526454
-71285832
-42413265
57257193
50106178
49770736
60660152
15416751
-16833896
-6760968
5158137
14656461
62107153
64084124
15987860
15190702
-30593531
-29213193
29386533
-13297831
-59899002
-8179088
3080439
-4794619
1876772
-630193
18692145
-8714972
-71829202
29377021
-59727192
-41209398
-72654076
-5481523
45718878
-9462067
-47403246
-44743741
25537302
-11660370
-59264851
-22326419
-45177942
-5100111
50882755
-19523819
3313181
10593588
-7931621
-56634190
-4192340
-20571236
-15083362
63328286
31988653
-36521486
802600
-35458879
-20842373
-327167
20922094
12722753
-41690174
27429752
3045256
-52267364
920372
66410848
-15684290
-16967482
-49428066
40239830
-45507987
42600875
10298451
15039213
-36086617
-60570004
-14812173
59025444
-52119590
65560620
-61091459
13477971
28374710
14528303
18698246
-9298752
-18656739
28277194
-66588824
42852701
-53109638
-86775
-60401397
-22479190
-31057395
1515933
6726664
-19001573
38563581
16816536
12117168
55097342
33614015
-26664799
41169174
55563825
-12523592
62893805
-4251547
-23601929
-7420820
13463722
-52823622
29947503
49801863
30980418
33540770
-57804009
-20236801
46644003
4820196
55770375
-41129211
-40189771
3791383
-32210003
61998188
60298268
-13442566
-4433642
40580004
65987776
-61080062
28095903
-33793086
27077438
22488905
57672273
-2098064
8186916
54582159
53492439
-59072394
6000703
-21210131
-67784369
34191671
7804259
58532419
62759909
6568249
-17391464
45662125
-66443950
48246340
-34995449
-62199252
-286016
58959573
40072483
-59124202
25893609
66567175
-39053700
-64030620
-2525493
-35578847
-20094485
-75625884
10368129
58734733
-56763800
-55779472
-556706
7348986
27655588
-55872512
-22595021
-55040142
-20660161
-15457878
-10482415
58790173
-13778485
-19708956
6459550
45322835
-20931009
-10315947
38177268
41019438
-53872898
65387271
-42807894
-23955289
-42569943
-40298685
1812614
60156868
-28492623
9309547
45529759
-3726058
56394777
-35879089
-34734805
45952102
-32334528
-59661366
-44003037
43622870
-21045778
-61731347
-73050869
10511822
23802508
-68042556
-40516183
-30661064
-49380972
31128146
13035071
-21616394
-23642064
1342360
-40125669
-25685007
-51783017
21221776
66861256
4605821
-38608819
-33059626
47202808
-37400578
-30254533
18157167
54016196
13827553
26656940
62128350
-6118266
3162924
16855052
52954609
5762009
37598966
6693231
35954455
11733799
-20899917
51903145
-30260502
35329433
-51700
-20999659
-69227662
5815018
-69967294
4842420
-57822734
6916378
-50559890
-43652982
12362017
6754986
-73032147
36151031
-69538758
17636545
56489349
851517
-7510184
-58687088
54548242
62977589
2806157
-52715310
51069612
17087686
66076023
38980845
60652611
10959675
67320182
-20418388
-17281283
-49328322
8260367
9142719
47496416
-55478261
3404834
46025427
21750770
-32425012
42073740
1307946
-43356883
38066744
-48963823
9036345
-60475131
-30770546
-35867276
51614925
42439265
2474207
-41208629
-52407917
-4883839
34694515
-62056579
16561536
-42132273
-13885199
-12092206
-37956989
11669168
-26359554
-26114560
-41611355
17277725
50574951
26945475
-4731295
63928928
40991558
45138288
-36250018
47439381
-36819079
-7575853
10472084
15667251
-55458726
-35692849
-24861291
1405022
54839004
13480890
22332317
21841587
-28310723
42877307
45053374
-4032366
-20719348
-42876826
-32995368
-16822320
-74180745
-73202096
-9277806
-26431421
-37222749
30758449
-45769705
40212888
-66225951
-63036354
-74154114
-36462944
-35178271
27899691
-46474475
5115647
-44609249
-2733816
-7247745
60548087
57590069
-813047
19048186
11687471
-30370172
-44409819
47519141
-25903223
6330135
69912539
-45533723
-17511832
54830860
52634570
-39854856
-26231933
22657713
11200880
64729418
79741
48664397
45370770
-47109912
-42322734
-69352505
-1013979
-57628795
58740135
-8377512
58710518
-335118
-71171709
2936143
-56759828
37065636
-70739550
-63684912
-35874745
-50717503
15280368
-51911578
16612367
19605695
-45771854
58574369
50409777
-29184641
10151962
-55197296
35629827
985851
14138827
14818996
-46390270
19480464
50245981
-29077036
-22620203
19122787
-17861120
21760711
2267936
41151918
-27117018
-4424720
-22141568
-38485795
-14536155
20091876
67191753
32419990
70791675
28010810
1271278
-22465348
72401050
14926722
27779208
8377342
39424869
-64023957
-4106840
-32078350
29377342
-28771070
9319972
21167452
-7320878
-71736987
-15837459
31924263
53900243
-32822890
13093529
63598251
57747930
32175815
27397751
30932834
24447339
20447347
-47291545
-65383924
-5304315
-46264057
16387639
101166
-53413412
34682630
26062799
30240980
6764944
62207393
-50994027
67526796
-26067460
42502155
39433190
54555094
12755065
-13230249
-49365876
-51382046
-27267655
-44941059
34009422
26712684
-28839144
3704743
-34652934
-36400330
-54934170
30075931
-47181057
55201914
-47398783
-28056006
-41982177
-49514143
-32000061
-18588625
-51090532
57925191
-70791926
-70374332
-71334209
-46191883
-67381935
28451260
-36739052
-17006497
-14663188
-13981530
26961500
-56679662
-6494784
65446417
64709329
-28176229
-52009604
-47932459
17954950
56466366
29655023
10595706
14544417
60448402
11276562
13243546
-13931993
35122050
-53104922
-40491711
21098867
27274850
-4743741
52549214
-45424212
-30091399
-52013844
-38548751
57231965
627238
-7981474
-73996244
45101257
34020104
36342867
24890858
64568978
-11116849
-58664389
28928867
6771541
-67881126
50473811
62252380
5947484
23056345
-62111229
20613301
-40199227
-10271488
34360506
-38438604
-39641868
-71397527
-50903282
57879852
-57800187
-2672499
4835989
-49623911
-75367470
-9540603
-73838455
31571874
63377977
66557846
-31999216
-1940730
-54314585
-15750522
40999182
-29982552
3919471
-29110800
55983817
65153135
-15739337
4195735
-28140625
22687059
40856995
67180361
-30062566
38911416
-59876901
-6615698
32479880
18520220
-8974283
-41633320
-27257398
-38724742
49626762
19489577
-24659517
-4796891
39811083
-22035033
-65319713
-2667286
-59649438
-61570454
13293305
-8814537
48784541
-55634208
7006020
46182603
-63609135
-10283069
14032436
-3816540
42671171
27388140
-31350543
65740271
36797508
33640387
-48697181
59499361
-3828814
10129113
33935228
59936764
-22829569
65801404
-4299183
5048127
73339803
-30275376
-27792534
8634764
6979352
29271500
21201430
-27549451
-15497732
-7041714
-56382863
23065116
28140901
5284378
-62688506
22216984
-3819265
-50465517
-64440838
49732825
-20171715
31578924
47030042
21589386
-10373344
-30547310
9423309
-29285925
27089540
23679285
-59928200
-66609260
56372234
63007130
-55780893
30809181
-24339002
-32078393
-51021987
-70149454
12911852
42767751
-49561627
43045008
-211209
-31650153
-7776245
-33941430
-30133995
-8347839
31999954
-10777530
54782331
-55983387
55319316
-32225
27747291
-20568328
-9147801
-30437027
-17018543
-48726282
42859640
52702452
-10448044
-63639846
-30042170
-67546393
-5486482
-9019760
-36436806
-10066832
-56954033
-10901889
39964820
-5411721
16176609
61578279
-4622880
38914530
-12351454
-37070548
68825803
52376396
71754961
36880323
-42747345
-9652370
45095218
-51830044
22806485
30200941
16054942
62093627
17174001
36945056
54013354
-43129397
22639981
44846649
32384362
-3642716
16648978
-37377398
-26471025
-32024037
-18687093
6840737
36406136
-22237278
-3765491
3420697
45401279
11026418
35496254
54682162
-53568415
-51580925
-46072418
11200011
30717070
19119848
12871198
-24642434
25620835
-32495974
-12134701
-38199222
-113920
-54759227
-24342670
-18666917
-34823834
60521526
52071825
35594594
-26331681
-34389643
63867936
-55083681
-30082677
67973383
-5663726
6757718
10228288
1248076
950691
-41633095
-44414905
55190736
-37744182
31517466
25757235
-52780054
-23056422
-49622178
-66214493
44138209
-69510221
8714970
-25341476
29110939
620764
59632696
41607269
66445862
21955366
54064607
-11478985
-22309837
37645952
-30485992
-24576259
-30691600
-13377746
-64185965
27890205
671655
52427307
-17959429
-30282052
-56300565
37916658
30406770
52448165
-10828195
29973169
-58728434
56875768
-31395581
11041699
47883833
7815400
-45933551
28043350
-31073261
-1489733
56549023
-62608590
-39933690
14110192
-7922765
-43248119
-35039202
12911353
-11554950
22931631
-68138464
-71267530
25757670
-36971327
-35595749
-39809695
-16587848
51301556
13360259
35413730
8994554
9620115
-1408558
35115237
31073793
39230951
33920251
63251946
67254002
77848911
26263205
-36710544
59955311
63108044
46418936
46443229
-14568838
-28308357
-10685766
60709541
39394267
17308786
11921461
-52398948
20227438
8678881
-8957449
-30575372
-863984
-61899424
11765487
8971736
-63557505
-16154669
37663960
3775156
-21679987
28410989
28000645
44841852
51220696
19362141
64345089
15913213
-5843531
51748935
-6024317
-21524405
68757744
8769267
7520854
-2437203
-61385899
-29186729
65076165
-55285505
-29151050
-21743050
1597490
-32449077
-29525631
-50816375
-14579438
-7297656
-66514613
15282992
-63368586
4952709
-42940902
-60883236
-52010770
44888311
-62480055
37399008
14904432
-2040261
-64867201
-57299542
29141883
-64729605
601264
-59652823
-26905294
-68937713
-44212647
-26310159
46182622
-41394906
-5536908
-26160835
-50849500
26830519
16134532
16911042
3060517
59890369
9350389
44617470
2083259
74569632
109338
-25504794
75122280
68312447
33773175
-41349155
-39332367
40334726
-18339028
65676822
-42955267
66491225
44751719
22956107
56611114
59905904
38317361
13295514
2686671
-60191973
57026046
44280516
12708427
60884177
-16723856
-21226467
35136273
-31272943
27176263
-66487985
34390533
-33703180
-15256980
-43924267
-56344478
-71485118
29671044
-28203237
-23698588
43725438
-40365697
-14945444
27641563
-52295697
-30820183
-45479981
-11618579
-27321487
-47371433
-6972502
-28572320
14667362
48044977
9341476
71324000
3734081
66411667
-51721376
64977491
2955078
-12899013
-29663497
-18491723
-7377818
38174018
-46327267
-26264572
-50310179
-18018718
64845167
-38306177
16489945
-38677713
-37533629
37942054
1675552
23928137
30935302
-64872373
51048390
-51357099
63737214
-32294692
32892452
-3349306
47952083
44921372
24825749
-36076524
62050750
-3247365
-2918768
-54429076
-21774444
-6665480
-10135548
-1388646
-69948129
-21229900
404509
2228358
-17006400
15912038
37311800
-61533910
-24144533
8226420
-33309498
52721022
-31201894
12937052
35651119
-33577158
-14857067
5352732
26815002
66624318
-3333245
-59020036
41804511
-57394331
37291515
11261906
62643956
13815725
-21391796
-38516042
-16437781
63516533
-55412874
15046849
12054097
-68014454
-16740665
-7593812
61072947
-31559008
-34520385
-941604
35160192
24546410
13761682
46898220
-35888632
55459853
16168992
65675902
44232976
56493769
-37320726
-57938475
3070896
10563425
-60013128
57122823
-62516392
-41127939
12465810
-34767
15812656
-6568879
-9677124
44508110
58967342
-66689494
11171682
57109157
59122183
71607969
7864570
19635558
31145515
-55672871
12635817
11943995
9197369
-53748063
-13241785
-67307809
-58014983
14614256
-41667833
-35702534
2758199
20190285
-40323134
35090180
-65729518
26329459
-4121450
-46674899
-55475737
-37698999
-62871406
45736454
-15219130
-26241422
48457133
-40740905
54017865
15330126
63314742
28068079
1259455
42242410
70541516
16466955
35222467
-41586049
-1835763
48414128
78162372
72893032
9614701
-39167087
-6963597
-65080325
43567452
10201481
-28138939
32067383
-8113183
-56747859
23132483
-8832822
-39998653
-31267442
-34246088
51116498
-51638045
24217255
1811806
10461801
25495877
41225343
59641534
-55528591
-16776177
-45380968
-34078324
57666965
-18799811
-16980534
64618527
-19569508
-59639904
-58747212
6760626
64938071
-14456016
-24386425
-17471370
-64840515
25660555
-4541757
-70022624
58060361
-13956385
20404787
57920217
66521610
-50980942
45703396
41433339
43595815
-24278535
58988119
63712779
-35465382
31302243
10978625
-12390258
-35261890
-67335765
-53621319
-11654778
-67087601
-70525108
53029878
5376372
-69765371
54196313
-11080057
-34170851
34955741
8786520
3773812
63975447
5254046
40840333
55295239
29575076
-23639413
65000305
79930734
59332964
57663543
-27362293
-42711696
51180864
10173804
-21791702
18056302
-37776485
-24930604
26539958
-59343858
-62596998
5970662
43538528
888663
-47399429
-29063017
-35304094
-80295650
22707544
-51322391
26527338
-75876693
-41527546
-72896329
13306160
37838492
-64131440
-26390812
21770075
64338821
-28796591
-45075583
-15366865
-42481493
-47989277
2562624
-56343700
38541410
-7938541
-28695599
-49437560
1977568
-7486537
54757654
8040092
-30589800
-22125571
16329545
71353038
8068038
-37809875
37996671
-53187584
28457084
21785663
-18573339
11702498
43021110
-46643162
61129502
5443248
-32082004
-48478488
13312397
41334709
35460653
35046796
41488401
71955300
5646194
-35023276
10123981
-10753805
-2275262
2330631
19143078
-12875471
-14915242
-23511055
-43276824
-52212093
17997459
14053027
35920119
-645782
-11692277
28256483
20918621
8082270
-1404296
50454482
-12170098
65537473
-15755198
12573332
53903295
43337210
66040931
60766916
31739502
76463611
73776199
8422357
42555897
73183948
-8006599
-44782867
-64581961
-54868064
-52598698
-32066997
12134961
-52870997
20146676
-71786704
-49102500
49308681
17995099
-7110973
-51729222
-17968656
-23660861
50622413
57721420
68221174
26530696
42753480
75712006
60686053
-4014952
4414729
14849218
22072629
-18232534
22641217
-862585
66919421
-29232632
57353432
-62670463
-43070
-48025884
-28949952
50093576
-4924972
10425024
18593415
-50784324
-47863076
-29617222
-72427798
-51034361
-19621853
-23930891
-28413677
-17654991
15235698
-47909207
57457503
10100972
30855633
-31167216
63228544
-43046508
27029615
-22104591
28307507
-32293467
70666162
-7990987
51160476
72914335
49259248
39664293
-708839
17759827
78676333
9058183
-50810049
47235932
47038441
25961232
-7433186
-65567853
-22785729
59267236
-54441391
-13822044
56411621
45665125
36020397
-16259867
-6016321
-69814424
19376438
8039068
-24121767
-50449330
-11416324
8099086
-43578000
-79388186
1590549
-30396963
-76134110
44587453
-2885700
-19706045
22211445
-31159867
-36011837
34548817
62807068
22710287
77395427
-31142617
-2038668
-47118276
24041169
-32184794
-27047971
-57888139
66241372
4540369
-24133370
65535854
-18162396
-26748181
20967672
51605980
35536704
-34082280
59576172
-25577237
13434464
-43880589
3698311
-42911965
-44410591
-15217227
25159647
41629575
-54049159
-52173697
19819803
-70984395
-19135764
4790115
18403402
-48737798
33815409
51506940
-6515451
-1678865
61230717
-19478983
34902760
-5384815
19154053
25342660
-24691470
57774333
56760143
-50749681
74534396
50426113
55676745
34388967
36117432
-42154063
23806310
66890576
32679206
-43116027
-17380995
-65638833
-42910665
39814237
15154503
482830
59329197
-8203081
15095585
-1227863
19484667
12771030
-53208853
-68948971
-26149192
48079502
4745534
-5213308
15223569
44834443
-27581644
48071700
-39168289
-49198318
-8662565
-60835020
-46025453
13398009
24101750
-25340091
38996580
-29978682
36967473
702929
-25930389
26283651
52150873
24486556
339147
-20298446
-35905256
-47489289
-27588867
48307067
23143553
7857979
64673836
-14712556
54895045
74188169
-38349837
-30969395
-29477253
19611742
-7346319
-27285508
-14742052
-52802008
-62320463
-47786725
30526909
-33726502
-63034185
35202682
-44402926
-15999678
-21418346
-34537659
36397874
11959961
-31307600
-12661065
14337101
50757725
10616306
-32766192
55070667
53163571
56736516
3725004
-12941184
-6085852
-47797172
-33411141
45601590
72048312
37019565
57453482
-23840733
-59161644
23429072
-44096796
42070457
-47143517
44806809
-57593557
-8444422
-61545578
-8394772
-45344354
-18208211
-69022607
24121770
19349405
-45628524
6159943
23217694
-15103582
-38646535
-1196363
52635054
9289579
57593190
-2988867
-32246749
-15734407
-41476527
-47413330
44466954
-53355771
-62250612
5953866
61371997
-15145397
68672470
-16756637
45372931
24672783
-25397534
43126493
42802389
-54959684
-13991719
-27204433
-22498179
56051004
61911796
71662156
-32961974
65318831
-62262841
33405408
25715782
-42718904
57695170
48230372
-29617624
-7277857
16498321
-3812374
11084530
33024735
-39122530
-57096276
-23509845
42616228
23997681
-72991060
47566460
-2803956
-29038098
19598101
-62205205
43567402
52429836
50658923
71782427
662448
57732876
12844365
8959035
4975729
-47607904
30539417
42940508
-14683168
-22195576
21439606
-41447352
-67680761
-75384659
-56690429
-45244467
-76214272
-65189883
13886814
46164257
58282143
-22038133
-58012821
-35386168
-41573914
-74345243
-76627692
-58272331
-4319
-62767499
-35442324
-71983866
-44677463
-73463025
29056007
6637990
20257224
-3440174
-59357000
-57203429
27432521
-32045918
12691766
-44913658
25312363
67351860
5750356
33329451
64222149
65214289
66356526
62521260
364826
-44633422
-16881603
28094921
22197730
52123214
37643345
-5453023
9466783
-35061312
-53203724
-71583611
-31520997
49513675
-78828593
-49730376
-17167827
-6791721
-31352705
-26649894
-44516536
-84491872
-70580570
-86635030
-67251088
-61562759
8345234
51906841
-15090310
-47760731
-27158290
35064357
-36177731
-13648958
-52869557
-24031546
-2657433
-27312089
47496877
55890586
-29287651
-48087696
-37748124
30120721
25913398
61438807
66712447
-42170064
53596123
9145763
15298956
-6761804
74502455
21392288
68924501
35702460
52876672
-55351673
42364505
8572470
-59855223
-17936982
32894915
-42828818
51420808
-72934275
-41907760
35902554
-36646200
38259347
-62153073
-62719263
44110509
-67882768
-22224876
2239316
10086083
20155662
15853426
44595702
41721866
40895294
-18990340
-20763769
49461333
67179225
6853754
-17388038
45000695
71907539
75727483
-54010735
31688916
32910175
5086152
42390188
-5097111
-56134096
-1801315
-48578339
-20521956
-3280611
42147635
12945341
27496421
2995167
-21116729
-26535192
8703655
4705364
38309231
-19028526
-29284273
23881053
-33305326
-28227616
-62231100
54380476
-27681827
-34812814
-14956238
21058949
-18149069
-10730717
17198461
1176311
-44417785
-26424314
39986345
-30321132
49048231
-16040650
33999521
63664753
-17916097
29479470
-23679685
23312268
15793665
35519437
-24738778
-5148943
71122054
61896582
-10012701
21178241
-35189635
-41897774
20787210
53296655
21729392
-52193029
-7707573
-54363471
15543910
50739812
-72013121
106616
-51882467
-63301053
29398755
-52261034
-52069419
12399286
-34380726
-25110758
15627693
36428413
-7338680
35901448
55211604
4607890
18103264
72211738
45896504
66106236
7848752
80967512
41682125
-27626499
31762709
68283866
3476914
-33745139
-35025551
62048715
-33805390
53842892
56823448
-50996678
-40327387
50845987
36994968
-49532538
1430525
1957662
15181219
5416045
11375670
-44839655
15114712
-6346317
23560525
-73818243
-60173144
-65650105
25698202
-33188391
-56594735
-36451670
12184125
-5600433
11420542
-71854458
62142562
-813422
31954511
-20611402
63428209
55342353
36880362
-17261283
21318849
76187708
39294683
34939295
68327845
-4834251
-13002148
77853949
61313258
21613234
-29077462
73632928
29399823
-4346787
20429255
12370689
29880001
39660220
-32527334
-37485063
-12265536
46494485
43191883
-20340836
7356315
-54201645
40540006
-3742568
26898466
-31074596
1940273
-44010652
-78121066
-39268060
-1447612
13795418
-30824589
45331103
-28242007
-66257090
46472835
37118619
38718522
37473349
49128898
59906871
-12703133
-54144604
-38835710
31410112
-16803990
-9791158
-1960924
26112516
41593463
-50735246
20977287
-18963035
3481520
54201489
49331082
-14959792
3049787
-6268646
11630577
16052931
-35550019
63157105
68832537
36563790
41702757
55932521
-4091765
35199302
-56033711
22232267
-59785313
-16938579
-60511704
-69040708
13977487
3086317
15827453
-11548127
-64703706
53263765
9051532
30611728
-43384048
-8005769
51382733
66334407
38110606
-27392692
47778811
-34741333
-18018516
-20438228
-51683446
63004917
27918733
19561831
37396063
7876160
-40472969
45504608
-5806918
67783772
63275485
-32843733
61749761
-51091158
-45025191
20542556
8561480
39003439
-66807032
-43604366
39083069
-12618982
-65270320
-29827598
-22551850
12981383
43734206
60782325
64073212
7289285
-59287492
-43110887
-55902957
-12533622
-18469983
32466042
1132352
-54184286
-31867643
-59809139
-73860555
-75957695
-54644353
-53413804
-35129645
-80109157
-60110685
-17605526
-29653739
-54025401
53861539
31445306
-15231615
26909917
-16062651
44815642
-46171450
24132333
-53425513
-1008742
30759872
39458486
21764805
-1246247
25557223
24705174
74851048
-26326600
-20126250
78493752
42597699
75786245
9812441
33412082
51311321
40257730
-29993805
-30800889
-67485472
-10286668
2259009
35452085
-41025056
-20747980
-46436728
-25428600
-22615339
-54376038
-235612
53552621
19586473
-47440044
35078498
36234564
-51712607
60678198
-45258094
-43058698
-11956199
32186187
46090075
67007079
-58973448
-4006819
5774540
12183168
23192303
8091177
16689185
-889720
-33053795
-52872176
-17677601
-58634538
-20223490
40826375
-67919871
23810328
-54483215
10502115
23650921
-2835303
-59856168
-24092866
-26233568
-49947303
25986825
-68639765
6262991
29137413
47714796
-54202200
-7159845
68229327
-45166678
-45650164
-18439597
-23703761
-33730348
24785333
31993717
40149799
-31294527
-47799561
363325
-6772213
-36090406
-28253033
-66003441
-6139279
-40817519
17860972
-4436841
-2419617
-15426525
25025529
-7943404
-60872094
53156416
-34405755
21953337
11507442
19956449
-37677368
-6897721
49382942
15675868
2859746
-22100424
61450636
-8128343
40507216
45352923
-46464635
-22675563
-52768723
-3842452
29746683
18226778
-23293809
-20799285
-35216691
17047025
-2129766
-15135356
45629019
-53188786
-47185595
-67904357
6002745
-73787346
4184942
42731085
24864171
25550585
-17819112
-37994983
44440882
-25200053
-11797452
62948483
-61969385
37754743
-35080822
-10682239
18399984
-50051554
-58387446
-52272726
-52462580
-67828696
17832992
-44693353
-69043460
19813756
-41404224
61590234
-7149582
26842126
28838705
-58402071
47179426
-61754058
31660216
-29144974
-51027833
-3742723
-14985147
46099190
55127943
41655337
70834087
71928404
-46808353
-48834633
24813564
-43790252
48060761
-3640078
63413567
-7014939
27581172
3401072
-52987597
-68473447
414175
21624062
32763886
64517805
462015
51705326
-1967180
13722482
10900957
3429383
487085
-25677520
-40355898
-58705934
11450722
56843916
61830851
49197440
-50143766
-18784357
28031675
-15457099
-37763597
25651970
50913864
55987610
28725647
52173228
-35334847
70819499
40368441
-49070715
-11865089
-61693219
-48339620
-48026752
20141165
36297911
13696706
-18054211
-45324617
-49270087
1537965
-11519266
-72536307
-15368179
-74182052
50712278
61652826
-13133433
42944932
-32118217
56329873
54177363
73680551
41722711
-22122621
-47115704
-60702555
32439617
-39137166
19576874
13340726
-50894107
29800311
43743683
31509697
72378352
-57326494
-52660343
-33131934
-15281735
-49310180
-54711247
34769502
-37297012
57403205
-13765019
62649814
-62142725
-58315647
-18586576
55866036
-13705948
-36095013
61001354
-39803447
13029238
895986
-63279351
-17780021
54715253
58600671
54535406
16450251
-5240243
-52034201
-51440556
21789761
22585315
-62103576
-36163707
-60869824
29765261
16661425
-71480674
50391984
24905351
-25980842
-1563220
-62329412
45291715
14780413
31770573
-18321886
-59135149
29498000
22355924
43524146
34645191
-15577324
45440245
-42008432
-4997636
48032859
-35092394
47661760
-37898370
-42925955
65642363
62672370
-36670393
2105228
8704645
68273092
-21911530
-63121498
-60655450
1235378
-14649320
56838336
33324111
37617816
-18218444
-27577648
-67019391
-48093943
16738356
-34286642
355080
-1152462
34678940
-62150849
-38675082
62702564
-10175877
-31019634
12962895
17747712
-43220106
-66251617
62846038
58502990
-1214554
47932690
-33301011
22655240
-27334806
7281214
-25286807
-65551544
44952366
-41274045
-23871891
40881367
-22297137
10438273
52789774
57334669
-46807375
14569367
62236831
-24524914
48438961
-3421119
-45347790
-7420739
-13777239
58891548
3298994
13238525
-66442597
-45943513
24356233
-39902869
-390471
-31707918
-65516266
-73161648
3066752
-14862566
15686590
-27547640
-45094702
22302802
16661886
36376598
27740289
-40524952
8531317
-33614897
70708488
11661902
59231014
48881464
12625877
-51602370
-18809295
-12075414
-39703540
43827196
1045723
5627481
60255845
63114447
27460803
46405358
48007225
-19331608
-36403078
-65677388
60177201
-65959698
-68105864
-47366303
-70327975
-19264341
-1188451
-63748548
-8254073
-68842583
35291967
-67295068
-225971
-26416631
-50564224
-37060244
-7792069
-59074716
-7920624
-48840805
14027004
54213507
23356011
-51656095
-27853210
-26425197
-7984226
-46356372
65101266
70516584
8223541
54740610
-49367444
15975018
56984715
-1225993
35110352
-55592897
-1019679
-57320784
-43498800
-8622198
43936197
-42208144
29307178
58562143
-338864
63266228
-27333440
45320320
-58838986
-45446340
28995049
20489515
349706
2613405
-59961383
21359766
22272584
-63544659
-46365823
-21214182
29308145
-8230619
-10495086
-24932853
-16374855
-5282411
26003488
36448962
20362218
24136133
48844544
-30771194
72087846
46685783
-12486989
8888617
-10667287
-10019310
67120344
-43215612
-39920142
-35541431
-25402750
29429031
39937695
-1876475
-19697142
-19722394
-5217029
-39147006
35978184
59200903
31756095
-33692811
-58195410
26631370
40794019
-65698691
57606352
38015839
613821
-58035783
-69775259
2933268
1286353
-72518281
-41917304
-22199426
-68391550
-28806335
4344400
-1612790
13342555
30797661
-39467217
19722222
-51337879
-13813445
-59587822
-38213768
2704785
-634287
-4763837
-37427963
-43109168
29281427
26850497
-233844
11639377
-47492835
66586574
10384695
37137899
-55490073
17966760
-9852357
54086590
8079222
-30372702
71900113
76044242
-17704925
38770441
-35252184
-34555392
-18907890
47766380
-3040677
65188867
23435202
68331125
-58553625
36183431
161310
-61137186
29509512
16619435
1879748
-50074405
-22723201
-26165981
-27877073
-21785709
49400187
-1465797
-592539
-21881748
6264620
-25539551
-236253
-12990042
-63181788
614162
2911883
3145749
53475404
-49049582
3400609
36329916
-34094181
-19814217
-14564891
-64120282
-60144983
25423366
-30655732
-60405324
25953796
-4396778
10293232
7927574
33134296
16208085
28994001
22576802
-27618881
-45109210
5412944
896438
-862899
-26010085
37655529
61911123
52460019
-42980444
58651378
-60125127
28820333
44848302
62770151
-10602295
58348377
1135666
-50795617
16735343
-33626553
10346009
6378276
25267849
30684977
-41326261
37139484
-49679942
-10104720
24107161
-57306388
-16671071
-10155850
-23027716
12069136
48510013
57358877
-52155130
-43722975
46323482
-4020796
-11973805
7908768
-54089375
-69064843
-36723406
56816484
-13191241
65256743
2843981
-5650644
-1422647
14575427
44819427
-40193863
41077621
13393366
5835646
9548875
2651335
61654397
73708668
-6663466
-15142572
5207076
48298581
2941723
-16592081
65077452
10851752
43146520
-12150707
-5644018
21691950
28095070
22198065
-36873721
-15193387
-16090220
36249628
-62582596
-11944764
23677766
50165949
-44208193
23646386
-35378238
61378328
-8649345
-16947734
-51641736
12100175
14724652
4384617
-24860387
15209169
-54735741
-32263681
-59523456
-39048914
-25292009
-65340568
40497461
45709625
-55257696
19709616
-48648400
-16545242
10348902
-5293290
-47348969
27916933
28646825
65335284
-53558873
-50385132
-12580038
71496317
-49950035
40310722
-7218946
19417355
57867413
58692849
-15555292
-28459286
61898928
43638985
20301095
-26531992
5095974
30807680
69744575
53284233
-11004144
-15493493
61296514
-47385837
55780561
-8212956
45530578
-58437056
-29386105
-17842544
40273451
-60203419
-9888787
-43056244
-35604684
9908660
7911872
-11771331
42271607
-3091363
13152566
58925775
9446928
-55168825
55912585
59941675
70669384
29358454
-10041214
-41845380
61483217
54810399
-811691
-46143859
-37850496
-27244239
-35385428
-14616275
50318686
-2409206
-53894128
-55180250
-65903221
53865359
8521281
31505124
-32028362
-44701804
28176235
7668474
57901641
2265464
-59155404
42621834
-23775966
23069449
58483291
-14473130
-57632782
-22101811
-3201251
-17617827
66739700
26930206
-49406534
-52236544
12931463
-29544596
7012804
64079298
43756572
60214798
-30256246
-37148178
-24904051
-18151262
58173198
-54100706
24942494
68202675
-16416763
65081454
-17555073
21023010
-19046653
46230438
-59546971
-48550061
58733900
57698085
33777068
-25445100
69672350
54984605
51912674
42149005
-39359874
-8300499
-21910705
-15164084
43308179
-17986539
10772176
-18245799
-20955886
-40404153
36055578
23445174
-63266689
-71233397
-29492247
-16858853
-43056699
-2687444
-8260372
10705118
26404056
57469123
20739232
-3999807
8689416
-14086988
-21631872
-55674619
-20477946
66989131
71878312
58210881
-37750854
-43832271
-6358731
-36833483
50239415
42494044
-18070583
32249095
42249900
-17390303
-2546632
-36041106
67931967
-58396981
28055039
5465919
68771745
-16529444
45959700
50450279
70030462
70605012
-8584091
-51591143
-22403393
14296982
-46592433
61451432
-53928615
-60301041
-38992340
-47357778
-41661446
22738196
10973461
-75000044
31408479
27756706
-57174456
38294864
-60386790
53774710
-48807681
-54197377
55039718
-62887164
-4241456
6688699
-42505219
6893263
-58826746
62414521
27003343
36889282
4448574
38667974
-37397392
-15539327
28542314
-60310713
-60698707
21217905
-473545
-7729799
-62209389
-68652200
-71102667
-25327932
-61690860
35916747
-42828161
61243353
-7202587
11683859
-49165817
-34356690
-21638382
12753753
40613121
37080071
30856420
-2248077
-16118496
57203711
-28675722
39257039
31413964
-39087834
28555314
50811325
54721788
38493007
24792583
-54390073
27121009
57056038
38132302
-9866417
-46033780
-35882095
-20418458
3615987
-15807098
-27658896
-11746284
11712317
-42390202
-13852789
-36628718
-16442855
-22272461
14236376
-68473199
-43099857
-22933302
-19174884
-7640227
-24689480
5129352
37183100
69090452
-14182190
-61617167
31995451
67883013
22416736
-11476410
44643861
-37330289
13132380
22991466
15301631
72715687
24698785
17379184
-46473255
8033377
54651935
56362970
-33844754
-13449110
-10097239
-38184353
-257379
22604586
5489813
61279303
24406306
-23523340
46302468
-15617163
25237182
911387
-30238129
-12402713
36661086
51081758
18470541
-27290806
17004521
2267273
38327030
65326229
5331982
46482448
-58890753
-50286643
47746314
-28206493
-53801615
-17472727
47372733
64217364
44315243
-58716537
41332515
-51572068
59363434
-15860492
-15353217
-19876237
38706259
67290619
22719098
-29916695
-57305204
-63893222
-11850223
-6440073
-33481782
-19319449
-479991
-43821016
45835949
-60395994
-40029539
16813752
44500522
-58890431
-31114219
26264131
-26168725
55031764
34318762
-14500581
-6253016
40955248
-10874648
51379836
61105928
68113211
-2306178
-32778799
-7188601
14440796
74520727
33741653
57662952
13581789
72019648
-46482233
10295623
-7101013
59722940
63836718
7947559
-26880855
50520815
37548909
-9826208
15525947
-64776889
51925352
-44221757
30588781
59063144
40085900
45982057
31821394
-10305491
-2146385
-57689628
-51251710
-4543679
6349282
-19554134
-50146402
-12246036
45085894
-62250023
-25067056
-63006421
-1520149
-5898439
60387761
20349540
64027978
47343249
72524813
3127225
31668882
66772810
-38153966
-48491554
-1073847
1382595
-5579950
29394817
-62877156
-9953286
-35162335
7299717
56501125
15055889
36103754
-64518605
-71453348
-51872195
-4403189
-56663710
-75749466
28178844
44360451
-49194737
-2071948
-52816786
-59553489
22347500
-47146329
16497275
32978276
41156330
-35279472
14549800
5523762
26944774
32078007
2320493
-2626365
-28302896
-27996629
24100202
59049247
-42400760
-57120008
66597630
-31299183
-65417906
17484435
-7328424
-43802438
8117052
-46483822
6563960
16599939
66680642
-51511457
-17053365
66625332
28462929
-53202682
12307821
47162019
-52029090
24012849
-19815502
-36309873
24554705
17748001
-61524297
-64815092
-18126694
7501436
-11931139
-33417975
-71290299
-26085469
-11864178
-74225587
-62786847
38599317
50817636
-66778569
48535679
-26105101
-37169872
40145561
-34588523
55315396
55190160
-30307649
10453949
-28335530
-13555610
47697456
-15680036
13691876
54038007
51718465
-45882476
37850865
-9005548
12524760
11586420
9264818
28779665
-60190026
-39048354
-29940211
46051885
34005988
-12923410
-1502926
26514936
59727437
-3344237
32793089
66698805
60755836
-12283631
69316365
-44430751
7608449
64544486
57080284
54868702
36227305
28769543
2086523
13114101
40905829
28613203
-4800405
27525225
-59072226
1741388
-56309734
-20112491
53035634
27454992
-63459010
-24667833
-62384879
39445693
-17216166
-66778639
50804712
2979688
56274709
-19966915
8845651
-41033097
-20120491
3583311
-9895725
-29601332
-14875516
62942889
53858815
10278035
-50730852
-42334358
52051489
-29330133
19437082
-59897794
20422063
61326564
20594176
-14530699
-3228386
-57105682
-59503838
62909801
-21648840
35633654
-55968643
-17933411
-5879117
35390998
-13471810
58241277
34761219
55628539
-52194238
-10207736
11892400
32993498
52788380
20008279
-19940284
-56168931
-47516775
56193774
-61178757
55750704
-24282533
-10902275
-4256266
40646992
34191711
-62525790
-11250950
37386498
24455415
-10088102
3730100
2116956
18521000
27107444
-5699839
44068484
7365727
31914293
67922682
40143388
-1499593
11223382
16436859
-49226397
-1654168
-63201862
-56728591
-25444476
-25568443
-70597371
18985196
4689609
51067240
-32614829
20490360
-33690739
34524982
59063790
47855978
32977661
56922763
44608048
80054710
56650065
-46538822
32811579
38111047
-56273095
31421421
63924974
-13446504
27721237
-22281621
-43936429
25804426
12362613
33001663
-13487724
-41490223
-74644144
-37074018
52348529
32023297
-29089170
-32312498
-4193871
-76643624
38939111
29171636
36783806
20877522
62645638
-21019758
58115397
6024155
-26630382
69943315
29035752
11956301
-46978285
28814885
-35160760
43320267
-51861123
-13394372
-12629083
31918677
-51769630
-22986396
-7209589
-1427141
28044905
-70669551
60491896
60247080
43360587
-9324445
22100420
-1630640
4641357
-10958904
-34567300
-5594492
-28463104
29004205
-4893307
10227100
-34809155
-16010081
-30800256
36409712
-8934840
-52436770
48657617
-65188291
-16554004
-56310475
16100220
-65187569
-5799462
22215261
-72050074
-12019550
-55575305
18416500
-24547550
-54207147
-33188975
47331827
43416342
-47298439
38467243
-22907730
32774454
15798172
51716307
43937727
40516245
58850994
46899470
44257990
86436252
-30619448
37690354
24163876
-45583664
68748596
-39429194
-54191647
29113784
24833939
51515531
1673507
-60193960
-66817455
-2182207
9541507
49027644
-61589567
34202337
-71787154
-57792997
-18914733
-34528809
21565894
31078985
34583321
-61833294
-70624347
-32967780
47843437
-42510152
-8153780
36814608
-29937567
17932059
70871498
58721433
-17864907
-46015660
6967501
49468261
-11259360
70566498
-10136862
12564068
5284307
-7637519
42273323
38285643
31866053
-713212
33179172
42645585
21577563
-15512514
-63607424
-48649963
-16127017
20898293
43773857
46043995
-68848543
10510066
53327128
-70159013
1392059
5344223
35096534
-67342901
17059260
-49173043
-15422666
-6570851
55946019
37537827
-31485327
66347174
59454252
-14157963
-40515649
11203526
-48235702
-36611259
-4205913
22643930
67440932
-27290736
5049248
-52946110
-47892822
-55243272
-4664151
-32163609
11241839
-52563092
-57141423
5139581
30629734
-63851823
-30297650
-18057847
23608831
33215414
-13305524
-16646034
-55490558
-1432483
28312030
-9431826
-26655614
37124390
-45950037
34415611
-59785544
28045083
8918838
-16827910
8616552
-52775852
-22630132
52056924
-8051422
28160519
-29031926
-17253284
-55838631
26672383
66593611
-19903756
28190877
-22726181
43631242
-57127186
-36017133
-45620025
-73229569
-20243237
-76490569
20540475
-14337432
-70156567
-45837797
-18333604
11564055
6647504
38521056
-51876028
-45382006
-58248810
-37838493
-54377435
18539324
-60525606
-39632449
38397167
-43530855
-22093028
-54770586
-33333142
15692217
-65623856
-15986507
68120383
55365025
-6640126
-811531
38232800
-11588581
53157815
72921572
27110515
59138082
-40793671
-47587717
-9730769
32932306
-43399856
11446743
-25212047
36899657
-29504923
63038633
63347935
-61441462
-3664526
46895595
-63423582
29264729
36244509
32811446
48992077
-53968594
-57603125
58758858
37117486
34129040
52667490
-40301276
28608586
26080436
61199217
-4112631
51291251
-6846618
10060863
23213508
12638879
-18930266
62786164
60128838
991605
52658534
-13885903
54598446
-7908602
13541989
24087281
-30607944
32621731
-55837189
52136407
-3392067
-25090120
-71673403
44552845
-30268571
26827408
-34696381
29280618
2168987
-13438915
16053302
8421026
3927192
-40082957
-1604144
19334099
36611613
-63517529
-41947299
-56752828
53770062
19427468
54382792
54715306
53003742
52422159
-50285850
-42212865
-7118208
23000242
-2106165
-55405299
64791093
53009346
32714210
6914529
-6970402
-58501639
40951389
-50136181
-62802205
-12869343
45447790
51159203
45757235
-1687156
-2239344
-4318382
-67269865
20812280
55273103
-26881259
60907828
-4268802
35327422
67529844
-21664166
9551273
-19187269
19375171
-59502561
9058698
55024226
65000998
38375613
66585397
-2730047
60685673
31381532
70834368
-35120385
27902350
-6732865
48222852
-25706969
-50718401
-70503194
-24400836
11131245
-59317983
-75908336
19716226
-76126435
34580166
-18779491
-77791796
-31052819
8098655
-72146329
-19396940
-77947858
-10929244
40599650
-46306843
3178559
63341281
64313609
47731720
42935213
-13476589
65238439
-274115
-30664385
17021407
57946153
46139690
58164627
30068443
74975821
-1385542
45512331
26738497
61403192
-39546625
48549806
42080136
-44814386
11522636
-9374800
40432940
25179827
-41928500
30276816
11243151
43920665
-46355408
-71391090
-40539270
21711115
-81627849
29386282
-39568405
50685274
-15293508
35603758
51275437
-17887385
-43277817
-15639041
-44156038
-21721728
61994116
10382934
-36611667
51610134
-9960277
68392248
-47915007
-22642393
15209393
30668507
64993862
2914997
5872285
-59126996
63237964
67420774
-55817668
56641815
-44276707
47936533
63327297
26579988
-5272711
-24072081
44817741
-17563056
66683251
21560534
19794596
-2783291
6884024
-57936319
-63701752
-63704838
-5568589
-22046410
-17971628
-76415097
-49322666
18303829
-37400757
24742086
-20520659
25572629
-39152327
9845141
-20755274
50369627
-48130541
8017082
41678982
-37951003
20614744
64894219
-43222007
-8535336
-58407834
-66380315
41258155
-48539051
-32139224
-3468658
-30413648
-20442982
-42322363
63665560
61338973
28595618
74205779
63991717
-43041047
-37671817
-40125374
-51667992
-16187047
-5389254
-48781476
63806632
-28748818
-33032746
1416830
-70423037
13943945
-9944731
-1742752
27266444
-54805127
47759481
-23073665
-40010034
33244815
-61873083
-50142078
22317909
-26833134
65594230
51910542
10863966
41122643
21143043
35184591
-23522900
-32243767
3464116
40579866
70132
43235823
61948305
37155544
70070151
-49553723
22984169
-28499004
40977853
18391102
-35100315
-17763391
50745134
39694656
52819909
47096161
20565936
-62141236
-65301462
-60125201
25255738
-14425619
31583444
46266784
-73118121
-8732355
-9619575
-7373995
11365095
-69130604
-3503529
-31298676
48199119
16105103
-15663322
-25372924
39823185
4152130
2773624
-26448137
50626621
2568686
67029731
51003422
76012610
53276265
-15268950
20949248
70427721
57664135
-42986396
28973307
-2609907
3243121
22708050
-14785117
9763001
-14545945
-32726416
-18071625
-28294653
-67688215
-65098492
-30610311
11525845
-29895065
-49902664
-38744245
-82716618
9946007
-46579744
-56682788
-9338810
-41965286
-58374967
48283413
-44811558
-26393265
49418453
68184695
60351553
43631720
41892671
22325669
-4066235
87083100
-32895225
-51488487
-16069175
77012181
49646163
79183405
-46908933
-29339042
43019831
42166548
31898362
41518413
-61414044
35207714
-62032307
-43016714
9389266
41320284
-74877189
643274
-75036567
3043711
-78637204
-41637471
32410433
-73002420
-79759479
-44905717
51464507
57785987
23808097
55541559
-63521101
-36484218
-17797703
35438924
-62791931
-35420202
-30245135
205313
-58541430
965596
-33729122
-23455945
-1854544
50215023
-48975046
26809425
521221
10851658
15817953
69104212
-52654915
12596624
-35209751
-38951572
22096751
20771219
-49515417
44955099
-49815182
999999
20475162
12128194
-49489589
55822180
15454506
-62973979
-31249185
22095012
38973333
-16223175
-30922942
39875033
5253822
60140601
59529569
20179786
-13707547
5987631
-8364874
10333090
-16090030
-64656034
-2034540
-57534230
31507530
38146425
8727040
67280113
36787396
68737817
62116462
-36368024
44448146
9803377
11229366
59157897
-13998154
63854780
-3480789
-40954771
27293641
62205526
2620152
-10840220
61438626
46764542
14647956
-41371760
10372027
-22480189
-72944755
36283554
18066882
-58627197
-30968660
50597078
36127765
22728455
-61196327
-33937660
57311497
3605294
7223372
9656719
56917036
18599284
-306286
-19943564
-40783193
22283471
61851931
53398147
-21516524
-13801754
11548125
33049652
-4169908
58331733
-3699527
32514364
-13917270
3780021
-59522764
-405892
9225958
-45320623
-33472321
-5475994
-65019205
-66806787
-41215339
-50605703
37516804
47533108
-66625599
-46318725
-50875041
-27404873
23051261
2811425
-40357138
53679277
-9141325
4232736
-59026602
-66246647
-32598510
62023662
11092559
-52941619
-54350099
-55353313
4869448
37603251
65877360
28731649
-57495080
-51882957
-4363172
58564349
7826530
-39695923
14623068
-58615874
-20828973
43372144
-47338500
42290397
54788437
-35108583
-40186435
-38835716
-60115713
-66650556
-47668652
-61758356
-27584833
7903484
24841554
-52870199
-44476843
22266382
-27651629
2020292
-62904192
7047877
8416503
14376696
21046482
-20185720
34004962
33625908
-51460514
69081575
52125734
2196704
-40874453
-57631215
32648906
5197530
62965282
-20936864
18687798
-16205503
30097661
-11266491
16708342
-49940757
61084029
-55583291
-19097228
-61717309
-53591767
-62751004
-34073768
9342767
38075778
50392888
-24394122
-71974059
17993920
-8296674
2161084
-69121494
-55156804
53564615
-35832264
63593252
-31231047
-14909301
55584107
-10953807
67651900
-24046061
-51352111
23948848
27920723
9101239
36512519
-51618137
37976409
32672334
-38411865
28572613
58299569
-55121301
29997547
48237828
59301896
-50712089
-58098616
37459248
-57364181
49618870
-57697422
36302735
62721218
58860057
-35734267
55074883
42190190
37793047
-21357097
51647065
27525919
138794
-51186331
-45619355
-10804629
26759328
-12842909
-71928450
-4861068
9575577
-67673064
-54169390
-56172709
7333708
-61559072
9646072
-77213935
-68569131
-39903201
20933274
-42419017
-28848623
35016900
-46418364
15862630
-36249849
28064041
-23347081
-3269896
-29701414
59726258
53162952
-51775197
65255584
83525325
46320612
-34290314
31986048
48810310
-26950455
61125421
30977081
-41802222
11824640
-37815114
46088435
-11394719
-34902849
61186274
-35516957
50917664
-50322091
33304583
5851611
-69430303
26970926
31765186
60795799
-17041242
-18221339
38527552
56910707
-53589109
64352201
48887053
6769525
46644353
12670926
-4251050
-63916747
-72005995
-20774256
6032672
-16128362
-28902296
54442769
-68327827
-51060597
17441921
44858954
-37207484
4931119
1420115
39075870
10268349
40772144
-11279214
36829766
52587133
-52859448
-28696462
12451995
-63231649
11548769
-32867324
53420712
-2077404
-11254678
-47006719
23756330
15275608
-20122060
-64608792
29657279
-49322448
-12764799
18431221
61372838
32066297
15184854
-11473298
-37901332
34669633
23211236
-49672905
52040390
-7422541
1318939
71062620
32780326
-23542653
-25966437
-21707104
-7087092
63202286
-35373017
21741706
45282821
-49271172
46571154
-11888799
43885843
-16645087
-9556910
-69081816
33577215
-71446982
50708159
-71407995
18786803
-35138309
41998202
51594775
2895573
-50022988
-40941068
62727312
-47175391
59098499
-62783427
-5438787
44946149
-38048485
68129445
-58156578
43396312
55906460
16795755
58669349
41406250
40900720
66812154
45904556
58517841
-24601945
14529337
64079903
32186539
-27353198
-44965551
-49526552
-60965245
49629965
-61499018
-49447572
20119249
25533359
35724858
-9130630
9980983
38187314
23004906
-55861056
-28468533
7660303
8461011
-14295411
47194516
-53867552
36066066
7017417
-39280014
53553054
44031551
-64089138
-67695536
-52940815
61619324
-34798915
-10952820
-15474639
30031177
60909842
-11107603
43125902
68429848
4181628
27985018
69758173
32809826
79157910
-385195
-4036403
59042864
57696344
-20458074
75044809
-6472961
55569411
2888300
-48881506
-34393953
5442420
9156977
-36394110
52268515
-72853754
54427509
-17766669
-47554970
47213580
-40774526
22218141
-48770516
30323578
-74640959
19418587
4035342
40165600
-4441185
-65854920
19580321
34290965
25846378
-50353335
-26342948
-69635933
-19645562
48694027
-41598590
-16309218
8023713
-5693280
-47582425
-52103646
1774980
23468123
-38785090
3033627
43202995
25975985
13824458
-28327347
42500932
-33912122
11207915
52063402
37470387
54898811
-1000243
28159203
27659201
48733123
55251588
-30199672
39819415
57225424
-59468603
43203983
-21161265
-18282969
23408704
25128443
-53252759
-22623280
3708298
29433557
23684389
8179898
44027483
56807668
-12865481
54547511
-35395823
28408140
33286436
-62439251
25439696
57104255
24182627
48692632
8544439
20207444
10578011
-30524454
62994202
32389603
9107735
67671156
-32879578
7538529
65490371
56290376
59155925
-41001019
1051841
54564940
-55217707
34441436
47496229
30632943
-37760965
34865103
-56238710
61680369
-56030861
-4590350
-15525731
-17505003
57020558
22650033
-39969498
-6185263
-33584090
38992992
-55012031
-47872450
58580177
20394116
-66620102
-21802398
23245937
-40846390
-30297842
-27999429
-12994899
-58374394
58808848
35921538
21109310
44843623
-30296875
39300991
26200683
66798907
62893478
-6376229
55707046
-1558181
11971153
60601469
-26971542
43575296
62160198
-33156497
-26421215
11332381
49339674
9695050
64526631
32205401
-16208923
-51872601
33082510
-64393814
-68321948
14786625
-47429277
-48309866
-45216549
9611796
-41244218
-59394145
-43771562
-39181265
7002957
-72598146
24345318
-11436695
-67103642
59460411
24459607
-6044242
-43422000
-23674575
5461160
19728885
5589882
-28470334
21780309
49245097
64343302
-6987697
-21244165
80748676
-5826161
33173314
75629879
1639094
36275698
-15370804
2376965
17400024
34434509
42945780
46064267
-54728939
-6110443
-69923176
-30686125
42803870
11630039
-24862164
-8569168
-39487884
11160790
-54531365
-30246736
-26137495
-18340034
49133872
-60047492
14923778
39425414
60181733
19793135
42558482
-24171239
29432406
-20177959
43972455
-32134672
-13335448
-35322363
18999193
58561247
11444585
-28073496
-55410040
-58389663
20014149
-55314896
24564013
-52439008
-6545139
-2274949
7486375
-19919591
-16474113
30125961
8283874
4817200
43331241
67318092
45487091
45524009
11709674
8867691
64624024
-27015896
4946030
-16623956
-63290109
39532808
-42173306
-6265619
-34018935
50056279
-27041732
-26143006
-56444465
-20094273
-78651777
11467279
-5784527
-65669378
-63800219
-46030988
-153807
-73430667
27683954
47001234
-45248487
60211090
-9428948
-48668490
-42847919
68135924
-40263581
42848709
-21085629
-29431457
-60295178
-52865686
1491921
40608498
2031563
41172480
-35874839
-54931939
592330
-39061853
-47018700
-29575131
-70140582
16781507
-45167440
-44085676
19966399
-2715199
-35240627
-34694652
34889220
24687261
29843637
72745983
69644628
-34561630
-19055443
14006540
6415952
77341833
4753343
-51899190
-56735101
-4859516
-67682226
-65846423
43757675
58213462
3379537
-17374043
-57025190
-19747996
-14094207
-17103063
38515680
22109820
61658387
-18682285
-54965142
-11859434
14862400
34284790
-57474287
-13220746
56183085
43893636
-56813572
38994497
6203174
68667222
61335208
16973073
42081889
73751677
11214400
21637179
66375897
-43373561
26539268
27303568
-63638844
-64328088
-13618732
29859833
33072685
-69534569
-15809811
13288903
13357307
25589732
-60682807
-33927326
4902503
2034949
61191043
52351029
6240652
13353883
62777921
-53136077
10844048
-58137719
10731833
-47204538
-42707911
5515721
55121669
-13037344
-29777750
8283361
43468507
-60367787
-51333288
-53336165
25966794
1704970
21275865
46274681
4801592
-16985327
31510254
-32296392
-24513975
-59529391
26790682
-22451907
17816393
-55154183
-37849735
26027377
130112
-33240120
-20417827
8054327
-39152268
23892727
1268967
43834769
17369813
68128197
-59762464
15446290
15786216
12939703
23170514
-43970432
9977267
67583990
-42412379
-34760562
-8354511
30981960
-54579637
65816289
-63891803
14614395
63027768
66207850
17645087
62468046
16323685
20989506
-4723875
64242333
-30376544
-58591988
-27744297
-30459130
18648454
-29906092
29832664
51950635
7885553
-26274092
-18345505
-8718440
-35566870
-72956951
56044770
-2901770
28303499
66391960
42251985
40906436
35726792
-49480251
30423317
-56900407
33700405
13156931
-12673218
69079512
34684419
54051602
25131957
-37602571
5940766
20808511
-46369344
39527393
-32084104
-24861501
-59177500
53143538
-34677385
59635036
-48343095
15472955
-11653224
21394983
37924456
51026654
-25224123
51225425
16991663
50831928
65032931
38235167
71361844
-11735603
63233367
27561393
65937033
-14175985
5041108
40977011
51633701
4449713
35603794
-61949553
-12175089
-60734103
25083586
-72046236
-45650376
22464865
-35482729
36467622
18280261
-15005285
-47596840
35944031
-18817415
-4410497
-60902704
-41886847
25568339
-16892890
16575523
-26063215
23746791
-52983787
-33751353
-4943695
33148529
59749215
24269559
29342841
-22306990
49730398
62418801
-48272092
-25912897
-6059147
46934488
74804112
3861350
-37167951
69483357
55506895
25190714
-55354660
-61987241
-53596166
3312531
-42187117
-51056734
43647366
26235204
-57878452
-24727232
22074657
-14498141
-27178794
-49307502
-14117092
14734022
41945579
23854822
-5254912
42062487
-12519256
-25545658
36204287
71025792
-43140788
-59641401
53251227
72292313
-3259141
1590123
-14352643
-17204842
-6205054
-17358399
13399543
-35759253
-51581342
-54140756
27505660
37653328
28332122
-67981931
-15857452
-61987051
-76043370
-12236518
-45303613
-27914621
3708824
40848774
19356741
44590367
72889491
-37716494
10329589
42330165
-36390324
15005779
-29350357
-6028094
69191409
-48240778
27756256
-28032961
35270068
-52967973
-38799016
61711525
3835314
70524838
2963946
4733603
-46807633
-67735021
49697690
-44028940
-1860441
34662121
40613403
-60450142
41055070
-55440421
-44096457
-51082398
-49595057
7647178
-46804340
3793153
59175509
-69242816
47675213
-30311118
-50155290
-62177061
-44933757
-12735234
5142595
-56873541
56548775
12379999
-31537094
22818584
27995032
3623746
47008709
71838619
65718487
-35381571
-279370
12433567
53850582
61834683
-25596240
34335919
32129646
-45858301
61338138
-28872877
-60174644
2749510
41594477
49365861
-42089198
65102982
33136663
-6684496
-57466488
6094996
-62420060
-45781148
50984844
-6247012
-62157181
-49128919
-5807983
-8518492
51967708
31973402
-32969919
49728119
58731854
7168683
28177446
-48226139
-63245519
-30086372
-68094803
-15029580
43088559
-36748297
-59695710
-56087194
56708855
21558166
25025425
5961426
27693744
12535791
50852344
16255183
-37137742
2894652
-50828594
39480230
57051715
-60568671
45010038
69402026
11504424
52891113
14107724
-42372838
-68190
43563039
2241892
61215139
29832406
20315598
-33527844
-19512714
-35589939
18673627
44185463
36368023
24274209
-51060587
-61488862
30926212
-8188432
-39028329
33767751
15346814
22960471
-63439093
-55133065
6350972
56421907
38459570
-44323694
39423062
26984921
-25034664
-13179762
-49444984
23853115
-55220214
-3947737
3351536
15421257
63907373
36108543
-13766132
1033068
35142153
-24597890
48791687
-33684349
-27257741
34894388
69011486
-3724286
2029534
-11805529
1932316
63490564
69196144
65043154
-16740853
-33143411
62846992
-37288565
43872694
32479873
24436044
-51170463
20935020
8843905
-18396612
-57990977
-3312619
-48471289
-32517878
-77663106
43436805
-78121330
15169707
55067937
21617881
18634649
53879868
50398768
54073110
-23061052
45212690
8309862
54138396
78069942
-35151356
11977367
4308531
-49931699
-9898829
-15058655
34053905
46687683
38767493
340017
-52274031
7596436
-55571999
43265577
-58217935
-56247330
54604063
-68039842
43724634
-44987558
17907576
11939006
-18192323
-8384433
7135041
-54942426
-41860530
35472279
-34337057
-68570358
11210680
-72827213
-23411725
-42078461
53887335
-67972545
-35179756
36381793
57539490
-58394915
-8444514
-23492810
-1962992
5128019
-16197039
-50800155
-42242970
-29191602
-4112889
21417287
11028461
34249681
-8208179
-30072321
-461529
37190758
-52622035
-59691953
48650079
48893303
-33673648
-60106328
-68133787
-63103921
-23084393
-23286117
61347627
29073133
66293019
38951593
-54267965
-61886162
-58591616
-60773321
-22911638
43671841
65292668
46671950
22130790
51363077
4896678
41450251
41250188
-17279486
-23529900
74222237
18644980
-47031826
39410278
39788307
37335126
-54771664
18519156
20396953
-37912449
2799143
34185674
-33684174
-4757180
13852051
55701797
35236912
-44526137
34349452
42537968
-41333718
35085953
-44744378
-3452578
-67820960
47732388
-53954761
27580630
-17657830
4166512
48798971
26485759
-26969171
-33893247
-57602497
-71914165
-31616278
-34917841
36928245
-21146849
-9771930
-7672770
-60383585
55997263
-8504273
9666172
-23780753
-62196919
-64320872
28055053
28547168
45593120
-778661
-49009450
113305
-14123166
3016256
-64998896
-45171343
-66279143
13016466
14526803
57017785
66177125
-54068475
-13320084
29662554
-37767313
61034920
-45024494
52895480
-7710507
36653508
-53544891
4508022
-34870796
-39024719
-15312941
-4342401
-53977763
-7665550
12066486
36493644
-25219131
-10306179
20345953
10983514
-59459961
-1875574
-56937286
8782072
-28812774
-4539052
-47319683
-23213873
-33191390
-7309627
-46352399
63136643
34348307
-40580590
38061434
-17067495
-12363280
-12707366
27211021
-45160048
-19955098
61122360
-44348358
-57681169
-18898628
-4704404
53061929
-37255303
-32152003
33089020
61105742
16881467
9917512
48602591
-46034588
-15297611
-45625687
49736088
4588720
-7384643
12572449
-55435871
53102694
-22745138
19953990
-7577899
66046011
17303613
-35559548
20430575
37877423
-24700859
66164469
39947387
-17791996
68705472
60133727
18833301
-12874855
28269852
32042024
22794483
68299399
33083380
-11663618
-61060279
8647461
64485582
-53098692
-36577941
57250689
-705186
-64505086
-44784403
-69597350
47879263
39077258
33996891
-26418287
34632139
25333814
-52574413
-68157659
56533712
-66883313
-12663146
-68207811
51939888
45654076
2510537
57370106
60785268
-21100917
8691151
67184301
-46846320
63160793
-5790854
11838261
-54323886
43549574
-22539628
-48112952
14549924
33409509
10916202
51484215
-11544797
-21441824
-14911669
-14956497
39716409
18740587
60779931
7435197
-44503646
-29717943
5073572
17753064
-24813018
60248740
19465995
19319434
-39925574
17199528
55260062
31234017
-42920033
-11699314
5585291
-15403631
-10716258
63460435
-50413445
55436780
-56041506
45279679
-58211255
52368838
-12875381
-19426627
-15752067
53717831
58568976
320977
-13315070
69339173
-32898095
-61386080
-22053913
21600088
-69884863
10339952
-10920377
-55850220
61563742
-55702436
16450693
-27785605
946875
-18302189
48223618
-62563521
34690542
24270007
65960331
-28507007
50067786
59868986
29001663
55173050
-5362028
70103260
10151516
34432007
-53087331
-37194874
-64225037
-30113554
39192736
-63950721
45620562
-8105793
-55171461
-42559725
-19520297
11439614
57789282
-2886153
-51540072
-72272572
49794977
-48215827
51769233
67313852
-36607063
-62693083
-70345347
-16651559
47281737
10419153
-9396108
27617934
65236245
-59399598
3007590
53092020
13097159
74300689
64942418
27091025
-35498742
-40476721
60586727
-23627402
72544013
1120078
67930711
20489154
-52116084
-63104453
-23538124
27637220
-23246702
47422190
58578221
49937694
-43903749
16434196
-2171501
47443180
41665617
-41439781
13680615
-30904314
-70626709
-31299234
-55264782
45726412
23555808
2575526
-39953449
56293632
59941749
-46972880
-43310626
-56303631
16702934
-1995241
-27964159
46378906
-42156056
44768932
61277932
25704939
37608117
56943974
-16620202
-56033811
-57302467
11536631
-67344616
24282848
21142125
45795799
6658946
63562458
-3536177
-50714341
21317338
-4900754
-30054940
-69954795
-70230522
-34253147
-22876930
-33911860
-5230575
-1389788
56086526
45957567
40538519
33655795
-47164836
55112449
-19150010
-20287276
52310979
-29295521
-33786310
-3918687
33624339
-51943198
65184254
2872205
-5962772
-48541420
48297398
9613501
-10447523
23998537
-708346
-20936043
47386565
52009344
73553294
56686335
63318987
3497801
-59562848
-51001504
28777113
-27648783
-31701536
61815878
56528860
-14795046
-38956948
-47794890
-41220365
8908030
-2702232
-56330395
-12666950
-12352166
-77189507
37213229
12392189
-58024720
-25876143
-16263821
44868958
-69902239
-9772111
64760138
11523462
-18739748
27901302
-41068028
-28658247
60708023
28979766
-32354250
-44139104
-61406571
7414016
14334453
-1466688
-59613688
65875743
17582745
15820864
47415370
8861260
-33711616
70157461
-36326226
8459110
-24073088
-5124158
69856872
-27799538
-12106338
32145203
50246468
-64809100
44028516
66623296
-63799609
-15602464
-2849022
-57464110
-40440818
-9816005
-64894268
-26851817
-22064570
-18352143
-31069247
-78340619
-58586981
-69337328
39267480
-10610041
38041875
-52486702
-36039534
-22170161
-38854116
1526621
-7371554
-4438775
-44254829
-28263436
43098431
47926729
71647464
-46580359
-14132313
45339367
12281914
-37170512
-57027638
38269261
75136584
-13678563
69458531
51289392
-46959926
38089096
-49038465
7522678
-43527982
33824802
-7363153
12971362
-35075102
45784757
33619595
-22968921
8697913
40243539
-59275904
16611132
29809382
-25950795
-50534047
53761367
-368135
-36904091
-59630489
13905758
41182908
61904811
28810029
-10356511
-45682320
-57794871
7138650
-51659098
-40266483
53599378
-14748262
-56206905
-48845255
37727085
42467644
-16458076
25805787
-20187038
-28045531
-66355180
-44388407
-64975161
46319374
-23826791
8862127
-7706113
-976247
-16132088
40733602
8841912
-30325793
2132244
-41194215
59523813
20054335
37172384
10632456
47361192
4953878
41707096
-3506234
-22250138
2292874
-15363150
-28260444
33512035
-13592601
-49015237
63378840
-43087562
-7511199
-54256684
28528760
37238814
19963557
-66867610
-64687676
55673848
-53867670
-33701136
-4802584
10751962
-31089052
-30897917
-43266996
-69400760
48565779
-30802739
9888265
-6600918
7966192
12621179
-45469408
-61409389
-41014069
-5261978
-60614736
-39362544
-35180110
-57394286
60206466
18656073
32028447
2900102
39384092
-57260937
-8732235
-54778342
-33783312
50992580
-312635
-3664759
-5293582
23189180
62157197
-13743352
-38584896
-13781860
-29710058
24683116
47879484
-2858380
49034384
24573452
27439922
28581902
-26770158
20886703
52268333
26491359
66913522
-36925086
58058005
-29897221
61038963
21438147
5340794
36160528
2406127
-50458812
59062906
13000897
38493213
-35683517
-53098101
-13381439
-34320457
26337559
18928850
61381811
52188723
-57181167
-9369069
-41482476
13128717
-22615561
-866440
-42971018
51580410
-68659400
40359404
46020085
-3934787
61805518
-40432801
32658737
8074237
-64662119
499061
-46212846
-61210616
57494609
-35186459
38545981
-19766219
28639134
45546632
4897665
24432623
-22101646
-35042588
17667852
29760307
42153859
10167414
67462299
41004156
-43077820
54890782
67214307
-23536693
-41163269
-21113801
-24825938
32591994
52141935
6083170
43029144
39931477
-38444061
-29381922
15643626
24095444
-64603022
-28265924
-26982403
6379575
11547670
39137069
-39146116
-8746389
-63189806
-5120157
-74156846
-11266073
-23329160
-14464151
-39171083
38802232
-42554051
63651532
-41743705
48826119
-2123554
54604273
-32461058
61356097
37866704
-35987931
-36438523
-62273935
56650335
14370258
16296794
-48919846
15314975
36841961
-20663317
-896595
22943139
-42971732
-4349977
-194822
-68803266
63964569
6082693
14266003
14764591
2348424
30970680
-56223020
29407928
-12424752
22076036
1287805
42971035
-52302989
-45524820
38931256
11711432
-22304043
-58208618
-15873382
-5984071
-31834188
-37664415
-49144848
-54129463
30582877
18445316
-3898260
29550355
-642616
-23911313
-28734297
-50512546
-62034575
-22525092
-60467319
2467627
-71179127
-4299937
-60029402
-18147452
52494700
-55454891
-43410544
-61607882
-1404160
10799569
-4572321
49260214
62891323
7308218
-32695583
77966963
77858552
20606460
-2749583
38402368
22378027
-6579378
42576241
21931095
787929
-21651721
22808514
-49523122
-12649969
39937820
-68483468
-34149801
38014960
-13912890
-20516709
-32356218
-37115525
-26302940
51621453
-6626718
-32922950
39170873
62323332
-63002553
-4951612
7695761
-35141301
41880077
-43099996
40638570
3687579
18438221
-26571192
-21461395
-32441657
-60777594
13653856
51468335
45296752
-14469378
-1129651
63413805
-57029097
-52022976
24752047
28454311
-64863193
-21226411
-5445280
-39762534
11052175
6780604
-4868407
-45920187
48282160
14399269
36821943
-8554414
53270713
73332106
-31046558
-30511709
-510332
8988188
-25639744
19629121
60176525
-46827926
44832881
-47758655
-16888380
46007368
-27304758
-46895472
-35391009
-30006620
-64915231
31312411
-41784282
-69487765
14108121
44151795
-52568000
-2581229
19334815
39060260
-36688492
42740332
-24431049
-56680629
-57165086
48901711
-47139678
-54155409
-34254491
-48818353
-16629193
-18893058
19379499
-69212908
14023561
18049246
-29642399
69132351
72151340
-29225904
39460617
-40269644
-21534788
-25855293
15529153
64335676
-43576348
29911637
-31737500
-63440181
49830428
-65742392
18175651
-33892035
-9914682
6717667
52293834
37623152
-33994738
37071262
-23391110
62935752
-40807662
12177270
68015440
24249966
-11932712
-43636582
31371323
70069961
-7785946
-31367889
35267044
-26805531
9504825
54011032
54257262
29319819
-41772124
-32016312
16777745
11735578
52583712
51133120
-27640591
-63833873
-28458834
-65514852
-50060703
2944470
9579242
-8103329
-23661761
-74250243
37907554
-17967299
-27213144
22716534
9159079
34708536
-18044966
53265460
-48005519
71307332
64157390
-12895316
-47259824
10463888
378731
-57974377
44361181
-27478920
4412211
58074792
-43634321
29570713
-59543542
740391
-37432801
52805809
-61067173
-22415160
64480949
-18496286
-15599909
53288400
34310340
-19732324
-10856135
33012412
1381854
-3362264
50141760
-5446248
31484053
-15780729
-9347810
-31326777
-32220375
38814134
23851457
66909551
-42610584
9220705
-63511825
34056240
3709760
-2618448
28198306
-26582005
-36312245
29900826
-5797502
25130375
57149372
52688336
-3111770
36558423
40729299
-55729817
62557374
-2646669
-5578161
24990434
60497318
20615860
-38615311
-45373550
-42936078
12952425
-57178750
-70347376
16972648
-32812465
21909026
-17522916
56104509
58836828
-5372714
67173200
-37571489
34583716
53531136
-21902117
37964490
39825801
-58136204
-64593693
-47010551
-41942822
-73835402
53718869
-23599050
-44695047
20842496
8021174
-39389487
-12779952
-51002466
32191244
-34885941
-24956529
36407278
42576205
49397693
3016167
-2693572
-40995113
-34543336
-15334239
13930365
-65342026
17930503
-49184917
7046472
30068656
17261135
34292639
68794616
-21309599
38163355
-38038585
8463510
8681483
-42459989
24637229
65833799
65649170
-34788537
10503550
2734171
-57277728
38438901
-13076257
-62207065
32464840
-10437310
-13721213
60346242
13565317
-55598620
-21448710
60032755
-34112591
-47916629
60249640
-17874879
-22675025
-12430444
-40365712
-53581547
43255316
-6011226
55949823
53599203
37558431
-12114682
-31886979
-40379747
54161795
1185197
15443201
30938865
-39414805
-36738609
33954036
-58623374
-67424100
-23761553
62296326
-62898066
39911976
-69862951
-15195177
28274313
-22830862
17345405
-24591715
61511487
-66289133
-51180836
-71263435
-20659892
-32996541
8604869
53889616
-26800913
42531550
68714881
-31394097
-44159665
66561956
69578889
55356586
51507907
67497810
80126309
75494474
66744336
46650646
-20023769
68449225
-53744373
61168230
36544548
-63151192
52072119
-48988864
-61279356
14470692
-76167054
-39417290
-60974313
-46951704
37292606
-57673421
1076770
43410880
-68434798
-29376521
-33163508
-53218232
-67596708
-83936409
-11669857
-3239292
-27662065
-63140722
-11894156
-58500975
-45596758
-5769053
-24493408
-17764867
-60920397
-7167945
22658158
55287268
64063453
68507127
43399064
-38401510
73684209
-3725206
-46414601
-53008216
59862437
11394338
-23092721
-12736479
11644006
-59016346
-53433099
2245567
23741163
-33175884
-37659078
49581018
-45218318
4210481
30046399
24039320
46010393
-44190555
-12875996
2322504
53587320
10010060
-50286477
-37794503
-7833823
-56549245
50498824
63988420
-10529759
-34977511
-67836037
-57192751
-27657294
-36342786
-28084423
-33158333
-15596257
52051194
26146290
-26140978
-50403067
9943808
42060934
42907590
67769909
50120340
-16143789
-44615647
-52311104
17791736
41188175
26721804
22240903
52047367
-53970881
-29799904
-9426167
-34241371
60797488
54483532
42914543
71055116
71418976
-38128865
22843957
59411224
22667485
-60961476
19301670
38045699
-12180015
30701640
49611065
30559331
-24154322
-71124803
12870534
-10950811
-21821910
49320160
3281683
-73545126
-8498195
-45018502
-20646949
-6892529
-77952886
-70623261
-5048799
-17671516
-36813512
-8520231
9291621
16711411
58369651
1590061
11433186
-33929038
-63715803
59215226
-21729645
-21271142
72781869
-20350315
-56880489
-3259914
-51308560
-16942943
56802259
-17622026
-45619336
29176638
33147696
23022776
-493202
-3581866
64661279
9163815
28523875
-14898479
-8638568
15384219
-33113807
-64470385
-4779283
60768096
66983143
21782639
-28376655
30243008
35727177
-19582554
16362505
8794787
-17753932
-36559610
-28489766
34713358
50162274
-46149400
-11000711
59763087
23810628
49186990
15507303
9865491
41137400
29829907
38146289
28779864
-61441570
-58981807
38985923
-70047781
-15650356
-24291835
-64769511
-75207645
-21806081
44043141
-32598868
-30419124
-16970162
-18571984
4975058
19890251
-45685910
-48405776
-6799524
-18201904
65239330
28895948
12517546
45659279
68456132
-20043374
4654179
-9661256
-34047084
44263039
-2222297
39009180
33736657
-48223199
8944105
-33964921
-67656174
17603972
41589165
48527032
-65453108
28455058
41178645
-44565763
-52574925
-60994696
56962352
-35808758
-54206207
-40372938
42292166
-45169223
45958768
46947123
-36160079
19939839
69393194
6551260
66487857
22609589
-34778232
-49295624
1450351
24685575
49570919
32789819
-14428397
-16141703
-33756144
26486805
-37565732
-40329350
64118471
-14808227
47277886
41493390
54453196
-23849612
-28060829
-20416416
-7882117
45847410
-39542599
-70061502
-58859003
-63032726
-11873141
17316825
34734401
-10164607
15348134
-24420768
-47626924
51978214
-45595243
-26337916
-35069905
59487416
41038719
51741031
-50506793
-42612441
-13857849
53619455
-52892634
-4457034
57276831
-46925048
-48078721
27687577
59721288
63380252
-36961991
22001493
-6326262
47309396
37194078
26251309
39637411
65401786
20240075
25178792
60033624
22878708
-32646307
37117267
33685753
18205754
-5672439
-40634713
56615160
22610321
-56206445
-53497173
-69827723
-71232786
-35324989
45276429
-55926190
8899150
-16586201
50468860
20158345
40414297
-3116992
-39554602
27714886
68679852
-36329575
12447960
-38788871
-8606006
69266071
-37732741
46793837
58639124
29104388
-24971679
61668602
31691607
-41658646
-5230808
1541215
28448625
9897808
22278848
12232834
-2473555
-26216794
-42165333
-50941718
36429096
-50692196
-75153896
-51154481
-78729899
16688011
-30419367
-8859356
41272309
-33836614
-73946790
44771288
7252145
-6727032
-44260989
57419813
34604007
-5737036
63885512
15016433
15801199
79015205
-12132584
67209027
-37450404
67649229
-38332900
-7031283
-22708753
17667257
-60084822
-56161544
-32319194
15983113
-332829
13463341
24383120
-69765126
-44428030
-75316781
-19784632
-56349112
-25867025
-44332469
12638212
47865756
-36391309
48136983
-36479344
-21614131
-21345482
65538715
2271490
14137315
56105150
57384133
51797024
-35172877
-29799887
62950590
49290992
5784866
61112939
9115972
72052135
23529176
62923941
-43342188
69284846
-10011377
-12106929
-6319704
-50130852
-40899994
23786078
3800803
-62517955
49843914
-8365484
-35791495
3508192
-46350653
19459707
29581272
14626243
53622013
4460091
-31496795
-17512353
6589902
-12764847
18619397
56973426
-26302937
-38778039
-62820048
-10333067
-47541786
2339710
-29181898
-57212174
-9271599
-65183877
13642736
18586231
20862869
-50090863
-61339354
19315767
-58437612
-33299737
-39065404
-47071173
31100705
22298980
-11862951
13937674
31027611
17974400
14374682
62841033
65011544
30251134
80118910
42959727
26229202
-33649465
-22008298
12875802
53331352
25404495
74800896
535978
-9885185
-12637008
-22609383
17319660
-39784338
7158129
23922496
-76003752
-21685248
-18903058
-13007131
23448324
-24527149
-58575506
23199407
-57750799
39353119
47487017
-41789597
-29745555
24292552
-22552576
26505629
-28017874
46407620
34126743
9076517
-19716554
22912533
48246296
71965989
22186843
-37840839
-41589763
5303890
25512169
-37836917
-8943190
58557518
-64092099
27758182
27443435
-36307950
-1224286
-3890591
47254324
58795655
3399049
58081836
-61854092
18606158
58081392
-21690158
30222518
-12475931
53750082
-31869774
56636973
-29483498
55226638
22087749
-17860267
-27666022
-1448639
28664506
24311430
50495034
53254620
-62095114
42602414
-51863501
-35991065
-16443203
-57081458
-39988130
50479466
-30078289
-71829258
-68238303
-37827684
53574066
-18042296
-22685275
-53634143
20542317
16374546
-51058143
-13590309
-53575348
-12911040
28243210
52057822
48714020
38072745
60368602
-12057204
77855050
7870821
34227195
68892087
43324553
-39786980
-15926150
54411005
-34604876
18358730
56706125
60340676
-20450705
35215046
-48964594
40923219
27035794
28048684
36328461
-29580053
30733944
-55018513
-11385343
-3684129
-24241717
11191254
46127512
32681366
-51680417
6200648
-64175924
8704593
-66732825
-51064927
-55038523
-55699301
-30353299
-13915122
-42806163
-42189124
-11857741
56000382
-55991191
38700201
7162665
45446764
-13381952
-26653151
-60261417
46764757
17943123
-10361550
40817778
-30520969
-58097952
-54083425
-45507745
36481004
50657083
-38866297
-22141053
61178827
-32001914
-1495860
-37996253
-13346001
6830823
21550033
29530687
48886369
-58015955
71417063
-120193
-4220018
-3792528
-13602250
-44519452
-3501321
-35039923
-35660215
11836562
-70590127
53461130
33850831
15246582
24297244
31601125
-35725144
24205335
28932450
-11152004
-55289073
35940610
-19511228
63604793
56139887
-19233066
36807739
-20808686
-59742341
32493688
-23343778
-65828826
6871505
54511808
-18879048
6872853
62771577
22636647
-9045688
-36350980
66641074
22638582
-28026842
49295657
52178373
18723827
-28809491
-34585317
-61058004
592905
59131404
-7300853
-7773527
61366354
62435564
-58367438
-8434991
-20048300
-70427837
8949805
-66275526
-34561731
56233607
50329549
20674740
-28980064
56695313
17790657
11465770
62546774
36344365
-49766955
-25947363
-41524958
40594607
7965790
58691688
6764785
-59402015
-62915560
63814983
-13015310
17932884
-60294541
-18567403
5681343
-34612517
-7065552
-6617929
-51831724
15570423
-46281655
-39608281
-55014274
-60451576
-5889780
-73521679
-19419107
-18620235
-49593402
-4268141
42330449
-58508826
-37843191
35742022
-26035724
7180694
42849460
31698963
-56719189
45218077
-8269286
-11380743
-35699811
48910346
44834484
53878919
-42174143
-40450424
67237635
42503302
-44897972
61980148
52438
-13928099
-23903307
-54179121
52682802
-35833603
-49461687
43919285
-1004327
-13392859
-33024823
61624621
-41663363
-20863322
-68929034
-56826058
-74924589
-46393454
53394487
-42056226
-6945074
29331696
-20768980
-4275676
65125314
47565766
-45144919
41725996
-27275425
52217750
34915877
-22559623
32570708
2766701
-6629467
-9900017
7977695
-43363708
67551452
56342201
-32321598
23523947
61894756
-14394816
-37585235
58139547
34005519
-58102982
33154205
23388282
37036156
-61572037
51644143
-46460488
-38070768
34954157
34683885
37799741
-28278737
21587767
-1162968
-5461473
63726784
-36697359
57824035
27898730
-21989633
-43992842
56103118
57551503
-46764729
576723
-5496894
3578066
37596436
-32331909
48413256
-33366489
-9275893
14524212
-37729555
13900423
-8628422
-6728596
-63437982
-58566932
-77315462
-53310803
20208760
-47528806
-16751610
26395998
26036209
43009504
-34902292
-54580302
-63449530
-23166571
4959564
-59048279
62374188
-5039558
-5882639
-19444931
664331
-38058717
5152842
72312819
22375643
42515415
69823709
68871693
8156380
20435938
80370793
71976066
-25326940
50818659
-15727265
-11223618
10652406
-36228275
61429086
13447037
-9982168
46259712
22166196
8982017
-52866555
24866149
55229889
29060599
25796824
57350556
-1364247
29536939
57219033
2831243
23061929
-39856382
26973814
29932637
-14684977
27477036
12242698
51210985
-33944587
12025941
-60791153
56723847
29964361
-18333642
-35527603
55352053
50557385
67885733
56378359
3655294
34838142
64509778
53321755
-53405361
64669126
-13149989
57396753
28557229
-18070186
15161219
42242932
-14444430
-46420478
33207361
48191707
65514215
-54714680
-22703592
-16506053
52145410
60324120
-40264210
51575592
-32785538
-52333580
5491822
12189997
-27173713
-30296716
-18258938
-24894587
-25906875
28955514
29646466
-52964665
36598430
-26053916
-10463018
66160220
30583512
-49661426
37655010
60755364
-59271515
62492392
60078464
66457040
-6366098
-6422932
-35866044
37286803
34788563
-32011283
57329531
4508408
34972106
57915347
1850908
44485700
-33471785
63875106
64543353
14944779
2893167
31053730
-61356659
45362372
2675682
52638973
1247833
-37197098
-48666680
2143424
-62666664
-19700296
54848047
46783330
-16555243
62368833
-37091950
29267329
54521179
-25823799
-17766586
-47062362
13787364
20338751
48781517
-56958410
248361
37140899
-30764473
48298098
66975192
9195387
28800922
-10110516
41594513
4049268
-32179430
16194165
57538658
51285130
-38625087
52215681
12208711
-4084076
-54319496
61373426
42431097
-13284569
7783634
-33447183
45584527
-66977613
44080562
-61457017
-63176601
14826125
21705694
-15751342
3964264
-70742847
-14412897
3213476
1086085
31969830
-11613119
49496244
-39833065
64701130
61619485
-56207698
33241833
5853027
-59761899
15467575
-6505636
43975270
-45040124
-17548242
67386519
-30193237
-19567736
-25106687
62992873
-32956968
28339628
-28784379
63991775
62919173
22608102
-42425633
13692571
-19401374
-64437541
-10681701
-57946519
-61047368
2045088
45957148
-54496740
3301659
58715010
2858710
28437964
-28534734
-51630602
62114758
12018251
155037
-19481255
11680518
-59397314
33929067
26440632
48665016
-16476256
-4326536
-23512853
48337572
62142019
-18395528
-27987675
-21086714
-41471700
1356690
-15126405
13643213
64142226
-37819048
-7739424
-67958148
-27816190
40110833
19631922
-26772788
-32923077
-2835099
-26481409
35772239
54106715
45488257
-25752684
-59886275
-49934741
-13695576
16160620
33196449
-66479653
-5008908
-15361819
-16891321
-5592761
-24898683
45325780
20403145
38967044
24264358
-7152025
23249223
62893224
-6795785
-59262745
28310682
70242485
-3080285
-55144973
-41214266
-45102062
-34044193
8057338
-18861432
16188849
-36225107
31666890
-62537523
-1579122
20003521
60628208
27753926
55791662
-39531851
-33602815
359380
-53187935
-37859296
15683937
-22823225
51451630
41134106
-39726039
54436573
-16323860
58253806
-17826529
6107455
-42930127
-20049312
47737058
45897993
63949961
-39828209
-46307376
-56734935
-47260664
-33543938
58915813
12380213
-57153560
23432208
57980444
-28608526
39174923
-65389562
-12642626
23301731
30595806
-51879204
21544166
378739
-17724199
8352001
-50876578
-39433609
-66043375
-2253418
-25475871
-18376917
-5039478
51249406
14010611
-34870098
4036958
7162378
4874527
-64157936
66483908
-3033674
39834034
24900546
32824638
-13092966
62945313
24983121
16108882
-7205214
58872536
-42300013
-38073004
-61573595
-49979382
28603183
-250110
50090261
-44473025
47785567
31668872
-5807770
23283354
7009184
25169942
49488225
52500560
-60790823
-15726939
-13467126
61000512
68826907
-8213021
41630763
-57512494
-17430658
2457093
4080961
62016325
-63258103
-16168428
4612252
33794165
-61236502
-17606888
-4432036
-56339781
27241533
-28751998
21364885
20462216
-71508105
48904098
16838112
-60553064
29724195
39844174
-22697900
-39235957
-30511697
25170122
-48149993
-58368577
-61447780
27473086
-15624954
-4086809
17561643
61529346
-15115662
-23586416
-33315357
59686125
521402
52785859
-53366924
61657092
46882816
70728775
-3956333
-52558017
30086431
8074611
42600620
22583156
17745168
-7359995
20191274
-28167576
57087567
-63777314
34669589
31607698
13318549
-7503039
56816363
64862787
38383829
-60959109
18617492
-16509200
21401607
-38037451
38831719
-36661238
43741170
38265928
12507569
-66308016
26007398
14327030
15075548
29445210
-6067659
27433685
-36498363
-11289883
-23907559
50908223
17227307
-48953521
45981091
52794187
-815709
-35620399
56769823
14831606
-42461690
34695631
2532426
-25564312
66005840
-1178160
2593221
-1340138
-40796607
-35427401
5279869
16254490
-63938801
-15769532
4264484
-8219959
-49696796
54897206
56430892
54454498
58543499
53547513
-53332099
-28202753
-10917068
32340120
56789346
29030536
64726753
10719290
26064219
-50062157
43581772
-24283491
-22209310
-67564107
-36322757
-43665016
-69075490
442058
-8906072
-18641074
52337981
59460605
41110543
18804450
19786271
-975149
-29728640
35912739
-17694411
49474208
15849120
-47165095
54469573
-52958221
-57402241
-59369215
13131270
54366973
-39542751
54303871
-55207894
-8821068
66166313
63814568
4472653
-34415608
-3551186
-29334494
-4651594
65881245
46977456
56853944
-26889059
-38560305
-27473347
-19781829
65323330
35194004
-15431620
6381620
-48786111
-60684530
-28298617
-65387322
-13982096
-24937940
13280492
28278420
-60213497
-7237706
41884004
-2971279
46902010
64581421
67114980
61689556
-39362696
74932635
-19168582
40165522
-12189677
41633748
-21773134
-5118691
-56133282
-30368846
-100589
-12984707
-32467263
-47813862
-74180378
8012641
32828615
8954186
19399300
-55289259
-23493233
51936281
12235726
-47024537
65121194
70343385
23581077
-47257503
-48565580
-15810365
39599158
61739415
-44501656
71065055
-5898120
-21954637
-36260882
29187399
9145709
-11257077
-40850041
17707271
-41027029
1582262
-63637487
-62371696
-55827937
33699261
32698894
38880694
26506046
-59931195
-8625548
-63956518
16157550
-13848893
-43679647
23156624
-53207974
-5867103
12838722
-4987311
66641534
15301647
74759055
55932965
2046578
-54848858
61695501
-26841694
40004482
-7825908
-44421328
62423876
11836815
56984359
71565927
8387950
-53880364
40038797
49699348
53176379
50530215
40520103
-12966102
64742741
31961953
-32064542
34479056
58684051
5335261
29483810
-53835869
29473550
-24218750
30936055
-8585313
-26901053
-46981274
53427540
-55172070
-71723405
-77860458
-12338857
-20752316
13367370
-51267324
-53619683
-4007880
-33124809
278801
10814943
25134695
-45047039
33444142
62339573
8027842
39390475
-43477479
50322476
-29273511
37151706
-55553730
-59469752
45370068
73210469
-40838856
-16079902
44416285
71450824
69504143
70756971
21217409
18849108
-14292990
15595781
19078658
-29794015
22579497
20288074
-18935813
33402774
1971963
-35303790
9394419
-45551516
43012780
40904560
11501255
-45315947
13106534
35063679
-356055
-65334869
-16524796
-57084900
-77479569
-57905784
-26802150
-83146016
34010178
-55002107
-24353660
-66653004
-77214058
-15401658
50374553
11326184
-35801793
38789833
-56690163
60050589
3387848
2261661
-6167484
-36124533
-6484806
39121553
45777667
47856173
-15890017
68028791
-5075624
48800571
22002953
-19414153
68735362
76543380
-39255945
-5946884
-54702603
38070712
23352843
-55455049
56011797
-59041008
34273715
24905068
-72769976
57105476
-28528018
-12269518
-28542024
13767975
-59598581
43545941
-61469656
10040237
-60098915
-15466968
46647165
34084716
-19375974
-36729759
42125522
-29904722
-45159403
56230733
20461612
-16568689
37485677
72909486
-37732281
70862473
-33312002
55702949
-53224183
-2477765
-25652151
-11281242
58355907
-40866735
63979448
45121611
33537784
6007882
25030905
-33450584
-38052494
48966861
-33672500
58550427
67783919
-15889753
57794029
-29838404
-15236180
-28025581
-4101724
20394796
39120778
735226
-8990627
-59490966
-60807817
5815279
-64439489
16583691
49345379
-64803262
-57297278
-31571517
-68981916
-28497759
-2210521
-61548912
46253236
58705718
-13636480
-41624436
-38856254
-9832348
-37790579
-13157377
-29351727
-31963123
-14962649
65739640
-62650131
65755450
-53530787
-19493840
30664480
54029179
68861949
51445303
-26122639
-2127682
42843586
77368025
82409894
-31700276
33187636
31840198
-16669648
-25033424
-40366022
29610109
-17128254
40869091
-17351790
16470028
-9206389
-30043250
-60582536
-22305630
54962220
40284206
56288910
-18438559
52947340
-51265504
-72144772
10742694
-2213318
18915221
59282982
28349685
-57022141
11035608
26894600
42195206
64103192
-33905165
-24451261
40567890
-25453712
-65068987
-41436795
-38711080
-23198583
-61375924
3267496
32331607
32935639
-17386565
-26768029
52245016
46093778
-28532348
67290676
69446235
-58007500
-32308333
71590181
-46023219
20436459
27310248
-6863654
11774224
-24159846
30288208
-7270328
-60245187
-56449547
-61147839
-28729291
43366380
-26397290
37682781
56810711
22172842
-46571428
67954054
17797435
46474206
-28347236
16083732
-64675716
-2697813
39854067
70429240
47365794
39303167
-36189652
-9964021
-56137721
-40036626
19519241
1511649
-27715376
22950077
-31425393
34309642
-64523071
-74255767
19514538
21609565
-25628847
46137112
-30421270
43113619
-52415143
-65013185
-58243618
20933950
59518254
66280690
32545615
19224114
-49666018
36201033
67439354
-39335217
9430483
-60741364
-19576701
-65749638
-13753162
10267401
13571447
65031557
56484900
-787991
-47125343
34493800
6957751
-28095714
-28715562
25017500
37800812
-24628545
-35570837
-60458643
-57730470
37226120
-52800905
-75283525
-36912210
-5837364
-59494530
-33245260
-11299713
-32146636
21479007
40504880
-65253236
-21426393
-31944101
-59694203
-58386032
7149303
57438677
-25702071
-52206110
-16024739
-40847384
-40860222
-6510803
-43571908
15185133
51995395
9476055
13592336
-24336454
48256961
4060246
74691705
-40669041
-56376625
-49114556
11908861
-15624664
68776923
50283315
64374411
64941047
-39733760
436986
2058220
-37539783
-5211181
61513355
-26477320
59014399
64214407
-55156792
21698992
49452578
33319288
-225999
-53360179
-3450122
-974897
-8387793
15599788
-9933415
-10026649
-23993342
-67737754
-43342349
-3090732
-48313023
36409199
-46458676
-66141305
-79527970
-67562114
33062610
-24994662
46619614
10745677
11082943
58104796
-44877637
-8750422
-30595903
-56574315
-64620267
-56272626
4709953
45606587
62338492
-8655131
-57938459
1199818
45594962
37082769
16651714
63910980
12039703
16097316
-47689494
22794367
10439153
67677532
-59220483
-30521524
42044951
-2687271
-44969977
-66784651
6740866
-53803537
13528837
41243111
47803810
45903136
1613665
27889910
-25921103
-19344058
-9466682
56196675
-37295954
-19449499
9985608
-68120501
-19867887
-10433434
-24950115
-66601347
-2135440
58291483
48427491
10303435
-54742621
36120382
-25939195
-29304951
68095144
-39765210
-27303616
3042289
12037576
-7347513
-35611682
28322426
56903831
61553154
15249316
10938362
75611474
-42460262
8174810
-47163647
2376170
-45987738
20771251
-54766520
-29950103
22040806
-36035570
-1289461
-15576669
30124402
-23117252
29809210
-62520674
11068606
4043332
-61409720
32795580
14683720
27517981
-19482141
-13367806
-54314239
63563138
4670354
-41267170
-22864042
-60597439
26748705
-20848444
11722271
-7514186
-65253229
7800748
-34600356
-6970246
37603821
-14884623
26713658
-12248134
30933397
-37258155
50694043
37059508
-42268203
-46053677
-63324098
39025360
40045337
-48179145
4054066
-46853341
-33959892
38809752
60122542
27517215
-52226706
19499608
46582450
27732980
71017533
42742229
41100164
17644721
-10311301
76217546
-11219038
-53744176
32853251
4302346
24292077
2821694
-17962657
-34673575
-29320102
-4178674
-44462511
-27508846
36890689
-28759653
-48538715
-40422959
-10378811
3746846
30077970
-68247293
53728643
5482879
25705889
68255682
42992698
-47105478
-10134679
50633323
67023109
-16118052
27202337
-5188098
47010157
33689586
37984931
-4801308
-55437869
46976413
-32135960
-36297857
27309639
6969005
47535904
50852463
53372303
43682252
-25820406
-26326034
-28306570
11490203
-69062515
-2813075
46661435
-15424347
48077610
-9575163
-28516820
-64505520
-51481517
-15884266
4949004
30378357
5990347
-43940632
50933292
23277958
16734851
56664019
-41344395
41281000
-18104417
28576541
72686326
-5289132
58290141
23526816
59731236
-27618204
12661883
-30978335
-47120400
36053579
11041828
50847788
38267349
71195163
49121048
44942979
-13691080
46936595
-9802997
-40926559
49433980
67181039
-9046937
49188134
48659747
-13738102
57096086
-300187
63352876
-42640950
1997426
24093623
-56229797
-17209973
-56206218
-47751064
-72902718
-82770503
-37079269
24320047
2077492
6061413
40585490
27708624
4898848
-9759014
31959201
-9237503
-5962076
-837914
59763
68600412
72915829
-29484436
10733116
-16096461
33851409
35172140
-59337534
-32002967
-50327782
-1747467
-21470503
16678585
-67749804
24126331
31932557
41210049
40253685
53524660
-38506302
-28893916
18918881
25495335
-52059719
54820512
-37256785
28839867
15380151
-30759768
-61824009
29405007
61083406
63625367
39222103
-38409581
15981504
56064654
59660541
54764883
8518678
27504331
-42291919
-43205055
19309010
698629
-63980791
37449682
-29805953
-17008702
-73003048
7730147
21390277
-3990600
61476051
-14254359
-23042517
-60625997
48967073
60059358
47367061
59230265
-39200514
8956229
17169571
57055722
27127609
35838950
44848512
63900142
26271249
75027586
46109133
-16315615
74201407
-55638763
-60349665
1662321
-65969776
-21781477
30303667
-28062207
-55325578
32351566
34929167
-36027802
-12632751
-21898359
28228633
-68817753
33426737
-39987750
-62619874
-63417616
-1846902
45389365
-65261254
-30931415
38348184
37066575
46936907
60348241
-16086279
49270650
-2923034
31552507
-42504749
-34261691
49979061
19551076
-55960966
59095709
33520712
-1659947
12891748
11675911
39378451
43419742
16535121
62726614
-13770990
67566117
-16956795
-9580449
19788319
50575655
64895172
20806324
-51342329
-40047831
38433612
-67604993
-42600452
-25964730
-27028730
-9539548
23694567
30768027
56226165
-30833856
-42169824
38273036
-37597549
49773407
-5193747
38206322
-16352815
-36001064
-12170828
-65977239
21373118
15937710
56315269
58572076
-21373720
-52266170
-8232124
7268771
54987749
-52658694
48705119
-5661318
20892945
67364947
-49202005
-9488319
-44981089
19931436
-65371760
-19831409
26655123
1914486
66393521
38444133
20712026
18438273
21210918
62861147
-51686168
10151024
1059320
-25162710
-31222304
-58890451
-3007366
-23597055
21301015
-65300084
-56791014
-44387810
-64094792
13835490
33283057
8895093
28192100
-4123510
-65337048
-1724141
-50948075
9072073
5562946
24197258
15488495
49750745
28292910
-5233730
27116764
12759094
52234771
-19627643
12717439
-13018825
-11750079
-30510036
21125470
60043410
18506597
-16651068
-58815757
15508726
9230892
-34701232
4951359
-3728105
4372328
35047125
-61783981
-70417819
7650054
-14481427
37754038
-13292212
-44000476
-70697725
-25274081
-59256207
-21732084
-55295649
45281936
-48304687
51467429
-4125715
16409655
-47652336
65816227
-23276384
32517350
18137269
6629718
12554280
-52392650
49344597
60221833
-54377135
-29345049
-40355025
68116352
24876679
-39815120
-11828797
69256559
32836869
8614703
28527891
-57674573
-5185942
-26506472
-60631133
-50953500
37506856
-22994955
38138767
-14194016
24127963
-13486078
10997120
-26871903
-53555093
-4702766
-30805632
-58726909
44115670
23193783
7995857
18164646
52619538
-6775695
-16317466
11159554
70080246
55164968
-6691200
23593516
18398097
12776709
49351690
35482644
37529437
23882012
-7187875
56981181
-3161667
36418191
-30996755
-29838170
-38898
3642365
-70997712
-22204997
29611403
-42115083
-50909237
-51133475
38298559
-53154365
10487822
-51665759
-19450184
53670226
1339140
7359908
32094973
-56350240
43643664
3544353
33854907
34482439
-46315272
40181970
-39529839
19795864
70679871
-37550142
71331184
44124750
-35855874
52313112
53693076
3195502
-37305745
-53623173
-58871505
-30088581
-10064619
-36624006
34170073
-24992936
35345152
55834481
-18437431
36255349
699310
-9982259
39991000
-44218468
-59695404
-57856074
-31867635
27096400
3736470
-68509714
13705805
32008978
-48540863
-18011125
-15955513
-69676964
-15744637
19797681
21026436
-21164399
54159562
6710121
-42261852
22117894
73474031
-14471722
-57231261
41587192
33900646
7051254
68465019
23019465
17522900
60813053
69467916
-39712791
12179323
-38788159
48526831
36211221
6233210
-62444248
-27973745
59604608
5560349
31038724
44995299
44500707
63863533
19610093
-50079712
40439058
24148415
8888486
-40913367
-65746977
-59312284
-34457007
36664184
-75026537
-77926534
10588833
-3063184
-45322067
-59444132
25636785
-51412058
-53612289
-21955101
56658011
-60613717
56957514
38992941
-48123831
-1693825
-58314542
-23182167
-30812876
-8626135
43854557
-51450352
22867827
15969208
53899508
-55477957
-46626393
35426259
15187241
64827814
-40972758
27998158
-5201838
64047497
-19020144
-42591895
24378972
3061962
-3901256
28872949
7629221
41412612
-41514682
-45878406
47757727
-33651918
-17698434
-72950117
-36206288
41071015
7736369
40784982
15803703
7605004
23307825
1985212
32722813
-43156557
36593641
27779846
-59086768
-52102719
-33482816
-69065719
-65183806
47932563
20487175
43654492
23786808
-33593893
55830327
-2452586
-3264892
-9329235
56588950
42815166
-39968020
15587606
67174877
7949020
23064341
21324708
31407909
59105167
22561757
-3674178
1390052
-3154731
-5711698
62252616
59994118
39133029
36998386
55905120
-39212259
40082304
-60085465
-14779537
-51399882
-58201737
-48272432
-65873966
-7227133
-22342720
680249
34422242
-26648515
-33864659
-2090540
48918073
46368059
32862699
71673084
-28074278
57083414
69811574
-42562580
-46826814
-14785007
46320318
-25867718
-22332857
66195349
31854591
48000754
53300612
-33467730
12516941
-38485306
-26155745
-2802189
-21117524
-4977705
-47320985
-56150329
24017772
40952346
-24287644
-16361864
-40016185
-73881149
-10412370
25193445
-54074612
-19931155
53738842
47453268
-23532229
-38339292
38855551
-31485626
11417705
-20143504
26799008
-30400774
34258556
-20779435
-24730119
-29387374
-64510740
-46835708
48551054
-68830403
-28714353
63988354
37733803
-54205065
61615960
-58405869
33675172
-23542374
-13501922
-22738652
65757860
60439341
55325663
-18250796
-52166603
-207840
18889831
6615187
4956904
-28294510
59979629
-45611815
-36442489
-68493682
1253291
-41433501
-44395606
1755463
54922397
-28451434
-15771087
-58603555
-36268005
8295192
52112556
57270535
-44875636
69560201
47645692
-622433
61995295
-17371940
57292467
-47005927
-40337293
-52631588
5318968
-57711116
20271194
65802265
52076706
-11136288
-1678412
39095519
-61685326
-16715238
-12908220
-45160039
1931378
28103787
63983431
-18978004
56792573
-61561286
17136696
14553699
67574913
-56017015
21117638
36046557
-23747130
8513897
-22962714
62817157
30683442
38355498
6151284
-50566461
55183777
-264352
-7507300
-4070750
-585503
-36431806
55443671
62299239
44639205
-26604244
39958301
-54464544
-20286651
19247440
-51731614
-33317704
-1416396
-58514731
-29902673
40719986
38441763
37314624
-55102778
-45501235
36094679
33669546
42174438
17976839
-14681695
5560073
-12594019
16023064
17184294
-60803989
62152820
57633321
8813183
64296099
15814665
-60081763
27933832
-28992879
-47869795
-26736587
-9839711
-46949140
-76279332
12660161
38915220
-53249525
4842249
57467636
-66842222
-62063979
-54053592
11889421
-26553693
-47086913
46869298
-36019172
-21362068
-64806259
4178364
-6804475
23967000
-60696738
11538516
23027170
-60108777
-24403213
-44990769
-34112248
39489644
62798189
18646763
37484050
-46955245
-42378026
-51253608
56374532
-14651874
64019597
32231747
62260780
62453503
43488936
-52069218
4701266
-16520762
-15229919
32910113
22612240
40629013
45582973
68001743
62154018
-13481901
-26872031
21046725
-24139281
-38966425
-64956098
33003176
-29428318
-72815219
-29080815
1630232
-60406184
31928949
-80202933
13707921
41762270
-1363385
7736497
27163836
-40238084
23734596
65435853
13785180
-40278909
-11411961
15814851
-2301727
-46123367
2479342
-30824270
-40245619
-3696837
65833914
29592856
-14824483
-20362120
7278978
-36827665
-34406717
5416248
1058609
44927523
2162181
8647897
6619288
-30183381
43202620
44442123
56359317
49467575
68788616
-19359198
-24304853
26072909
59849267
38861045
37509393
-26321538
38922220
27219394
-23062958
49540987
4734572
33581435
10001703
66272476
34639344
-44458165
-62174764
-61958827
13947627
-9705157
-28619465
-12384084
-69171431
15861230
-59511779
43483793
44282733
-15991102
-55546693
19893352
-466707
-25781676
-72925483
-11360978
40277761
-40230792
-60265581
-47780174
-15274090
26916790
26084935
-28633155
64967339
8656370
-34513171
-12371686
-30418157
-36100992
14950304
28850226
-15988178
34929139
54292218
26601262
-2528361
75817032
-6596938
-23598352
48686194
-17244588
42924064
-34759840
23753276
24332935
-46036306
-23473817
29457356
-37602045
-38385972
25186290
-37257804
36019585
669421
-29574731
-13752649
14768983
-43733594
33727462
21968278
42668042
14499052
-48409135
-16990662
-39943679
-23890057
-44312088
-54212290
-59654989
-36388207
2457894
-46619536
-14994688
-74839729
-19805919
56731437
-26919458
-33284337
24611342
-1658606
-39206405
-26832619
-41785312
-6778749
-64983124
23685086
-15147237
29565215
73940921
-53990590
16963019
-13117956
57524200
-50300947
-947616
16002384
43754927
66915550
78692674
41080732
75795456
69755200
34008824
-4423118
3595514
7397745
35811654
56142937
50580611
53124395
-41602058
38588231
-37420013
62934323
37668241
-57403588
57434823
19291496
-41890205
14005509
18507154
-68895461
30223386
-44511392
-35821494
34885797
-71859604
-83823766
15311465
-50035042
-41346171
-48585403
22847413
-63803914
-43514895
-40369552
-62081856
-22520914
45866980
-44530578
-59448169
-26028577
-57000692
-40163798
4753038
27874702
-17849202
35028668
42664232
63167674
5512979
-35590989
-42600196
32190810
-26179862
31919988
18383890
40866912
-23737769
-48547794
9341617
35039200
55212469
58934625
16886470
51591434
-32469802
10545527
68325884
20794038
56086354
-28228945
23290809
-13156134
17133441
36563056
15178052
-2390609
60734568
67542389
-49251295
-58766809
18209189
57839517
8683480
5043221
8813894
50302489
12663562
24989082
45625867
-47983945
-69627723
-46038883
-12269418
-10685335
-28000473
-34740381
43562053
-50130074
8194478
-33910565
-973487
20724951
-33165973
48732090
27701888
3982215
36283871
-53713310
50134068
69291604
22908057
9232927
60591835
-2380655
6578466
8409767
55602826
-10526578
69741461
-3790153
-43832548
14072265
-28115209
16803907
-14708039
-18075015
53332149
-21964961
-52131785
25361746
39550909
-44719771
27170119
56093234
-22018424
-28064186
19291739
36269871
27516828
55862477
-14377358
-29843779
-68090131
-35707251
-60398954
29427355
-59332852
-76448808
-6886530
-41118881
45438623
51889683
65162902
25554131
10134928
23041106
48687709
-24865206
20500281
-57568367
60191452
-31609084
6734259
-28691680
-30380888
-31852225
-54178014
-52753523
-52120461
53177061
-72968697
-75056154
-27717161
-53027367
-5160068
-70697880
-53760405
14572568
51280609
63670829
-5836690
19143608
52248955
68305701
83406244
79963423
-25951026
79877380
-28305478
58802624
-27093392
-29513258
73978245
-42544229
-60051006
19267061
42156680
-26386498
3643906
13086836
64355678
-59497988
30372245
-56499883
55897110
-46245138
2333597
-75356423
-53571688
-81782383
-57991253
-36979592
-7548928
-73485274
40383054
40149201
37595040
-46298290
49301459
14411473
-45772475
18377315
57814867
66887615
-40308061
4253165
-28627335
-48985174
8958786
-50586143
11939107
66182497
7257584
-29802152
-3343486
49664769
-11305249
-8632793
44259057
-984370
-35110375
49678797
69638530
-5962246
-31513401
-21691934
-18297524
22951823
24989880
56986716
-59796242
17248469
13089976
-69511406
9841311
7551162
-51601329
-64888217
-17559030
-44190218
56673004
55090637
28234970
41934897
34688710
-60931171
-29893065
-11157903
-22514434
-52323182
-23013223
63717579
17635668
-25464598
53759573
31092952
-35383499
-19161920
-64836530
-71046414
-61988067
-11499482
-22735249
-7963294
-23729462
-22841326
9509255
-50482065
-35465035
60003957
16995522
39135298
71918287
-21830779
-58446991
-31093190
66919052
38524417
46578241
49518690
28362870
-33625313
19490810
-8627098
4537980
25726092
-2143620
11357270
-17196242
-34570900
29293595
27405455
-32534594
-54677761
-64816513
-75073876
18207996
3783668
-884842
-28864219
-71896293
-73610865
-4804506
-64428807
19662412
24056643
-17786944
-51212916
39386756
39456079
29914363
65088616
24435876
73696137
22151896
-39013680
37345275
42184597
-1572347
-41321706
39251141
67718808
-28108358
-38364272
-13756659
23600430
-60430285
8124027
22561153
-10734758
-63052108
1886069
10750125
-42049498
47667954
21436159
27840011
16947150
37951452
-25212264
-67695105
22214050
-54633799
13164987
49776617
-65700037
-2359520
237733
32492804
-45812933
-50265967
-32992608
-69240516
-39386372
-37035047
-17854477
-53266349
-39044526
51551622
12822143
18487889
2401995
-61065982
-41771981
43385842
-23904817
13036977
37896673
57371377
3591339
16635641
-27546694
17472557
-45231051
-1869920
65059594
57307079
-51269460
-14162580
-56750397
-39100117
-22463898
20247577
49941399
-58940061
56367008
-29933444
-66562970
-2996630
-37749101
-9652290
40301646
54283676
-57274570
-56064202
18196617
64645071
42749320
40119555
34535687
9730670
48378734
44371138
-35690815
58291016
6288998
75814932
-36416782
24571764
53230540
-18003804
26365058
-74687
3716260
48534432
-34773564
3949728
17313974
-57620025
-45277615
-19518053
-61853167
-52387081
36386488
45017308
-51291491
-11693358
11287101
54154534
-55633144
59843643
-22549555
3956763
-25747979
-30306637
-31260276
-65873543
-56381816
-65774100
32932400
-73717522
-45814880
43557437
53376753
63264796
65885905
-28552868
45240995
-9805339
59644618
-26922942
-49649973
48114866
-58633581
2149911
30210288
8277145
65399511
13614576
27004032
-33592566
-51394848
-29376223
37647206
-16897259
-33372173
-45086274
51496570
14323955
-58764058
-74844043
-25956899
36184921
21141539
50895228
-32172682
-24069442
743725
-27540677
-31695872
-6810908
-48860060
-70743286
15308776
10119334
-37049927
10488146
-35484597
-48220847
9795839
59255345
24337093
1378178
28322311
68653542
40948728
25634882
-39690433
-7837090
-53941438
-26994405
32278786
1416541
43695226
1647996
62450170
27759680
16099511
-45113391
59419004
-34072932
66105234
12938114
-1250961
-29972923
-42511857
-61514055
28436965
35605101
-41673961
-7714508
-72963324
-15182553
-55491337
-23721042
-75509446
23752743
-60321348
-70822462
-19144303
-45325616
11515309
-48669599
30889429
-19621760
66205185
67308880
65262465
60752195
-34580502
12512473
24498077
65488944
-25356028
58366092
13842232
42259087
79002288
51597249
74302580
-4274593
-38409835
18554273
16135063
46933605
10888842
65478034
-19190490
-38898714
-10807193
-19287475
-7202450
11696347
-53589249
8625732
-6363136
-28116990
13426018
-34240073
-77447729
-5137531
-18428245
-1492872
-46056584
2939692
59083489
-19162260
-25131001
-949882
-57083361
34378081
48717706
66119258
53045122
53479141
-47570741
-55016976
63176791
-37007106
-28193764
21810047
-47380393
28114288
-23159008
12732837
8874828
50211170
-19743761
60835292
38378502
-22448086
-35274429
-8115174
66372198
-16822635
34541410
-12578590
-28699935
66529410
-24230121
-65755139
-10677866
7098871
-1624824
-60077041
-32972656
-50019073
-25360176
-15706973
-69038392
-44017545
-18129159
20802982
3915115
-10965411
-27700219
19594804
49500534
61585193
-18727571
10310511
-50836222
-60979758
71351910
38216975
-20065297
50335195
-38235060
-10476359
11568095
-41163867
40501587
58563204
22420293
48150549
49869552
4149383
-10301760
32013051
-58317841
-21684983
64843478
-26190318
-6878226
25851001
65076950
-12636423
-23651908
28148893
-30595955
-33220776
38079264
8222182
51143448
-46945540
-36907333
-58044502
-74394761
-46154121
17469641
28910514
12296277
-54218717
18171131
-52403475
54922674
45965517
34053323
71635747
-51085638
29342208
23278753
14164783
-33572076
-19579744
-47928600
-55484517
62876730
43958350
-20386632
-1722695
65545416
4758406
4228061
19698704
60004134
67359629
36960865
-7540743
-31373702
-34508209
46864634
6515809
53565303
2062951
-59949659
21977495
-966480
19876882
-21054766
21896518
-39762374
9303499
-52805234
-33715307
-49538351
22844305
59471633
39303047
33150277
-17416664
-50736713
-52433812
-43236481
-6058537
826086
-23071080
21570476
10629015
46458923
-39252453
12966067
-33612961
-19745981
1272402
60100678
42151930
34402777
28057203
-44738394
-31630260
19826487
60464328
18091802
19782829
28745035
63752796
42739232
18524491
13984631
27275263
70101929
-49013954
2175772
12036583
7341754
5679548
-61309220
38544825
27818807
-54448009
-18496453
-47269442
-64844868
40664966
-53073851
9808491
-54475806
-59186135
-18899426
-157313
-77241047
-21558230
3276806
40629045
-36344187
27479500
-63367935
-10598305
-2030303
44934295
1541900
40311980
62610555
-24968897
-14949709
16360799
-34814704
30158332
21992812
-53811213
16597546
54071107
-28966750
-37886707
35975131
23431311
56616595
-60336397
26002554
-5876801
-52642818
18447955
-17795408
-48835301
1681910
-47938743
-38045840
-48196499
54188872
35786663
-60855741
-6726676
-56131559
29160682
37599764
48489675
-667426
-31983714
60750594
17198902
-49802976
67456747
57357907
45077172
-55424068
37570536
-32381256
52475384
-22564015
4798875
-50761579
16105908
-48126254
-14364012
36054623
55824097
-4103766
12360989
35432066
28626084
7594367
-64453814
44041636
31970466
10492725
-57311965
-46808477
13294815
-45619507
-11530312
-71679439
37826046
52942633
-1134958
28345629
-28032538
55658663
-56934847
40810017
-43465962
24910999
-26801113
-17568412
37939151
21254221
16035175
67192434
3031547
63480562
73401286
51313049
-38963814
-29003790
-7215804
24409628
-50570260
-52176228
7531697
-61732051
24458681
-43637597
33421529
-40797618
58559767
4596383
-4822580
-43314003
-30377214
11342085
-64230573
-42166002
17348885
42001354
47043741
48518518
-14264404
-35761553
37324102
-21123305
15083367
44149216
-61660681
24687507
-10583138
-11715136
-32123870
56999037
28175320
-25938027
-50122551
30145414
13124029
-17500231
-58602008
-44007569
29370184
-51806998
-37540810
-7479901
-41560958
-54278799
19037804
-64536345
-49179675
17636798
-28178024
-72859385
-75974492
-15895204
-17980522
-45694612
21739114
-26235271
-36647512
8778074
-55285016
66972260
-32451534
-31399280
30161770
-15550878
-56754968
54958536
-7334616
-49207232
-36086942
-6875095
11753824
14730409
60214914
69212765
44863718
-22732126
7743766
-12265911
71309331
43802794
7642203
40482373
-23398908
47627580
-21070040
60077773
14136437
-2917110
-55957697
2049842
-24114433
-28372465
-24439245
-54854718
29620798
-13071824
18560560
-4309110
54689170
-50115213
30074614
-71715666
-75086006
-47158531
-4267089
49334478
-50931926
-36770714
-19172466
-29748758
-59772992
7220770
-22667847
-34827449
48496505
-42885519
32523490
70138510
4221701
10699298
46973448
75327859
-8037618
-26156182
-24101193
-11627561
-14131742
51274258
-50431844
22673438
31044430
4699550
-26149674
-20613710
-14613142
41337333
44897071
8816738
32102241
59276034
822635
10777178
61982601
14593026
-43991498
53011907
-2790646
6490131
35949740
69171842
-21549703
6550075
20169363
50816509
-63349660
-35819608
19284650
-65364712
-1310719
29547677
11662360
47181617
-53341658
-30794883
36669857
21421232
-70961232
-32123709
-48189497
-48261547
39727587
-38336308
23357492
9322360
66660434
24942621
-63355965
-54401045
28715673
-49564491
-32300489
-48579206
4540628
18383623
-65160531
-59857004
33116966
54573008
-6791701
-27318774
-55368668
53685467
-39884450
28518483
-39105384
-32212697
-58101009
7411984
56677446
-37430411
56217364
20398169
53668162
-28687611
-39808589
70573604
-12199436
-23869284
-23469958
43640688
29964350
1629346
57367774
9090916
-45830109
-60327223
48636796
-11664448
-27181620
-988279
-26358210
27894424
62592076
2026220
-41120100
32301465
-35193239
-5931376
60507518
18275465
2981689
-56545330
-66789375
-17429818
-40421349
-1427347
46460587
28629463
-57840266
-15392456
41279935
40978322
36889364
-57829599
-15261345
37149880
-52911510
58607039
11215345
-35986452
46181167
-5964978
21735318
68740264
11006377
-21552883
1513743
-45593163
370007
-21417374
-43970702
35025150
-34936721
-72724583
56967556
23902078
42058691
-48264355
-34083849
-12537551
-72836408
45895991
-42681801
13831803
49706201
-211696
-17765960
15046244
31302879
-55819939
-53453487
34769319
-28970925
64505271
-50761582
-55510372
-13387387
-20582252
6045460
39813236
48673555
15459975
63833227
74548365
-6999622
-44890169
11985601
-7940696
12342811
64954178
74353764
63972039
-53106227
60655506
65755867
-29120418
18762054
-12708633
-51620874
-29401748
-18473423
-31175929
55222426
19796648
13340923
-52264972
728561
-11111288
-34966116
53846616
37114229
2302459
-11969056
-54363820
-24070176
16660546
10437694
-3221354
-25887353
10432359
-42071016
-23963693
-42934315
31528884
-25678909
-46555521
26417582
44995403
-33163876
54278071
-58052467
-22175986
-47111385
-29854537
41366799
39718454
-14296978
-7049719
60800435
13486281
-54979151
-47995308
52894523
65609505
58029635
14934831
-8952114
-4077587
40641918
41302952
-37274684
-23626694
-18867341
25982279
46053431
-13020944
-59371276
-44789736
48646344
46850456
-46749655
61336120
563826
48221494
60376008
27517531
-32559279
53501706
-3887640
23293053
45114657
61619683
9043433
3363821
-11242510
20441519
15897975
38697349
63761674
-14515742
20161627
41528735
31060029
28092089
56871394
41701340
-46068356
32281027
64931742
46434464
-32387418
-30773092
-11999163
9816046
-14792244
-39985012
-63886159
34528092
-15259828
-47352066
4859910
-33930059
14830245
-45095287
-69654837
-45454760
29427680
41376987
1000445
51038828
2180882
27642417
-58169994
-8375693
4752347
53043473
69103956
6523923
27072952
-45663991
60749558
-27273885
31844529
72806406
66627559
18118434
-48538956
28116644
-502863
43629769
-60218331
62675648
65297534
56061745
9462651
-16450909
-3289864
31386700
54270754
-7825391
21602621
26132876
56371300
-53627262
-69607463
-34274078
-58428445
-45399595
36813853
-22717113
48568139
-36717947
35691151
38351233
-11555633
-6972922
28027334
23108943
2003337
9540304
-59346690
-2189921
-45113200
-4174759
-58219160
-52135322
61044927
35498406
31255895
9362529
41236063
-1915546
-36585732
15606508
69810939
37205619
-30451537
-1539558
5834065
39947976
-24988138
-38587559
31351094
5559846
5340532
58316095
24856376
10353710
15731432
54961928
-24811476
-33199509
-8347499
-10477475
-52511302
57026846
-18019147
45148592
32440801
-43383181
26344714
17427182
49528044
-2892374
-35599665
17604816
16325116
-59920731
-68618953
21276740
-44549512
-65052023
48256549
-26180827
-51042557
-7380875
40898410
54809855
-14032982
37326366
-12022074
24577364
-60955640
-43491876
5540651
-42686425
-22585436
-52267702
59336917
-67665747
-32695742
-59870628
-4271650
25411341
49157469
45186734
45356435
71907037
68185613
-49890787
-9745729
-30306546
-46321475
46015506
-35939430
64182142
28230650
-57714824
-47179366
39634404
58816866
60243047
-19844385
-17372730
-5731369
-45894888
19444506
-66652214
34736669
-44641845
15759466
-17979259
15113650
-29446367
-47747475
59999579
-68765455
-64114536
-6780023
-75759337
8214764
-72168401
-31747128
33187228
-12189519
3732399
-46967997
37185284
17481958
-7684814
42326276
4231928
10459993
50873257
59069547
-37201270
-3178034
25344849
14963377
10054279
67083224
-36707755
51051273
35558460
-13195603
169049
-17254719
41834721
18863620
29806994
15548786
-57457854
-10571118
-15880055
-19442331
31474613
-62405967
-29033944
-16695018
18019589
-17217660
-51959047
-21257295
55828707
3866150
-39722572
-71272622
45808226
33117396
5551695
-26542584
15890046
-685217
-29309254
-3897846
-51009015
-11646698
65642250
-50587199
-14776692
20287890
6231736
63313787
62040414
38891486
-49502786
-1507933
16575077
-38044010
24478489
44583338
-35878083
-39526188
-20212855
56259230
-4320640
47506158
41752292
57465673
47950021
-29788856
-11836519
-52855893
53803197
-46065936
-68099371
-10315511
-22373134
13703822
-63961729
-69410692
54496937
-34813857
-68602868
-7968753
36364152
24072679
-1019509
20452675
61942225
-12421858
-22018223
40806867
31336430
-56775313
-538868
3548070
6030346
-13981470
-43689056
-29282057
38602300
44419941
70600287
69588745
66599078
-34171650
38751542
60141048
24005124
-28042168
-55233543
-16949193
-61477515
32994675
28745574
52909059
65589612
65179187
-63514895
-50664276
-41177123
39791971
-17632809
-56378218
167286
28728993
-49353666
-65864170
-1975722
-72534836
-76727379
-3209781
-58457707
9734213
20842677
-58930363
34541906
66260859
67402356
36164980
67733123
58428907
27296693
-11310512
76865982
37878593
25348437
-17502300
75900961
-23926770
1547184
76575406
-38977577
68889416
-55516111
-51922146
-52135815
18849197
50633336
-24647603
14467839
-48956805
-45735589
30532618
21979977
-16395989
48054342
-3613436
-62905020
-4355478
11330886
9286908
42211234
49646726
-43442588
38068621
43332937
-4466172
-15465005
-46197442
-45003941
63669160
67012876
-63403410
-48236299
-57278500
9120486
9828308
39285131
46112070
37683539
-32199688
59819358
-21582739
-51088773
31328925
2937786
14345972
-56581323
-18594034
18959164
51582902
-60062866
-26687392
61779804
-58264694
-53018602
-898046
-48810287
-5952627
8330938
-16652301
-13210626
20144976
-11014013
-24572241
5300657
-15677472
10029865
47854623
-58441548
-28445440
-53110644
-68513154
-74711872
40085966
46271250
43726426
-55533706
19362250
-17274219
-36062777
-23998457
-42243191
-45677918
-62645510
-73514992
39542159
8266114
-50194698
-34605136
29315819
-64753407
-73054
-65144938
10449073
28980495
33842272
67835495
33930236
-16114434
-39698507
52684153
14648318
45231046
53527950
9737269
-49817864
6348821
-37079230
28842271
36373361
-10013356
-8272821
56167603
52992460
31180455
-49636106
-6676929
-18188140
12924824
64666257
-15764162
41793060
16470821
-8561832
-58592050
-69164641
-42916884
-18610572
-56164427
13945123
-42129342
53229797
-70354687
46608023
33585650
-49943396
1756207
63458322
-10258603
44134441
-33802519
32996220
27300252
-54269019
-2788606
-1868865
44332122
27987027
-38399211
-19024297
61250402
-50706002
23117116
44578861
56438287
-60580490
-66029956
19090007
2978642
-28332696
47036680
-8865145
-49057404
16972260
-5993390
-33828374
-52751904
51058093
-59386810
-9959874
20871264
-43565383
22248222
23819422
-23550332
5265136
-24185081
30651071
11902175
51914230
-28756762
-56084517
10257961
-21971544
-15495095
3931756
-44641448
-28801435
-18222713
-69681286
-41525831
-19378889
-6363876
-70810373
36045543
39224451
-68328868
38864330
55024910
-3198439
33332596
-1559839
27159086
32999030
14365127
56644898
35049998
-6626024
48721570
-42663488
37643665
-47122010
16110280
-14362110
59512899
28689384
55846843
-54300000
30170936
53679771
11046225
18375564
-45198652
5461442
-2210892
45227243
1013666
49892371
-40812564
-34999177
60809415
52331713
-57021192
13257506
44681056
27962423
-18289868
-43564831
-45750968
-26613396
-32441378
45885780
-22211444
12244824
-48076472
-47512494
9526165
501196
19002090
47407219
46018919
-45443457
42682358
48671160
38515439
23498765
20664458
16385916
-42800173
-47922896
-3233612
48567299
67838614
-11856590
55632105
65142904
-22316631
41680514
-52537626
68615961
-54667148
34297402
-45609882
55381839
58151723
69878795
-2587016
-53294596
27257603
-34506100
24594318
14288615
8379798
-18722535
-21604711
-66549469
-22657271
35720375
32708635
22095038
16064157
37413030
-48127089
58470207
57978598
23564809
68748770
58690165
-34101850
-2994871
39801743
50755555
16580684
-43208045
7204556
-4609366
-60653788
-38414934
-72240101
16435012
-62793345
-59239338
6799333
-44819854
-18759108
-56953192
46183413
29519956
-10381317
-44032116
40297939
-17219985
-62903601
8350752
54631177
62025002
-34875582
-57036801
-56692317
-8602168
-26096388
13299166
-62838289
28957461
3998992
-29614281
-11407305
-4844199
17385774
34418214
14777884
15124011
-4374130
-14009611
20674408
14535671
31477777
16516341
41270381
28740606
-13472483
-13562924
-49423527
-23237081
-68624080
18143577
6013496
-30013797
-70984622
14464236
-11577961
-76458016
-75907096
-35441926
23525068
-72610528
47827874
37644301
28345224
19625243
-54530511
36740400
39053124
30320733
51698830
-10726797
30037596
6873859
47085184
-46538379
22448503
31903072
36070410
65350287
-19173601
20339816
294110
68987465
32754922
-45389697
-15504598
58499909
-33712743
-18999422
46029857
45605946
789167
-5018087
-1720222
-44840020
56288509
62987893
3023530
61655036
21618649
-14502085
31119639
-47303575
21206371
-37182856
22440171
-47963768
-48368291
-22058620
-39172777
40589067
-5206099
-20320589
-43056754
4987313
-17740771
44630196
-10510217
63219643
-19830240
47565894
63242873
-56104055
48304037
-12929365
69338127
72317567
56576222
-278859
-14821790
35172311
-56066498
-54894617
-29553859
43493198
28750229
17203452
20245889
-31695748
42630933
23836684
58461309
5294564
22778148
70724821
64111157
10998439
32650547
32011690
-8808086
-63506491
-16881155
-10491259
31775658
43015472
59491326
57206671
60036177
15942780
46042124
-36354768
-67957611
37858342
17255327
-45207652
-64364254
51282686
25778135
-39766449
-58492951
-68509968
50837327
46871128
59524223
48661813
32808378
-35615362
-62224355
58395005
-12106226
42897996
25562878
-35277259
-36769153
-9352897
-67332816
14058848
23236465
-18185176
-68184540
-61270553
39739545
-8759757
49393518
-21093871
5877195
13672645
-29214048
16683789
60709743
65042802
-19077559
-42227746
-29884484
68092040
1919158
53495398
29760856
-37343915
23388547
9551361
69723174
-38710065
58438292
4097328
24833045
-17605950
32254600
-29843717
-4371418
14529321
45394690
31826698
-65288533
31472148
-12606975
7296014
-25970893
-19725721
-9088354
-13788723
-16957008
-503192
-26937770
7337727
-68537851
-26179142
6712853
-10049893
-13502759
48285510
-48622083
-21766873
19875364
38236574
-28224997
47632678
14653464
31019955
59671662
79875461
33305748
46738022
-48088614
-56859509
62686466
39717517
33124134
36127290
477220
59501173
32871248
-13935557
-54702565
20914821
17893646
-19867901
-54666898
35849534
23085756
13441680
15633301
-56537541
26510369
-46684004
-11825117
-63212168
-23783968
11417211
-15534750
50931820
-4335824
-7159768
-27260933
143649
-70644835
8535115
-33836602
26232138
61270101
-58137677
25112737
6686833
17500379
-2362422
15740768
-34161497
11332075
1048842
58712150
-28832121
-39753760
56636967
47563011
20239401
70047599
17715919
-23569352
-58942752
26829111
39246607
-32205539
-732435
-65173085
-68465152
-10953478
44094786
30944883
62144962
1009655
66522000
59581604
29787191
-20373166
-31089900
-19324313
-58812832
12836236
-3512939
-53329051
57664210
26056987
38041240
67368983
5862324
59303595
-25953931
-43280994
-62189928
24362854
-16946731
24022600
2212257
-12502711
4008767
65057183
68089848
-6377412
29198179
59095198
-7111779
14275617
61818042
72409359
2766605
-30035944
21917256
47484860
-11981600
-10072279
55973823
11043887
26113507
22251149
55241085
12048242
-59920504
16003360
-73408159
4153222
22521977
59033403
7578715
62485691
42611889
-29462310
64895312
57395370
-44089492
44484262
27124899
-1312554
21373476
-3555898
-67722167
-20507683
11260632
-21923176
9844859
25356592
53809245
9779928
-52295843
26292760
6523259
-15148121
9091660
45995471
51160847
-672839
-19187408
33434912
65107282
-33465050
-23219807
-36121818
54782869
12737000
-25967113
51785496
-18386991
1015682
47772872
31097771
8453925
16358348
55332584
-56878199
-49403510
-21210184
30911036
49171347
6847593
-15919248
-12941404
44005034
18307669
17592887
40724647
4805730
-1477203
-16286904
-56407308
45336608
-35300570
-3634051
-10004079
-25375835
-27687995
41291300
30784974
-17450264
22824390
-5904793
-31905975
6760750
-69216438
9929791
5161236
-63428811
-70132519
26637770
-50781298
-50181494
37285538
22341322
-44382023
12764678
49098213
-49196159
16364398
-8757592
43277165
-2853825
-6387230
26489983
32576802
71977416
-2069329
53866256
-10970109
55066394
10830251
21140813
-57638400
-41133078
30423269
37864884
13859329
46162393
-44115274
36729479
-44741676
12005540
-17845640
-59211169
5201823
-34121890
-75137706
-54983736
15765022
-30258538
21106864
40122115
2906828
24669177
51395197
52017558
-28787179
7196205
69789426
48859451
49098972
59963833
-7504128
-30261732
11759327
38415139
35699443
-44658611
65030152
63318074
61416426
-29767076
58303838
13679301
-63866252
-29885418
-56038159
-5402983
45092948
-26146529
16566125
1017570
16172771
23065587
-27008958
-14426980
-67173341
-9335604
-24679368
40111714
-28029178
17229776
32977907
-7337397
-26420504
-44491364
60396850
-26758156
-42062507
-25965150
-39756343
45963625
-113196
59014088
18818869
12982580
41449390
-39347357
27138490
32726306
-5959261
14625083
54122262
2454684
76572158
-27289422
-22585219
24726102
-51083767
63905616
10804006
-47779756
-45780440
12077704
-52200396
-18861161
-25592931
247804
18377417
-67635943
-67154606
-13780136
-19594058
-7031864
-20299437
-58387742
-4170624
-51164743
1284126
-63726478
-31457608
-23968663
43658315
-61440014
4301617
-2948306
27321038
-50052947
-59838555
-55131245
-22399318
29502192
-57402515
-19344782
6762433
-37611630
-28787162
31177851
1056478
-16312061
68819538
48848926
29883984
-33551618
33509538
-1019942
3742496
-42372677
55608959
-54947064
32003597
17080956
65643841
67944236
-17650590
67728616
-47435980
59051266
-46333442
-48190772
-26353696
39929664
-18248419
49098024
51539153
-48395643
26232083
-24803835
-40919753
50267768
44722530
55832155
-21742216
-11825002
-67761524
62553246
-19551160
-42542727
-43700937
-38782882
50104671
-43364093
55816215
-66777335
-67391817
33439956
-70764227
-30201058
9635890
3729718
-7286321
10054200
-16443101
13027618
6536710
-4087373
-39806669
-18658101
-16053545
19973388
-15874792
-39730251
30420326
-28712826
3737302
30460261
-25230063
-57439971
17911146
-51730254
-16864041
58959139
-27053051
-8490713
7397036
56021512
57969523
31074849
-20840218
41466292
46785987
69264679
78668331
-38316116
70978558
-56598508
13805790
-54739769
56695801
14713455
20393672
-51035951
-62775240
-13442922
26200890
28522343
1598156
-45739676
20288273
-66765549
-5360500
-62388268
-59455653
44345761
-78744840
50527535
-23521848
-50678182
-33027628
-76070452
-65964272
-15717002
38159067
-65513018
35154605
-34406595
22088355
-43647249
16613392
-35185095
-39288710
-62925567
50911063
58384982
-22271820
-17588363
52346679
-24085853
-27746335
12729538
-35167574
-4116077
48896584
12312263
35416387
46643472
16704242
33132818
48762818
19430904
27567728
-51667997
-28531892
46474502
-35256454
-32994584
51875206
-63715420
15682551
-46208666
-63809787
-10984126
-20508004
22962044
-57259745
48747500
-38430729
-2395766
-65786858
-42140741
-9100199
-70027644
-29489051
299442
54262944
66561557
7611362
74490889
55756074
132520
-30353758
24274898
55418965
-29012063
30444284
29704719
9745120
-5635183
-55013727
2016318
67694808
-25036188
61864970
-47253203
-38175717
-72204469
60330051
31949221
-4150156
34580401
-40880771
-16002589
31435325
-46734111
-66464601
-72037678
-63985830
-42675265
-31247816
-24988635
-34657806
-27543920
-52373269
38715573
44545887
17154158
-28509543
58676999
12276723
-47203765
-1588064
-48454507
38573346
17877680
-35547500
-61643668
53003218
10407661
-60508890
41545983
-20491195
56800810
-50583705
54912760
-35910413
-246119
-65054406
-69309691
-41078480
-72284064
44922384
-52263931
31498545
-24204636
-25392751
19066324
11516701
16455476
38345093
-43291749
24399471
-42958051
47970930
20097644
-57137267
-4024015
38056762
42731778
51449153
9770798
64315851
51635235
-21029296
13272405
67858488
13901790
1568262
160362
-57976856
11400684
10388035
-28385704
10898371
7647853
-38010575
23025785
-24675426
-49120353
57128012
-50167835
36539974
47622031
26196864
-51431812
4314863
23807735
-27766679
64386758
52400157
9375845
-26471522
28540288
-44401246
14739599
54882237
-8357399
-3909467
11617780
41809756
33967767
37004117
55757071
10212464
55936327
74978565
18287393
-4080296
-18475549
-15363077
-15083107
33714460
-59762657
-61588563
32785224
23566309
-63399166
33250052
12783265
61171017
-22417165
-8304647
37144179
-33325970
4180337
-5127077
-66167268
29757367
-27719745
19037329
-69966741
-22691455
18401153
14390057
43263235
14535547
69863579
-31823930
419445
30928833
17701542
40327383
-37539311
-56890798
37785075
-62638689
-61649439
-26097866
49054002
19065248
-6672365
-39458089
-14241799
-60888318
-5198839
37789444
29327521
-55252548
9313017
-18024048
7275891
65244578
54800252
40094784
38200995
-29351873
-58986212
34135183
-9290649
-58194534
-69657413
-73148155
47994072
15512905
-38536499
57243230
-29531498
20167950
-18593710
3619752
68105520
-47291128
68769429
-63793547
66908497
-60903106
-30436224
-31746395
45929164
-36693105
-60586518
-21842510
58587079
-63475274
56860705
-5774944
56092269
-32923982
-33852461
24344855
59201224
28521741
64285486
1937446
-40673335
-36321093
-33435458
12850930
12064436
-53659249
-54321433
-68031114
49023583
44369810
57370344
-38625419
-23654763
-16842819
-35728520
37982040
8990381
-45884722
-8540146
60175765
39077494
34068249
-59274727
-514524
-47955345
-37861886
-40618287
-63914589
-40461985
-51803375
16076479
-25669197
-1382242
-7917084
15161813
-17137718
-28075844
-67455101
313862
-37860842
13776383
46751249
-47734281
43125590
15405827
5778329
59769241
32299442
42039888
40815255
-33510848
-27522930
73921496
57763061
73528485
-12461628
44692192
41877160
76518715
73361189
-48685643
63302722
18272643
37762186
-48070676
4150208
-23769041
9197393
-25277539
15642171
41831005
35778588
-55059596
37733455
13295487
-68135595
-47738500
9262495
-32849376
17510731
-24073140
-41151144
4660583
-5877842
-17328411
-52180576
-60990208
17164002
-27289121
44457446
53006295
-23215207
-41240332
49591952
-55529676
9202394
67352829
-21825404
-58738088
-34125808
-243635
55133444
20777224
-47259142
-44755181
-30599969
65364240
15080090
47204151
-11927429
-4674847
65572344
71269221
-8761244
-47246242
-59731975
-7887101
-40321463
-68313332
-58095337
-55622875
54384232
32352677
-51452835
37700749
-62838222
19009856
25718955
19151324
52934634
1364704
31044704
-61339504
-19694182
61136562
-5303176
60086886
-34863460
-45133016
63555548
-22239873
3723403
40847093
41626548
-7440404
48232145
-29096542
9696553
-14106483
-5878664
-23391365
-18434285
35578990
-16106905
-42190442
-12246657
-59394656
-11429965
34041780
-54856227
-72449462
57337683
-13754009
36318669
65475904
-47350405
67299947
-13053254
7649616
9970830
18864539
16496924
-42112441
-16042937
43258971
2850548
-48048445
-42704792
33372573
4113637
-54172431
37199524
59326349
61457717
25474829
-18728983
22644473
11844612
37615181
20947956
-30082747
-15064449
-9542135
-54186226
-52967073
45603135
-36476912
23381814
-37516119
-21433608
-56541075
-39790844
-78365276
-29151067
-5013499
-52402869
50102699
-36401839
39769141
-39098175
21509193
19075035
-49432845
13928554
16193509
-6450310
-35862447
-27606440
-42878445
-32653506
-47507350
-52400984
-71929643
57201668
-12810414
67624317
-13968110
67573219
-6430998
-28518806
1478904
37784315
-29593054
16944842
33517371
34882489
23897772
-11827081
-21866453
21957552
74266331
-6953996
-39871120
41852948
57437712
14602621
-56243065
-17577648
-26966262
48295415
31789453
-57273421
-28804874
52713435
61812209
-2754478
21718586
-63213181
15799488
32323449
-56726028
23059738
-35152414
36435493
23085859
34047243
-54599982
64803636
-31337539
-20748316
59750160
13374756
-23191965
50307634
-43481644
-32524331
11253220
-33444487
43262516
-37670962
-62526856
-34331850
-58721997
55060859
-65316888
-67879718
-40621985
13598672
-54862293
-10596797
-67243392
892743
32774901
59379940
72882777
50169360
72390498
54739424
-11137405
-36529199
-6648006
18356749
-38283409
10947182
65063184
-58037665
-62491554
15202746
36730431
65175708
60977469
-44323732
-17125330
-8202120
49105225
-22916748
-10557404
-2967218
-19404646
19904705
-57494288
41900975
-14619843
19215580
1837925
20039197
12924396
-3977597
56493416
42228679
19112158
31381764
-16426682
21354518
-363855
28838802
5284012
-40144852
17987315
-52528471
37171614
28647198
-4896629
-44970481
-63421213
-5092038
28485836
53476411
-23212425
-7698897
45387366
64474233
1929237
33616013
35705851
16791970
764129
32475072
22054554
1774505
-3518619
-34000403
-2698773
-5949155
66142571
-50109409
21684841
-46709782
-70442553
-57043753
-58782835
-5049738
-41234926
20642736
-54390928
15301981
-9396163
24889673
-32759313
-41502372
43523513
-3104300
34114978
-6660210
-35771107
67229233
-6139334
-21035073
1329041
23389673
40698954
26969377
-52655966
18899121
-9405628
27310771
475737
-56991183
-7548162
26325688
-27547462
37140534
-44064868
18144292
-2614098
58518411
31629661
43248510
-63888008
48008780
29954320
31593723
15315954
-39106705
21167997
37245276
-60417402
-18083654
-69691124
10123014
41334205
24447466
63897810
63155983
34802893
47605881
-40811402
31873955
10424726
-38048413
-11820339
45698382
56681976
-29810638
-40394206
-28934341
5000845
43526911
12238604
42870461
-47554160
-60752709
39410079
-71636457
5311208
-7908720
-57507103
32039809
48627578
-44498369
56735177
32778896
-65120571
-65344366
47010342
-53894046
64324264
40553675
27154742
-24559769
66083201
33407153
22181654
68281586
79593676
78646304
50345161
-28860544
16533242
-46430965
-56565898
30961773
7529163
56587052
48798931
4822242
-24253556
-16954790
-64613531
-66284024
-20165348
1181935
-47705973
-29632615
-34051149
-20794287
31058130
-51211128
7138516
36938368
16147291
-30879557
4072465
66737200
-24318363
20423542
9262961
-45001405
64278070
-44444320
65391331
10774665
43941975
-43188429
29009421
70199225
-14053655
-48878801
-62211359
9401662
53062070
69475527
-43682279
-5923065
4018922
58937420
47795211
-1490658
33291972
-54550943
-43182118
-40041609
28292384
4797221
-17791438
30503292
59033887
-44814386
-62065657
34499109
57321796
-59301952
-2930803
-55491341
39998728
-28638278
-29384067
20470374
-3485416
-53496038
-19301146
36191141
7678253
-41029304
66514973
-58972557
42639782
70846760
-4463275
7269053
31665735
71232268
55626343
15235787
-48541434
74904800
2091643
56250828
8891097
30248677
-47088986
-15356436
-37211933
-7554469
1559556
-61505543
-60627838
-9828550
-34963640
-43480888
7955459
17663488
-1883695
25274342
-67142295
-36109975
-599839
17129389
54786905
-61023551
-33364709
52924378
-12292571
3130956
-38661315
55258971
28270721
-34608873
15686741
-35415888
45480142
53016568
56860740
24040496
39674996
19028364
34365169
5166703
15832644
68421504
52847084
36475668
2105802
767425
1425993
11841454
43132230
34664847
-13934052
52317796
10641933
-47155691
3808081
-35518807
-17693713
-4717223
-40210006
-13449318
-19975612
-59301352
-56915644
-38201419
37982301
814670
-74169766
23217070
-6053355
-38375706
-181653
-44298456
397438
-500586
23248522
11632873
47402465
65595911
-47854062
63861610
-30461454
13082686
-14906302
8248585
48985742
49127757
8518485
39603156
77316401
1656767
-39891125
-21857210
31153377
-38333551
36169248
-50339308
29714769
7897464
-69736167
-22815254
-14515794
-71664299
41693816
-76222380
-38700914
-37389061
-45589806
-44800302
26712408
39913248
-5255763
-63007449
-29347317
-12331684
-45565899
61321534
-24515749
69075064
22730495
-47981390
-62033161
5743148
-34923909
-9093665
54052745
33486573
-9114518
23995835
14742725
-147824
62735524
26325680
58383330
-9506674
-8922465
65307249
26442205
-52170831
26348985
72392341
46912928
48757148
33591833
-20966146
-50919929
51084441
-58302365
-2799312
44299581
-66783831
-17423643
-54719719
37257887
-15919352
13570831
-2211437
47498535
-32700493
-38405062
-4841580
8840276
-32736519
-13977563
60450167
47426200
-62794834
21111500
-48098973
-2483952
-15560149
-8580751
51805951
26966329
-30150929
-47097625
-58214309
32214802
2943362
-34462909
-63817553
-53361120
-73772832
-18124896
-13284727
-41544391
61329926
8277592
-10029670
-30225302
-54946925
-28325530
24770017
65152063
33846278
24789353
14958734
7200510
30494981
10394473
52314428
26554073
69188317
45144363
10919317
54488313
-8982902
49445748
-12738417
52412371
17220096
48353708
-6131222
52700156
23878915
-38270168
-45483259
35510338
-60929775
42151644
-54684166
-48483207
-43232655
30227894
-58810556
9942171
4956906
-55931538
-47871157
-43255617
-5596938
15325037
59469970
-16402188
49809596
1247288
68014850
47117764
60267592
-51427189
18482214
-46484325
55255591
69191093
-29497351
-22865805
60371147
-54160811
-43696824
6390559
-53697387
51320470
41526326
5426039
-40301994
58591171
-24906046
43038714
48057148
41739035
-17582964
-13164700
-29911948
46083251
58345775
-53700248
-19233203
-58390454
-25639424
-11886919
27632828
-64661136
30883024
31268972
61658854
58599785
34391271
-32340915
10083953
-53389127
-49432665
-42439483
8802617
-63014424
5822811
-18197486
4234744
-16446328
694689
12152179
45649044
3554482
54294601
72856456
-58318696
51174991
-35069744
-46482947
1278707
-28047821
11726230
22676890
32764167
-9106494
-10479436
50176536
27948920
40110176
-37863784
-18132308
23225290
34753243
49260553
48788110
-42312099
10660369
-27788537
65943056
-57616025
-36910098
25567281
-780488
29926615
60706242
-43665378
42087417
13231814
-68436114
2327376
-384519
29338959
-62235494
-24641951
39330011
21523232
-25148319
-11259783
7954998
-24176081
1143262
62661180
-40240094
66053239
-24018554
-1919159
-44031151
-68260511
-58243234
-41174452
6797313
39216871
19363226
44315893
71339184
-34133082
61056244
-26164351
72527900
-9743144
-8742949
63321735
31360402
31832735
-38931069
60146404
21248240
19086793
65768540
-19407811
15261294
-1132411
-29792953
-44094489
2337391
-71956112
-6445192
-52468904
-32278016
-38058897
42197496
-45676282
-52571216
-5239621
-21336978
-44835093
-63450595
-38352636
-41746673
-55198686
-5786090
20770150
41404111
7737835
30054549
48845730
-39619175
-38571792
60339584
-49660425
8865502
-14524715
-1050411
5374746
-40751921
19938752
-47898806
65599030
-30962333
-21036307
-53612268
-66159917
25924159
-20030892
-64649862
-24669058
-8239017
-7611109
61685417
23649003
54257904
45601355
19465993
-14998733
-41267003
48338383
23250102
-30401094
44318624
-19533758
47695097
-2528460
24670151
-30052068
-42989372
57683666
37151256
-25519200
55837746
-53980731
-19025583
-12379010
-46918745
-14092378
-46981531
57875490
-32659687
40410200
8326396
36562319
8928144
36451190
-14446902
37168343
71569799
2710025
23648312
-28774973
69529538
-43468143
47891246
-24433736
-55168640
-589981
3594812
-49054713
-640808
-20367327
-1734956
-42492988
3156786
38628764
-63164177
16047933
42400498
13910735
37725406
8806422
-61038644
-46835540
23964036
3140294
-49551549
-15833297
62303368
-38414287
-35940279
-45501341
-11405429
64246439
-19790304
-50134338
25499705
44059402
-18368553
28015542
15768062
-57053049
5162526
-64144437
-44459806
65157237
-7911906
20049252
-9643980
31281012
-33351052
-28437940
-53985249
19783273
-65081824
31262943
37413351
57735778
63233594
46916893
-42615329
-11895729
57799333
-21196102
16852251
49881353
-43925857
-45624265
64545430
62013160
37818505
11200506
-63289579
-60983347
17715769
40871489
-36991805
17521004
63091403
37499628
54118771
62969624
635392
-4585112
-12311771
51758407
25794520
-58344202
-45127888
-59068270
-51580296
-65382035
-56697632
-25966924
30835255
-8140294
-39973598
39515332
1715270
29142111
27429614
-3155741
63339308
8794873
58366989
-26989049
-46521681
-38350140
-58056819
-65208575
55224491
1643579
-46887077
-55869320
32986844
-4025418
58728383
14846832
16958239
-3241358
-26255304
13144170
-10634875
-61100623
25491464
16037477
65837047
29894655
-32185667
36049625
33416128
18865636
40646521
-4202684
49773006
33097571
-48630007
70503953
59183685
1116190
-8763288
-35687262
-22284299
-48841763
-43817216
17403417
-46061449
41737502
28272762
-42971819
-6421303
-14086803
-42129078
14345825
-7261305
-72637817
-45448792
-75351380
23638493
-54739597
57678198
-35655845
28820722
39929118
18357671
-61106104
5663423
37427275
59358708
-14371605
-52332246
66870126
-21979968
14288690
-27529742
45379371
-17794415
-63487024
24777338
43540245
-22706909
-44128680
64935781
-60606943
13285044
-11996252
-41742485
53218027
-25476102
65246909
49020675
-64586341
49252693
12334350
21107820
1066828
-21604735
-2483361
-30089112
40583431
-39433039
-68129118
57862916
-35648989
-6961187
-41693862
-38808282
2696761
-11150493
-23397266
-36721443
-27665497
3546048
-5911918
36434709
51893068
26100556
7488390
-1380342
-31009689
70243292
-18112163
31929387
20338456
68716546
4812203
-5499257
-81118
75289175
47730868
52423270
35857191
7563195
48654479
-23078271
-47825555
53939283
23360832
15624541
43953603
-20269299
-28117226
-19425344
-66003857
10022693
49916551
40381709
-37285740
34784009
-51410984
-41685351
-25310204
46745057
-54072912
-65349771
29298724
41286656
49714061
51160601
-12676922
59095900
42621279
-41315655
-14303026
58261960
-57446419
18630241
-28681890
10004431
48823750
70593405
33742757
-54894425
66170353
43746517
-13458318
-42324294
-61464444
29927411
58728059
44656089
58693340
-17292599
63536025
-26418016
42702313
-39725273
1024748
62311828
16548273
29475729
-7009099
-30191453
-48664140
-34116219
44016758
-22674867
-41957358
-46479530
48558059
51329467
49588066
1325421
-4740399
44679676
44561084
-34799770
-3322699
48236046
-28994731
-63117773
26148342
-29192033
-70057810
47757239
-11599072
-68895243
-51451094
24873900
-56785028
-68560600
-46347047
-12691501
-41727914
-24227200
53835746
-47394691
-35678119
-49154842
60908638
-55771072
26997111
15151102
-42433248
71586018
26522573
54725987
-30206310
27797757
64611546
5536203
-51901034
15240369
38648444
-18326945
57348355
-59988274
40858076
17880728
-11036138
-38828731
40230975
17501195
33531290
26447927
5472908
3871448
14659601
22870916
65417651
-43164259
-67329365
-8239651
25370002
-9821322
-15186732
-63244816
-72124811
47046834
-31289031
56555842
44787803
33985105
61510988
56093648
62338136
-17555610
29083422
16492079
2566276
34271576
43692705
57257493
-21493305
-7281766
-57761020
-28200131
-58643448
161287
-12927174
-66771737
47358101
-9275160
-72876391
-62896699
-12757168
18658578
-64347353
-53140625
-75918860
11612878
17369316
14179026
56008101
-49386825
-945231
62720082
-25256351
-6393983
-54598837
15595665
69414942
-50450304
1775694
-14692738
-54642989
59634401
8080357
30291790
-29566307
-21294611
-22936540
34415521
39210287
-27099980
50023889
55968472
-17935699
-16986449
-9081388
50750644
6831732
-60211429
25985986
-59527091
49398993
59216499
12965137
-37564642
-2927223
24512341
-34159331
64080279
-21121008
54823358
-54314054
-50303813
-63048573
58878973
22533312
41625830
3271004
-48377152
4407048
-52187774
29138394
-7959281
65714706
-16419641
8624060
-59028462
15017470
22491677
19362447
-65328127
-69579221
-73996190
-17891456
43177482
-69831797
-4370029
-9694999
-55920551
-3919636
-43606930
41468168
41430476
-41069790
36863570
-18946440
18014820
42363209
-7686297
-2545288
65461248
7199647
8817632
-44734970
28373959
46011361
-31951564
-62670002
-53577673
64316998
61200455
50683393
46663889
-3035486
-33740964
51915354
36574559
25298297
40480981
9711930
-15177655
-34758838
-10361461
-60666245
-6620709
-592843
-37273062
-23775549
-4971479
26266023
52669393
49181125
-27618039
17147785
-45224634
37952066
-38313265
42112049
-6923046
-42441392
-69393155
59328001
67215879
55145699
-32760392
34095109
53357425
6896214
60631368
-35709263
31088038
25235214
-15237444
-65468356
-51476338
48062551
55011587
-41903790
58279112
-36018827
28724187
-16651632
46685800
41725998
-53821723
818604
-37557587
64231499
-13634727
63039885
16104192
57608776
-52456337
59739644
15033936
3982302
29514205
-61388349
-49047790
-59622545
-50805861
-62367459
49924510
-20135411
-13911269
-24451326
34601661
15999945
2456945
28487989
56393620
-53758266
-32356579
52310683
-225632
68663676
71211807
24873806
36115013
13083434
-8189352
75865249
-17347290
74713566
21770566
-58020877
39749617
-20795791
50459677
35925741
56055706
-692174
51703713
24668978
11577663
-44476462
-1706325
-47405513
-55565988
38690608
-57532004
2235852
6458470
-47648027
38251799
37149148
-73733113
-9257901
-3285141
-53466857
-17241542
-69705466
49114217
-71151441
10551583
-11290724
-55172281
-1516787
-46399317
-38655389
-62231916
-70032463
52759614
3473597
-21742661
59837354
-51353844
-41125632
69257758
33194285
-23608220
64635528
-22750348
43626459
45569962
-1351449
-50496496
62779654
18398409
-27130078
-21900895
60293410
-56533784
46039926
-52155137
14770414
44200306
61136756
-2258145
1428383
65625878
-28456317
8528568
-14380895
-25750421
-58704004
42424753
-35327238
461692
23504458
37932616
-32495503
44938529
-41990340
-32158073
-58841374
31123956
-14723401
4816329
-4996156
-50845718
4435854
-31757054
-34046758
-20206463
42804794
-28885943
9166382
-54014040
17271630
46847045
66376864
73242054
-48165704
-36986758
-43903880
-2474842
36128691
10294898
-55584568
-57664502
21680200
44444922
70931076
-4304982
-4535635
6577392
-58667564
21687926
-45588437
65533099
40821811
-20314025
-3920238
57560668
53836583
37245428
31755435
-13489261
28725430
43668512
-3840282
-61221055
-19227633
-19393297
-3897677
5876095
8581269
15421757
-51019644
54094913
-13517930
-8602207
-21321536
58767258
51036390
38245501
-63288965
-61821211
48455967
27766903
52495145
4594286
46970269
43223946
17066722
23023937
41241800
-50552413
32512667
-7915076
15678098
42627977
-64103444
55839369
49505849
56691084
50024947
6522018
-29116503
-10845390
-21322926
-63931485
-35080644
-32036708
-77955610
-39974735
-82273473
-71259573
-4752662
44863312
-72062545
-7418815
236556
-67675751
29762832
-46216721
8632509
66366412
-29634239
18799564
61197186
53118572
33834780
-31581969
28142425
34030392
-17197033
73880269
65765575
-36219187
2780375
-37594018
-12213531
52690810
-57537579
28143524
24743102
10071525
-48586389
6313130
63776174
-50998331
-26737955
13906988
-6730208
30566119
40907432
-698196
5192714
-34540375
5008544
-37657956
63201069
-7300789
48969993
2188824
65003888
1049965
-32762261
12145781
58753880
-14069819
-3078295
33486555
-57653657
9871782
-64439789
-57994189
-37904286
17935222
55091376
28049313
-23061513
-47880349
61651664
-39322347
-50770093
-21838801
-48252358
54512378
12971229
-30332611
46465337
24469170
-60441922
-62170869
-4679482
-55408785
63381228
15905440
67351732
6967886
65029421
647421
19936211
28855852
-30809666
36877590
1945963
-47700230
26523983
61108418
-45279424
37660942
-41156761
5099758
13980787
9204012
-23331315
-59032103
49620506
27884015
42865830
-38901219
13565926
8933482
-23046914
-8051714
-58370253
-14309107
55655994
-64561587
60112828
-34624643
41994880
34028814
56528830
-45499964
52700333
38030956
74963349
60778182
47674895
-28628771
55066536
73116135
-20421080
-47458643
42037868
404145
-51233664
-23471781
33193580
50112763
-13293225
-36587065
-40694554
5022313
-15812938
-13122736
-76287725
-80632918
-31198377
-35772911
13990650
44899697
55473138
9082511
505005
-31653310
21268477
53173861
1793230
33858582
47495640
65699331
-17698936
-33306763
30160339
-7828617
-22304339
26452229
-14443243
-55702978
-49319665
10172146
35304446
29158806
-26694101
-4957439
49532245
2342168
16442722
60399924
21429018
-6031495
-32721475
60270799
-19107370
-55542230
60246973
19889643
53256300
-50421312
-18992988
36664130
19526272
-6966754
-60806671
10199028
26835888
15893667
61903371
-7649755
65775669
38106083
19773961
28351185
-35170157
336807
-24608016
50348936
4221015
12182400
20321296
-68578342
-2111736
58656799
-58486837
-38746401
-56348198
-19089064
37353771
-47929167
24566698
54210840
8955555
7704725
-53912858
-53069500
-9791370
-53221643
-69130716
-74828601
10718225
-15856877
13702940
26036562
-41629534
-32009188
-35094530
25427864
-46382838
-46563671
552599
-9391591
1165550
61928714
-36455650
6739034
-29176393
-29619001
3529777
70277175
-19930919
63415505
70584715
80268297
-9943144
71379571
-547449
55149960
-23684400
-48569409
-48926880
-12119715
-5542356
-40303816
17286371
-29021215
-2290301
-28186872
41135394
-19621566
-14804332
29895294
-12851269
661499
-30517212
6299293
-18690981
-62993984
-25749207
-9792846
-5285325
14987000
20267944
10507016
-29863519
-64352541
-50802414
-21036579
61474677
-49117198
61152922
14302205
-44199087
-51090650
-5233346
-36122894
17304670
-11330239
49942590
-26608993
-32345611
-51817834
67710435
64676941
39636519
67295388
10269995
4564890
-31838545
-18951884
-45144469
1361209
-53200925
55731780
-6642420
20395498
-10749532
24724535
19185437
-22259993
-14732035
33196050
57725640
17089428
66908823
43541617
5415253
39094230
64861651
59337907
3512476
-14366672
-45976899
-39425321
-67435918
-225836
-76751340
-70409473
-78736724
17324023
8488273
5479981
-8272642
27867322
-26935369
-46117872
-16885683
24823259
40978316
33750960
36320177
-31526042
10803724
56107154
50422018
1765612
75685847
40929729
46378784
56760752
-21799665
61380485
20804285
57659789
-29882524
-53719090
36204510
-15278533
-68775958
-25026288
48288570
-47393351
55638581
-50502839
-35580129
-19166370
50255420
1389116
-57650119
-33039950
-76234060
-45612
-34642616
-78563647
-68406657
5016589
20504423
-47666912
31666382
-67822170
-26100092
19936955
68618610
-3881461
-26754806
-53710766
65169335
-295394
62945093
17994926
13639119
-53102747
74396588
5502666
32941698
76875970
83387415
30470759
-6729057
-8560354
8441239
24314770
23459666
67581102
55745799
-42031751
11859105
11760683
-16243235
-44185332
60074673
-43834363
-74959516
25339252
11511396
-8128471
-45707007
963489
-67463219
-18102305
26203690
12858974
-52137157
31213032
-72550947
50977888
17215917
46402610
36160636
-43620992
58785690
-61396121
-9389954
-52667891
52602455
38234646
-40782797
25185878
-39744651
30702674
34609335
-4452369
8404979
-32921867
-5515847
3055678
-13590461
14372893
44698883
-54860951
-9584345
-8638166
5679769
31659769
43197373
-50281214
-27400778
-48544745
55218300
50333799
62926441
51708667
46537494
26718652
69532856
12784323
-29216223
-57122540
-36481561
-27976908
28678068
-46125221
-56536152
-65331220
37036431
31150597
-34252017
-53606066
-61968932
-71081649
-10848353
-46841486
-14609276
38710342
-17068493
60177781
59982399
30678564
65141614
81056310
40570072
11526624
-4084875
5121379
60846257
60808754
-47136526
-38890326
-54253357
-19879999
35677000
64190660
-58161266
-58302517
-64243441
-75741467
36945294
-8863757
-29092839
-78686942
-30534419
-72043089
21298447
53200813
19247539
-19305667
-63623078
-65593072
-73752704
-44874714
-64158457
-32582773
-39306603
11424727
17158800
-58850023
26210210
24508034
-18735268
71985229
71207036
13070089
41370580
-11540071
58454177
67501228
54522070
18397927
-20973641
28160539
43989309
-28043318
7256945
-35448912
-61857422
34775020
-42024576
34837986
-27616122
-52121516
-35497813
-61488640
-72517354
-62258654
45967902
-17455261
-67276427
-50241062
-49666846
-18679629
44339191
58760190
33964217
-16594150
-37480938
4645753
28761325
-31661506
73182523
34154071
37571781
-31219778
-27823371
-40651560
55046997
50637824
25028733
-52293364
-36431636
-52773206
-28500615
-59221893
-16270160
-49388593
-72578931
-68146952
-51392892
-63776428
-17889419
-23962713
-60318580
-74962455
-10165344
-58415643
6641349
61771218
37423983
-11962407
-34981054
10139784
-1434745
-22487902
-36366497
73105199
65544580
-36312266
10668420
27086430
-44328191
-22758455
-3786207
13373341
38196906
21687252
73869555
34167114
55858550
-25241397
16820075
26402895
44341921
-6450636
31464911
-21019651
10999801
-38928640
16091121
40415564
-45153062
41166242
-71488263
49901627
19704585
55703123
29012772
-15798875
-63124305
47626048
-36657562
51752161
6586142
-39755658
-21783667
-26437427
-29818300
-11651836
56293688
-64927276
-17987376
61697124
24943536
-46486400
-409918
18220734
55795297
-15359089
56578763
70707760
-15106041
51277195
-23027611
-40208663
47545995
19023017
-3285925
-27303246
-22533680
-39360978
12850723
-57766505
55986904
-12273843
-40888988
-74217854
27400514
38110794
7446316
-64997057
-2792500
-10861088
10606384
-71991966
3485582
18596133
-47146824
-17417306
63175979
-21383623
-15432011
-12356814
15162227
-34751791
-3011597
-16109074
-11506851
33192129
-62835772
7736159
-7550198
33602960
22060680
71895182
34313257
43965892
74226787
-21403066
-26308824
69602907
47465675
-34752603
-28596049
34071256
47408276
-19732780
27733372
61772130
-52474442
38952046
47426996
15427877
8803567
54058114
-7347336
20910383
-64172445
33782087
64026524
-17494791
37904118
-41639028
4074775
28119206
-66598215
4677672
-54409263
47589864
-58451808
27551350
7276586
26366696
36209743
-29566952
36872737
-58426099
64914039
3537699
1627312
48947678
-34797858
13315801
-62201046
-51061892
48408564
28367037
-66960575
-14503913
37929262
-64623730
14073511
-34928932
1642846
-28646543
-48762527
42284848
-16657291
-7442166
-30552589
-41542763
-23473617
11588331
20068400
-56606174
1427458
-48681295
-9736490
1490412
-56876465
34463726
-13163253
56948486
-59530172
63425058
54850561
-3259134
69385183
61376193
61610323
-29321086
-34211309
-20558869
9626199
-4835174
-50924669
60202569
-51881203
34524895
-61127090
20893265
-62357547
34325064
-63209354
50164767
38363261
-30585236
16699053
-69352828
-50910931
-14306447
-20400234
-14323719
52872694
5401555
39131882
-15097619
11014929
-23007595
8767460
-1222198
-31657187
-1766608
-16372535
49405367
64875253
-21411478
-61650699
30117803
35110353
67325347
68672029
76248252
77686926
51824598
-12365241
66517223
27092551
72883048
50433716
17115167
12698314
25117528
47884673
7837706
971749
40773112
-3969597
58580581
8379957
-1682957
-43249541
6642945
-8368515
41347091
-2626228
42928242
38515107
-17823856
235488
-49557981
-78386077
-9549351
-55608087
-58366480
-32841810
-12486580
46223220
-28340523
-56692378
-17556538
34405015
27751056
-27233315
-21621550
54306446
12525952
4228135
47974563
64816588
-46486728
-54182389
7595810
-27376008
51602477
-27579718
-51037296
-47149303
28402837
15274335
-12954736
-8625854
-14828328
-21470437
44486731
-51546089
-69565540
-42511455
-30029687
39958221
10986398
56084337
63389461
47676664
61858173
-7170333
41544650
-30125610
17996369
7583998
25876838
41016016
22359490
-16156223
70534655
2762914
-64198055
61451328
55922635
42281480
24135906
40440590
-23326174
35208589
95887
7071710
-57168394
-9717711
52510734
-2691781
47512161
32204345
8304614
-65114575
-10046628
-31182606
-4717637
-24958974
-19805285
2401749
1560111
-36575949
9543136
42061263
52692315
8381123
5031880
18273303
-42245706
45371791
-34661594
-24163763
-22727806
-68997308
27613459
13167241
-42909653
16678222
23761560
-25712596
53777589
-17298123
16152208
71524219
-25755229
-55439706
60831484
-18298276
-509743
-47318293
22042172
-54402735
-57377513
-5573029
45738766
39002128
-25353036
-64898583
63573390
53536236
34984818
-52583987
30347221
-63190749
-59408542
-65546074
-17518943
34426398
33290669
-56652950
23549538
2206993
-500240
-47886846
-34833565
-39024516
37345690
-26945021
-47557314
-36147502
-14398847
38477700
-35946207
16736984
49712470
-55901197
55091566
-2650817
-59642252
26797329
-22070045
48678547
-41311651
-6316307
-54266368
-68137638
-16278395
-31760331
8166154
8890615
-3383812
-67745928
19189297
-28293921
1999709
53648014
22733575
67201879
-28586605
-22231072
59135097
-4160664
-59738386
-23510489
38970834
56699861
5295404
-61489175
41843988
49249926
4570790
-36728330
49256420
-15692232
-11598116
17258430
-23252676
-36971554
27987282
-19865367
-49891174
44402756
50321031
-65336218
10542170
-17090359
-6361731
37142266
34342047
-65472713
-12282829
63545446
16379115
-44328152
50040370
-25210194
37625252
20654401
5633072
34929021
-10696933
-4297744
-56711007
62818810
-43073528
-61505260
-30723480
-32184167
9572051
-31479845
-35349325
-49284469
-36950240
31716416
55542436
-14359394
-27904999
-60339198
-10673445
50188700
3377190
13625297
44624456
8976733
45768243
-21978900
25651264
-15723203
38141745
43225747
55873783
-22468580
-4782926
-57357529
-18971825
-57667771
-19242119
46445249
10682279
-33468091
61918343
-18038618
47947656
41943939
-12779637
25464171
61636632
-7851021
26904965
673698
69482663
50241746
-54540758
37577428
-543824
29954949
-28735999
42429436
66136960
-20848593
49295499
-29033659
19170410
42371296
28656471
37361689
-10464752
59564829
19575137
4426382
50118877
-53108605
-36797155
14683205
-148886
34295695
23927232
50836036
58859018
-21569105
-59412381
-49329249
3832794
38250550
4390927
41194024
55829105
-61657091
-26755959
37315947
-16122653
51175364
-58001019
-58057877
-19970846
53591142
-22017334
65055137
22881659
29829553
-43826867
69937580
-4531542
54649178
-42262339
50006334
27611348
-48684814
-18446572
29228358
-39854573
-41111305
11753026
-35177076
-24384751
-64250366
-39690491
-56358263
-41139456
22837860
55425078
-68873538
1370794
-46754453
11126997
-71258833
40779758
-8050210
4963048
-31484922
27562772
-34563849
-48658007
-2595938
61004545
-24799420
70660065
8812946
59476238
-31482348
79149708
27568512
-46427122
-8804945
62610649
51531995
24682519
4548711
-47565057
-47484430
38933259
-25102097
-51092650
60816073
30424294
-39374907
-23117115
59161979
-30235146
14986676
-29952110
-9877787
6931985
-16629392
52411630
42172786
-585134
46786755
-12031442
20227580
54235263
37881531
61213011
-58152436
18557006
39817584
12678012
2856847
-26079401
37812257
-58423661
-23256680
-37880857
-48534184
10352956
-31865507
-29484034
38458893
45331863
-28863658
-48447206
47516784
-7628786
-852308
-28140607
616962
-22153708
62924627
-23521853
48629418
15962254
22813758
72387031
55830351
-41078734
49978663
54935856
-36817020
40126608
42291611
-8588685
-55801357
16263182
-36764556
-47188474
26327561
40070926
6292606
-15606510
30650103
-36419518
42851417
-41551562
-19262490
-72760378
34887207
-46614908
-76448300
44073639
38156550
10110607
-57289558
34563367
48780
-61903920
38743774
34249374
46139104
64622590
-39612138
10064149
21206518
-48016875
-24290991
-63703855
56355267
22064301
-51721721
10811898
-25629267
-28860613
-24901265
-18413477
64252923
40555124
-60314285
61513515
2878411
-36167812
-861623
63942460
9583999
-38963042
34998692
47794384
1762748
-57718554
55933162
55747771
-1529711
25116411
-15086412
68461561
-39437220
40170219
-58984187
-28615489
37332443
-32290292
-64325261
19444219
43698068
49154784
-35970690
-14370251
-35886027
-29131091
39227006
-40226961
-16026274
-74643355
-22329682
22815595
-25030713
23679792
-15669002
-47688938
49066636
-65165795
-48373501
13272840
25802280
-39127494
30204260
-66194952
-68277583
-34875813
31945967
34865052
-6730386
18233731
40702225
12865603
-21812108
42298649
19884840
-37647581
52868646
31374663
-3233333
50300565
-53220756
-37190275
-51630829
-9537736
-60450576
-24722857
4763875
14344300
-22351724
14526732
12626908
-68426952
-19058780
-35249036
24729672
-29324660
29807284
-49022311
7042928
48518338
27585159
61937116
-13667486
62398709
-33041478
62731534
55248992
-22100866
-29999022
41070033
-815181
-23471794
63623488
37379553
72081083
50766744
-58277272
-45976321
-32226632
6280006
56410295
21653534
20773960
2466720
-38623841
-46873099
-44719884
-42243668
4472980
49862808
4968023
-39661937
-59171302
-52218719
42952884
60325914
17324454
-47402784
-34555415
-62974636
52594298
-9746944
-59846798
-67935035
-31474812
-9398230
17835758
8581397
57444929
-38573334
-60556149
51713304
42681637
73454244
2674958
70649622
22749279
76031043
2973113
-15161339
53864328
68709773
19911395
14201872
68063339
52609088
31587664
50111637
-44754747
-60983348
-69090380
-3753551
-64480074
-81938516
-61179530
12321594
-50053508
17096225
-33832201
32606447
26814577
18141026
24816992
-65485663
23362972
-31974252
-51248912
-41632385
-33567729
-50876854
44145427
-22197688
58080379
27601914
14227310
-22370357
32140056
-60324999
18203175
-41423574
-11293066
41465987
37548212
67737359
-31425884
-13002576
-22701613
-10729408
66743802
27752556
68642384
15635039
-51223284
-54045850
46845836
14681837
2129894
26451960
3528735
65268290
32946608
25799529
-2013787
-58165394
-35519748
-67844537
5770216
-54253109
-38177895
32569370
-75904041
5324602
-72309079
-33951155
-28184692
-42449503
-61706891
49220501
-42336849
7031323
38181911
40323181
52502043
-34201441
30341635
-6555150
-33791406
68565385
79583741
-13090224
15990355
-26532891
11700056
21398320
-28585756
-27296713
-22041954
8546596
55910874
32153295
-44010595
39811270
4559756
-28435735
44953917
6982165
-5367107
47232110
-52466039
-68875311
25645073
-73458986
57792942
5838666
-26076587
-20798679
21377177
-59375300
12521667
6256694
27253960
-5266520
-35495445
-40535648
39174598
57761770
-51291796
-68438254
49477749
-1338036
-1122538
43561690
4867053
44844451
-47063337
-10845068
64887575
23679305
-35544726
-64380528
-27097554
43409577
5320749
65749762
38097256
-26213423
35171068
-57977224
-27181141
-10809982
-41162146
-20920902
18287361
22307035
44149733
-66876955
-68476214
-41391577
35209939
-19471325
62584532
35612797
-66995046
-64476625
61731952
10440099
-48618889
11911506
-29501445
-17621200
-18318387
-10724463
1629036
-17131441
33216764
-12479698
-48683871
-47253443
59787440
60672613
49722062
42327251
12579168
52334450
20326750
-14100813
-12378630
-41102890
-46448315
16937962
-48138796
15676101
-39521364
3087341
47775846
12681659
39871907
31200645
37577047
-11214039
-34518128
-12407466
-26889694
16931442
-50784092
45358349
-30578440
39962019
64861445
56617685
29911916
-52533009
-56308274
-28395197
28475973
19293076
52582914
-62226591
-14889789
31604192
47594111
-20657539
-67750753
-66033158
-72071226
28190615
-49814831
-44757289
-44307453
24296759
-2661726
-51980726
11337520
-9952169
-61321045
26993664
62049582
12983397
35549070
28207869
-56939351
-38472566
-20403903
34926010
15243159
19579313
38010088
-29469073
-35276242
42543086
-25248760
-15716536
-41485298
34236502
-7865867
-52902116
-51383360
-74456887
-46800296
-16129046
29464675
39561235
-63826489
-29998958
2831124
-61366865
8172602
-38793312
27964587
5307631
5068522
-59525427
-19117618
-39788894
-48631956
16933084
-29684369
-33045420
65804810
5361725
6378116
-37235191
-60329438
66474287
-56087234
67651115
-37130118
60205786
-57842459
59436940
-32700674
-35473090
38220581
-14334000
-6429832
-7190872
-14954376
-56341402
-69025452
-31186298
61370653
-38317626
22388370
-42371436
-41607310
19782234
-58342398
18510580
12601473
-61050672
31487569
16490547
40525065
50334907
-13123742
32772098
-43838357
-58849395
-23498613
59264860
-8032873
2636658
60795006
-1797044
-50380303
10465395
-32327410
-24282356
-65749755
30908626
6696577
-46027360
29168391
28975364
37426137
-47982139
68849239
37293858
22969260
-6801564
-48567215
45793986
18799408
58457081
13961906
69628623
-22037602
20493051
44030270
15599673
8828444
29647800
6490209
42681311
-14862026
-57732002
-59436476
-39081381
-35377926
-50897403
-20237492
-69621167
-5695739
22934924
36157052
-55442590
26018787
-12407104
-21312866
-13128144
50509254
645860
36737151
-19762005
29101160
-61542209
-51434523
-47803347
-41492622
55421765
-61287623
3919579
-21477935
41668776
71482493
-39756030
-28118354
-12901945
-61789733
17328725
9235815
-8419158
-58075078
7732798
26187950
7562405
2586087
61569113
41047004
-48967655
56080471
-143449
63682290
24182325
24774685
-9711299
-53177761
19074771
29672477
40101387
20911155
-58622021
-39354865
-4522253
-22369372
-17735456
-3075295
8490504
10911977
52175208
459415
62367709
-15753148
40247019
-31890022
63631507
39044878
71350140
-30234172
62244068
49271101
-26608890
24126320
67908078
-21029540
71746306
59376579
41064225
816693
-1664393
40767357
21342482
10585131
19663527
-54741621
49163488
-54276200
56621025
33343603
8156388
51864319
-69597981
29489207
-52167202
-60973961
-82002462
-75292738
29736661
-18909208
-54997553
661131
16185231
47990777
60107326
-35513115
-68416537
28529380
54706435
38956894
-3160339
75724693
-15924071
68994923
-34255597
19031493
-8720287
-57553705
65409127
-13718933
-26141680
19286417
-20848348
-7010619
-7018948
-28159272
-33625848
46044657
-60056288
-24065236
-29565986
37213790
-7725179
12456030
-11524021
-23608023
-18975146
14763254
53683587
-28617628
-664303
-23365608
-33697592
-63558916
24637014
-50167867
-27350279
62540785
22198192
6452017
7291115
63581479
-21723247
56928432
3770793
45970112
20581152
-24104556
-1727789
24789524
-34176387
-17547316
-20031405
-8267082
-56103487
-36322147
58169125
-66475682
36393674
-32225202
63437033
-23099307
49643533
15358605
-40961730
22391896
-57080323
15492406
-11079683
38242527
18010620
43193103
49631044
69046474
-51660272
-47144803
-53941826
35292188
10339932
-36175956
17491105
-60084924
-32516408
-46003586
36631202
-15329230
-55383676
-25376942
43630468
33790478
-62657167
15470632
58169778
-34152225
-8621491
40239597
-45499393
-55941896
13303178
-64241274
42679544
41269990
63868458
37890505
18338948
-47290072
-17170659
-30584227
-37400850
9345332
18554402
25799269
1199086
44252659
-28865490
-27758112
-10047225
65676341
-38500938
41122756
-17322110
17962583
-32638788
64207877
6889691
-17482412
33829050
-3322394
3380184
4264187
49629636
15896097
57300876
-24556553
-14106057
-20653640
37167366
28484726
-4184747
11532620
24924148
1253683
58861761
-26153626
-27296924
-40022963
51751492
-19283522
-43305996
61859649
17410866
-69249434
-57439128
17809020
-47154103
6717379
13689945
13049790
11220331
-19673559
3332307
-29866070
58428381
-50373763
-25539540
-17035673
-6847287
-27291776
20034791
-68655886
7488986
-25122921
26124343
6471282
26972958
48594182
-54021899
-1287123
18520485
-1435234
25840144
31286414
-16898939
60705564
-38586701
34395491
-46059462
-16294768
-388542
29975032
55531261
7948762
-55628020
55173899
35630666
48239495
-42184461
-2436232
-50176775
1082613
63176523
59275031
4834120
12624707
57370364
23322009
-33042485
34540051
-19122959
-63461246
-40090191
49871110
15543831
45688736
-5130018
64767769
-34015965
7669743
12579137
-11984687
47857541
49968060
-40135962
33581001
67379691
51747038
15501859
-38520715
-47695057
-48959479
13345014
-30847268
-52235867
-20600059
-11375581
-40515373
-6946737
21967590
-41321686
-73054285
-33610488
-45451290
3261872
-43255123
26408610
-36497312
-39648753
20949549
-27737595
2072627
-33558093
20520199
41539848
-38006580
38472234
-17298994
-7763030
36472884
40376474
-25213459
-11711900
38004166
-11863865
-16884995
-32601079
48350167
-9943253
1032300
44084268
-26559685
53865121
21815314
44201359
37310091
1055319
30657764
-60670537
34009810
65776698
-37006070
-65993335
-22974597
-47809910
51115076
15281254
24890045
-73102127
54547259
-5083121
-34034869
-23606159
2143674
-5581075
-63962655
-68323279
13714481
-63761415
40661939
-37156802
-46587211
27101576
44510514
62568841
61448854
14182843
6840076
-50764687
5141182
-39538477
-12641815
-46133905
67491578
-32612143
21855002
-16812452
-18125265
25764036
-18187857
-44001119
-4755032
53534267
47118246
-5746234
-40231538
-28194298
12745690
-17101495
4142048
-55027028
-50660383
39192686
48127018
56768775
937488
55197452
70710658
-43547931
32304123
-21354782
61762844
-40395917
817495
10707921
-10814452
15290797
-13065596
36867221
13767036
25058645
57730867
4109462
2163013
39493868
-62723449
-35477823
-55087729
-44901314
5770806
45901020
-69726679
51253907
61905263
65528782
18001513
-21491849
-28595594
-67116991
49496748
42333951
2780521
56064234
54245315
-48675762
-13411834
5051428
-67035656
-10079475
46690153
-29648969
2996057
55929848
30410690
-49045799
-47652612
64375311
-66500051
-23201266
-18364617
61628437
18101306
-34103641
62885474
31154621
-39217112
5152665
-36179750
-26416423
47519574
25377374
-16739109
55707843
-31391515
-7231472
57039036
-22272918
54890562
50029771
41596107
59810939
4864880
-51605551
-17339952
-20100634
32002384
17004390
-18908789
-14038535
-45627975
-27878405
-69832781
-43147845
-81610296
51372455
-12885192
46811187
-50085573
-26278977
-25995662
-463496
-57145609
5887202
-69225731
7157823
-44042407
-36460500
-2655322
59029075
-25813243
-41662371
20720542
-21773271
58081220
62360644
51887861
-29770550
70643278
4230470
35803297
5825540
57854720
79209758
37952420
39873606
11026384
68037990
-26135768
49324573
-56478251
-44945108
64131386
-42948563
38820234
-34416687
32875652
33051486
42151422
44557004
15033550
32850512
49356650
-24265282
12043295
-58844548
-49598869
-15832696
-49819845
-54481888
-59685500
10189860
-63958703
15833710
55928615
13728278
-29958412
-63225502
-45376827
57658662
62563505
66596526
7510003
56535364
23584699
15547178
-5136737
26879113
-29506509
-48194339
9398343
43834259
-41057862
45512866
-24693290
-19082725
6498150
29103738
31994637
66458226
-47558345
1819774
-12748647
37883859
6566042
-16392366
50375092
-42009065
-61348798
47634981
51096202
30363845
38641627
4270935
1024156
-18094965
-31853643
-8876546
-5945262
-47024480
-62904793
-44534802
-8842423
19484124
-73283996
-75867129
13198213
-14915449
-41025047
17648795
-18884647
-57128125
-22633293
46846782
20718444
9036621
49354715
-53380562
-3202519
33700308
-43708336
-41642993
-9078097
11878097
-25233397
-9824156
26428858
13523333
15837960
16437846
-29989076
-52910696
53119109
7612427
-5399840
14181826
11444900
-2657268
58787986
30606114
-22446669
11512926
8831646
-39619286
57864947
-65777772
233550
-16793565
-8934662
-71014796
37219687
-29498622
-55664868
-2922439
27450015
29826964
-18091810
-48364657
-60781026
61083211
19072707
-2806866
-16396174
-3364415
-3711439
-19782945
15190672
58215724
-25394660
59660318
33216074
25871020
60339446
48831926
61727174
29254450
-45825824
-4329704
18839164
5649336
-60945308
17677487
-61038243
-28990133
57124563
-33833244
-10608274
27314149
5318423
-55328666
-22331738
5177958
-34545068
-64747242
13637355
13781674
-32493848
-62294163
-56109383
-69819495
50826367
-51533717
-72935525
30537291
44491060
-65227059
64937367
7804279
58063567
74795650
-36896101
2608833
35694900
-41719129
-15973534
46160847
12027078
994552
-36132619
58719361
7851144
72440124
-38070091
5217660
-33820629
37069718
42809091
-43655170
-17029048
15905437
-40480186
-72483837
13281144
-25396448
22262054
40204102
-10136326
-46288414
1615332
25757490
-7238257
-37293902
-17572033
32187110
62117752
56349824
68837426
2442142
-38111151
44713622
-3850295
30928404
36992676
-37680414
-40715510
22551247
9340024
63363793
52289461
15917584
40258540
41579914
34282831
44412484
6638506
30738209
-15277410
-29293768
59830395
-44930813
-59210962
8308868
-10405850
7701724
-19293961
446640
4552528
33808398
53131938
-2075973
54207752
49261108
21795545
-25995891
65321966
32140207
-702705
24336863
-31237565
42822784
24146266
62060953
52657245
-6046195
48196222
19617087
57562776
65974784
-14232824
12825001
-44036533
-15416005
-27304879
-67053479
6054311
-79463364
-62424026
17043557
37241566
37196862
-32755317
-28671057
-16204761
-9044755
46609276
-36152930
-6001079
63473068
-50434606
28550766
14100692
-32808191
6912843
-31504801
44310835
-5554448
-47285485
-66943217
50484685
69956276
-7520921
-3920961
35730300
4311822
39512273
52540446
-14965878
46568702
102370
-57329773
-11020102
-5928854
-42415468
43047968
-1813690
41945086
56736358
46079563
-51244398
47539310
-53778637
-17615610
12222099
10931994
-16211509
-47295774
4905056
-13967423
-74996889
57096818
-35422567
-61512147
47347857
39085412
-48289517
787117
56262261
40864725
72544106
28274774
68531685
2872287
53007726
-8272753
-27268269
30471233
8459894
-50922688
-16739069
-30611051
31339126
6861227
33921115
-47859427
-63738828
2577796
32880743
40476479
-46957855
21596943
-23512984
18631853
35691137
11169905
-52684070
-22719369
-9630983
58190915
-8555473
63309972
-39654602
29508232
-52793433
-28597266
-64654853
6140977
57954683
21434587
-5136203
-39743555
6010871
-30017764
-63772379
-52499783
58543325
-71020511
-41748455
32267109
-29746689
-53352324
-65270143
-27112934
-21281752
9770285
12719232
28228195
28468911
37655326
-49558523
-26895530
-3333357
-29902185
67614494
63063147
-14592836
54999063
-17821286
-586912
-49015636
24845144
-26236569
-24041687
-12380239
-59180051
-15951957
17885030
53726659
-38806502
-764459
58127380
-32829162
66906767
30494091
51756181
49627506
-25407495
-28624785
-63167241
5426360
16073883
-22831722
-9247811
33326349
-41216322
-42991944
60228806
-19298628
3471269
-22880804
13216781
-68402223
13685240
36578376
-14477
-52995095
-54735382
51102169
-43280252
-49018923
-20026628
-16526422
-72203139
56846153
8826505
43324871
29021155
10208503
-34298775
6730874
44320260
43532303
-10256564
36831028
61892629
20523088
32402951
69500215
68540757
44297618
-8566717
5095192
62993129
-48640618
34948628
-15694975
53205367
30020663
-8404667
58078139
-24641680
41842743
29278801
9456152
46107777
-29852821
43864341
51301375
66741424
46730798
-30408189
34925451
6610296
-3453443
43763542
-32497118
-35629684
5813419
10092395
-59789217
4224488
6207006
-6591846
-60573667
25984712
51748477
56284601
58334001
24456855
-20833786
35027841
-35846314
47739904
-3683962
49071215
16560025
-7992817
11582624
-54887118
-30389678
-64373324
-5970127
-3316764
-20994142
38282193
-18659179
-31882711
-12596778
-21485800
-61725393
-75962047
-22903448
-61559087
-26293604
38836920
-3378193
-2164405
-29547505
43546018
-53029510
-41668828
-50336305
-30774180
22635607
-26691032
-18700747
29183833
-29025935
-55965269
23958863
-287029
42000431
21213347
-6974461
33026876
8927338
33498324
42818778
40906151
-47733802
-58161157
14101272
39990105
-10419294
46251390
13183301
-48520636
31390652
3307137
-7231306
67318471
-39220087
-9853933
-47036761
21929048
-17530983
4262903
30798734
-29993989
28087167
-4339127
-19911793
-60789217
26621032
55000279
20546875
14813347
23439974
3010929
-23637617
-32803774
-35068365
9140947
46833031
-45414214
20748226
-16654431
30150041
37081935
5356688
-56892995
21319468
59396712
69722012
-1416514
45830208
-35822885
-19233064
27377103
25433355
-4906365
60290958
-2712039
-22213628
-48353190
33159505
-47793275
34647942
-40099049
-53985948
17840754
12375832
34884298
49623299
12734761
46156130
61222484
-13957485
8714284
44627376
60621854
55754308
39341181
27755072
-14412168
4924374
17240497
-55785765
15098699
-38942139
-32168464
-49778045
-67476159
-28504200
15171717
-72192319
29137740
-12482788
-74065121
-3089196
18148740
49386675
-8301797
-37653051
-46333334
19073189
9563621
-43834376
-36114324
-32931644
10384633
-5154195
-24262581
63874986
-35251840
43945307
43072017
14758428
52958704
-24339945
6682013
-7426759
-27468639
-55851988
-31623300
55177705
-12882553
14614896
24454487
10915147
51503021
-61040874
65895825
9455722
-9931146
-64354760
-28652091
-26176360
-37939236
19295311
1304214
-68376635
14868154
-75627441
-58621865
-74833581
-19285514
41513745
-46150297
-54499970
-7302795
56846993
50197491
30208603
-48544019
-6025432
-7135424
-24159304
23763323
5464337
34609678
67706778
21118427
-44767669
-50038973
-24670397
-54501689
61428237
2063957
65723099
5365422
-7231628
-5158563
-12028209
69095751
46372032
62363511
77314150
-30120183
21345643
51499891
71156404
31914945
31324217
16783617
-42942459
-8889039
34143015
63134372
-17795003
-43132304
21243783
-67096433
-23065170
-55627283
46883168
43220202
-41622469
-59862154
26088945
-35567705
-72451044
-39181460
-54471162
3614481
6237882
-52588597
4139191
47959848
48125376
20471361
-61413422
45643332
69752487
38378694
-41996965
-19977111
-548142
-16901907
-27810431
38821466
-35183351
-49746036
-13305650
44245132
36825551
58795608
63368893
56072973
-14851179
-55059595
-45913512
14432106
14620935
-33874910
-36385624
30101947
-16981265
-57085112
20114231
-8048285
21356873
6293437
34340768
46438190
62989691
29842586
4774533
73216837
71015822
-33808803
7698764
-5778780
26291245
-11726418
1488133
-44886607
35854430
36202547
10289512
5078311
58824072
2529048
23458908
-3944631
-40954808
-29915449
56617480
14448803
-52546607
-40361241
-38185537
-57991995
43390740
32744904
-9997389
6747004
-41642709
-7759200
29596912
-14645798
-67419626
13389549
-64243042
-64372263
51850292
62841836
10294882
-6103784
-34422477
55788288
-19934959
23023992
55316165
46207283
-27452207
-33596161
35262575
59762817
44135630
-28853949
73079342
13795427
-20876846
54126813
-4424815
-42855298
-65664533
36062502
16974251
-70551990
34092022
-67589886
-73173779
35849841
-64370253
-8359736
37999561
-10207727
-33487550
57426887
-45145916
-69979139
-42406404
58274727
-35791078
47538431
61683075
10075689
74985214
-20089673
-35141675
-12915729
17820277
-4798801
-23688441
-18764843
13067033
-15470624
25532583
59795616
-46968507
12733060
-40688523
-41185315
60523908
23391881
46519796
51455544
68831612
44770535
31179375
1206215
-54494121
16788575
-36849344
18923519
6627383
27336654
42463909
-3165785
-9035524
56689629
-49877615
4946662
-45463878
58660229
-41889481
43426344
60895421
18334502
-43154419
64109482
-52196344
48142670
34417429
1656396
63270721
34101110
-16413564
48304400
10286491
7742043
37650872
65403865
-8586338
-35513807
68742414
4534984
-22239122
21108918
32153007
-51377711
11325762
-53772563
-7419232
4404675
13568698
-70394854
-15726533
29758493
-73487563
32883710
19379352
59441599
-36606922
28094895
36970388
-5186189
-58944913
37631079
2063227
-64773277
18711469
-19388002
-28528204
-59612504
-28973945
-29485076
51614952
-26280688
-19855605
-9701451
-16547092
29166504
-38387599
-60495805
-56687920
30108322
-52748864
-49270776
-13856102
2495226
11829203
12301909
-51874253
57270662
48883049
-45952100
-48528006
30923089
-57628402
-59550398
4607846
-6686248
-50185840
-5490865
45573032
-35075210
-7319957
40233643
19283178
9104596
-37508135
40256397
-22091971
51843959
47419379
-16808221
31755388
57196665
65555212
-10853887
58378870
36253826
-11226249
-26804745
-32225230
-51108262
49778170
16895098
37899654
-39035835
-65341448
14954121
58663666
52211123
-39541165
42709872
-39153009
-30770484
-72877538
35100307
-71386564
46011415
-44970151
17082456
35420709
-43318056
57409665
-44420503
-59610642
16961643
-69149878
44234340
4451921
53820011
70295690
-1130690
15300217
71066433
29891803
22476541
-4308937
70263754
-13748651
59772762
56922321
3267907
-57587715
-42318344
54012151
-57143065
21136078
32377984
5125746
38796098
-56462993
-68469587
37403887
35011501
36466630
7723417
-40751761
-58288495
-72066412
-57304035
29855351
39153207
-57308135
-24279699
-69810262
13553394
-26039028
12827336
42603766
39444870
68253414
20863582
58815405
-48022107
44851336
-1755759
-37852294
18158139
52637491
-22122240
-16451007
-40583913
-4859594
11514706
5848616
37343913
6595841
-42491476
40633030
25526457
-39808529
50875821
11789393
-23927442
-69803188
-57049322
46366735
38037862
55229683
68602910
-10319955
19060379
-25739788
-35623949
-40005095
38600802
-18135733
-25722733
-63941311
-62373886
14457514
-41635275
-13873426
-31899086
-76679219
-48689301
42366599
-24739041
-42378774
9663768
-2576810
62533449
-5824989
-2211488
-60945053
-7413761
-61644610
41503630
-17009614
-50258558
3876233
62929225
29920647
-58858882
-18315206
-15576849
57639387
66255014
13890153
15439230
42968400
1899486
-8244368
6138794
27162008
27920185
75551119
-47142319
12427078
58791938
-59727446
-34114538
18841219
838986
21779837
62842759
35282895
-35313744
31363936
-4776522
51923600
15577703
45805838
-15646657
-49918047
1143816
32984902
37291974
-8346417
6697814
45007157
-22715038
-10007298
-47738636
41124299
-24832737
-19757344
-70370752
-67085208
26450194
31659255
37599040
26581740
40546238
40255236
17874977
-27125856
31171733
49465432
-24596499
60556345
-57255338
68816406
44409687
-33465030
-34571593
68838164
-11932253
14699925
15712391
-50134578
-27826640
49415280
37506936
43953343
47913020
-3405769
-49624920
59496036
-5372094
63511395
38134935
52326305
55090393
-35808400
-62282391
8607475
-37000301
-16097181
8656830
17190744
39271805
-61387500
-5050304
-54546249
-20323559
11197960
944714
34511228
-37410667
-33715385
41383781
40933480
1028619
-5126811
7585580
-60819618
-15169763
-48463625
-63723551
30303374
-33493394
-46516533
-50340350
39451722
28456272
56733893
-16336160
-6873584
47876051
-12590583
-11101264
-9993099
-58271200
59205624
-48265779
56961492
7214693
10751144
56060455
7707325
-26201842
54277236
72744747
37199506
-47888396
61467985
59833352
-45350163
8901017
55858044
-4627708
61271707
-63003674
17012292
-38795577
-63094862
31896530
60680799
7872445
13110244
-7709730
-42767204
11514972
-37763558
-47819902
45183087
48466292
51325082
17350085
34646774
-12960484
64922713
60504118
25757012
30205295
30958732
60238545
-27633946
-46024550
17467023
-23745765
-11499827
30862636
-68566825
29574016
9869921
18544532
-20548602
-19155409
22511035
36362330
45234281
15021324
41316130
-37657825
-34944880
32010513
-39109799
-69511081
-4362024
-69103528
-58453648
41646733
56604228
7436625
62109650
46043185
20555375
15290468
-12245406
63594980
68339471
34466692
-50063551
-23860671
37496549
-52473763
-18884791
408448
-58561050
-70500258
56832405
27695418
19008000
-63072139
-36528541
20428807
-70153487
-20605115
-20951207
31999939
-4923781
-36755963
-53118310
-56705680
-47922428
-39959689
16712484
-15568460
-23234377
-20649165
26546772
-51396409
31531821
46840078
-32332430
63311070
62209957
14193634
72330408
-43340840
16906204
19618314
39628569
2619290
63393299
-36022464
16770260
4727127
14952986
-41537803
-64071974
-68467252
-76451139
48828187
42565942
14507911
-57159691
-15259644
13555277
60745158
-20286278
19793942
-17494116
-66672986
55014134
10053155
48427963
-39001610
24347157
49063805
-46432565
62749089
35175232
38953682
-47891438
64685503
64170587
39575907
-10056397
-26725228
-5890830
-7432230
-46873363
-10039524
48769374
-41400120
42933506
-69398775
-73148575
-77014274
36483168
-45018817
-67566953
-4986975
-20485671
-51433766
584956
-77255811
40645110
-52154539
25175630
53860784
40034722
-19711103
-20840902
34831934
16631937
77816087
-31956652
9818236
-6599965
4005474
-220025
-20901107
-58552862
-51065710
66691772
-8550019
-14801832
7632114
-8449761
23808700
-54272692
43332382
-58118787
21116429
9858825
-1423321
-67632062
-43523508
-66117287
43207411
-59078030
6718587
2365222
-32657660
-16955731
35296556
31814993
25890349
69454864
-57668032
-45277809
15513941
-65407194
-19542891
-46818623
17514389
-32198864
-66600686
-10447043
-4262384
-52670649
-48678081
20170486
34153271
-9162028
-17979261
-4980952
-33145443
-13843623
53610635
-4713324
42496936
-42936663
-27445259
21191366
-45139491
-3412240
-57574163
23380639
-41437964
-36889109
47766370
-37266201
8899561
-37768107
18425607
-10582093
69158911
26620557
-50173435
19445531
-12696860
-15032454
-6697954
-60254608
37039312
-41658958
-11769031
-66615448
-37087881
60134408
-2675309
-69693746
-46332644
-58097240
37049011
-50923546
-767783
51067408
-31614790
1368699
33847725
-47130701
10035468
-22403761
-55375777
-66128686
17854399
-49353832
-24385504
-50176661
-7640916
-44518735
23338311
-18984823
3188648
-40296592
1574214
31661794
-42480217
66414996
-12680479
-13487481
3555720
-1326592
-16975164
-28188548
-44788124
15374482
14763529
-34212187
-31723205
31338740
56170323
-6492082
-46051673
-64282981
19807490
-49216490
65174128
56876128
-31613580
-26335221
47099543
-56876277
-40978286
4734535
-59203746
-37939577
-5385060
54266210
66390137
40038755
-40747860
13883900
13126842
62578941
-19513321
-15649
-17212036
26340347
71557052
-28396653
25488326
-28405197
-8840107
6184857
-3604360
51634204
-53641552
32447582
-55461863
42139120
61025498
41017790
-47701232
18383690
15583236
62814832
-43757914
-13664435
-31426236
-52511825
-70610931
-30974212
44809185
19744874
10638734
-37336052
-101995
18016273
-16597700
28849699
-56424352
41195906
-17932372
-2767914
50833845
42461915
22913278
18481573
54004444
-5942314
-56850493
27006496
15760295
-42617075
-29245614
15567702
-58712574
-43317940
-50883198
-65925730
-62403166
-66954510
8414198
-54485172
-62838403
-40124761
-9613006
-33800289
-17985462
13831248
-57438421
64140224
-64906155
-15341733
34224437
-47066457
-46182342
-12147220
-46727408
45815401
-1907221
45480381
-45764514
-13328364
-13470913
19957956
32586217
78837690
25965598
43250596
23674399
-27902439
11825696
-26311507
-14695364
-7893199
66781996
6485778
65781838
43407947
-50170485
-14450545
-28844711
38949312
-57979690
6541000
-74819734
30944549
-12177604
-4966963
-62423218
56149577
-5734762
-58094267
49768165
60849015
31997923
-36996967
30377829
-45987559
-10939398
44510708
54212159
32748019
-49561563
24663037
-37224540
4941631
-459190
-51695283
-17760065
9442657
12553694
-41854210
-3554404
27304396
6344303
-55202487
-10071965
-56475270
-2258029
46634847
-52163153
-41360441
-60633281
31002161
-28866294
-28619167
11417216
-10685394
37878043
-36184253
-23463245
-58281651
32802426
-63865344
-39559683
25490244
23170283
3021517
43787571
48925909
7912222
51450677
70711504
45350735
9467331
705880
49465908
81319818
66313047
84230508
71175839
-28592975
-25156711
-26321736
41083099
58195840
5000398
-32168375
34344132
-62597024
-34624043
-14048159
-53600870
-763979
10096919
-18310836
2303837
29028125
-37060993
26155832
29778482
28215882
47082953
-4647693
-27131671
35931571
-51651882
-69337864
-73775393
4241389
-20265324
43537219
1482888
38346762
68122463
4652285
-51918476
-51685843
-25311213
5864881
-25004521
64499886
19430774
-59788846
31053437
9277508
11984911
29700364
-26150288
-46917779
55198834
33253479
26739674
-13054138
35837769
27713043
-3728949
-51569335
-20919854
53562344
33369195
25231270
-14586626
-59952695
2690209
-46723493
5131502
-6521434
-16049327
27125703
46712024
46590841
-19360180
3862434
32861378
-61582741
58116395
32776019
53603475
-23447082
21660593
30141676
-5699324
-42264698
48992761
17267516
-15319928
-9982794
-9264184
-45436768
25680783
65085144
-55727810
-69294846
15090799
-71407420
51857866
35021224
24681003
60345978
67952901
-6109418
-17344501
-40071602
-24853009
-27531511
-37767266
18385996
35818164
-40358662
-65980512
-608753
-36353281
-64839205
26678992
32642063
-48729837
10093911
-31292941
51980180
-25352490
14992743
-5438480
5142814
30273150
48801280
-9388153
6733762
47691271
65644182
48748444
74078849
-41931393
-34846796
-9963923
-48010153
59628416
-11217798
24513578
63851347
31690391
-24299098
40293375
47471907
-19766764
-18751388
13703649
-12468988
-20597606
63205510
-10121756
43250681
-35501965
29033134
40107472
-69158141
-24512255
-2650413
-6972792
10449913
47530037
34616225
2237469
13911462
18968586
11901757
-13139391
65265046
-11276612
-33333623
14916726
27072433
7073054
8111644
-40519177
63505802
-20176675
-23151008
36938690
-69040857
-10050825
-57074754
-48767217
16183777
-789500
-58866422
-392615
-26486079
-56771456
-36168558
51409279
-29383352
-1339208
10875943
32331310
47131692
-152539
73344951
18511075
842157
-39504814
-5844381
51313114
-15071140
-10213612
56886081
41777847
49697948
43972427
57691263
44522438
-10943857
11057789
3386804
-11768510
24459148
-31389891
-38948870
-71612805
-16134223
-63638390
-13370311
-81499774
39847367
33869666
-58873725
26068787
30761667
-26256520
-12289710
-5523101
-41311673
-14667476
-48798617
-8984416
17878827
-35266735
-12817836
-45461450
47199650
-60502752
-60681023
43724646
25532051
3452962
61506194
-35993668
-39646051
68240104
19263062
-40881974
14031777
44088801
65473752
73559764
40190299
21318987
12211288
-34127673
-54541485
31909495
-12263520
13796186
16508212
-29825473
-1261595
-32902705
-3849868
1944199
-54868289
-60269768
21226971
-26064712
-35808896
-10407632
-50347734
-51116254
7996001
-70595920
-56755801
-9952463
4385370
29817719
35668557
42412610
-23031062
-16869005
-34869973
-221177
-13407943
-21112598
70899406
71936036
-22503180
-48582345
26444354
-56710858
41640654
-41905855
-46418895
33716308
-63846599
-68654805
59914661
23024849
2827814
-12390954
-56873329
-24082611
-12156732
-21368537
-33666278
-35510083
49964430
51594583
-10917416
-3883800
7964352
-52125474
-64605393
6115760
8123913
-13142450
-68991721
-6033748
-69930183
-67280220
-18703203
-69298248
-50006556
18472334
-5234299
19477730
-49254644
7042541
-21320669
3099466
28831625
-11982672
-4853098
-59196686
7586909
-31380423
69714962
-40407673
52557880
25802489
60453831
80214438
-49552378
52351929
42007442
1669582
-48597321
62092851
-52088956
-6392923
44234467
-33825566
-36944375
-1344714
6182316
56705016
3650298
-42103164
22708149
19426077
35563100
-28181172
-20801308
-10830350
5870102
20784548
-62905852
-5206034
-41735625
940171
-19520512
-322258
-21213349
-26125139
28016564
-60082661
-2103306
7956744
4065767
-26894151
-45217084
10280247
-53399877
-24266850
-55931050
4071796
7963630
37387295
-31305529
8806916
-30943939
-35067745
-55047732
-31686551
-16901942
-5761270
-44372744
30398777
-22206155
-31060102
-18903514
11534370
-31047510
14543971
3949491
52770849
5323708
-31973674
34659755
27563953
69875840
9953808
-19151127
59562465
35230608
39807426
-45254265
-42408328
34477735
53672801
47385066
-50537589
51838576
21523912
-43493404
-5791182
-37562408
12283880
34125296
62048603
14806914
36680929
-68196178
7560498
33550077
-19591566
56306522
-9681508
-35609325
-31215008
50151706
-14705637
15020255
31772075
-38034113
29561293
-67735379
-49143707
-28259511
-22036269
-38863139
-29971101
-54906892
588844
58804598
