-9062733
31988177
25982391
6343325
42049317
4295718
5637650
-48463851
54838143
-55187073
-11530718
28812275
20142468
16616762
58003103
-17551122
-12977512
53956230
-1311381
-31928121
12655600
37752885
-21961725
-46173805
-50042208
-72267535
56114693
16097760
-32390712
-13489099
-68048202
-47667920
25341935
35462302
-63055434
19507279
12447358
-22047008
-9090117
-32120817
65591721
-15713305
40827474
69898844
-51997211
-25871355
61573199
62206131
40703829
50886996
34564664
61855951
-1457621
-55780688
-35531391
-44340469
63264584
-65954175
-1891231
5398669
-66828996
-1104915
-14447269
-28234059
-48786363
-54800259
26811984
-62748832
-9043772
4649433
-46070728
-25280947
-28128597
-52988991
-18689513
-40706676
-67543462
40655081
15728054
34444512
-17654610
70182369
23560417
-29880577
-50855271
-27979462
-28140952
-3601916
-38975402
62613770
-25869788
59927802
-43195329
49445015
61497632
68834620
-10681862
-50324619
-20219959
-5914225
-20581566
62251818
31742648
61960052
37226649
57331303
66332772
18133039
20054158
-20644089
7615348
31823826
-1920394
-31749729
11968020
36114877
-5216483
43592301
61289006
-47156062
63084092
-47626402
-10976058
-60523721
-9288506
-7283268
-28949559
-17544748
18540506
27568855
58186979
-6096463
-10457415
-44987856
13833804
37894901
58523954
-57032235
32758310
1471146
-8882691
-29635094
-18966117
36796145
7533070
31739651
-21897056
15873958
24267319
35953801
33343002
51225362
69650808
-30432666
8815302
-32008334
-9715435
34812176
66860745
63368050
74796845
19100369
38417374
-9051489
-13540478
-64369505
25536546
-60141042
-44243596
-54035526
-3275340
45542075
57300041
58906024
20156205
-52992797
-67686402
28010746
-21482259
-56859012
49027915
-12752403
-70146958
14323542
-10022367
6721149
-10210523
44084715
-55700831
-22007212
-61465473
50860803
56455604
60636100
36271080
-24637994
-26709867
37101212
-53110612
39587128
9740745
-15619562
-31630537
-5827824
55344282
-14854784
30701017
49812053
12006137
-58876148
21072457
-23158846
-384442
2783586
-20860123
35100382
66831014
38453213
29522693
-23447763
60602808
54070801
11396707
44010856
-31944218
58056491
-57728091
-44006011
59700012
18823270
-38534705
63536694
28884740
-26781621
55510873
43747304
-10895251
-9525526
53290525
57558447
47578598
44763134
-6666182
29062683
-22407110
-24687936
-59101208
-64756151
-62178081
1096710
-9464299
-63354909
-80227732
-75491267
4704643
26766336
-36878124
-72912659
29381165
6017859
-32443879
-36153469
24792987
-58434795
32379262
55591019
-8357832
-679627
59013138
-47289874
3323875
-4743954
-5252277
-35491271
-59715215
70735885
-37719681
17368431
6904744
-37052232
-50717526
15078104
35002867
-17445837
48421642
45527890
66857372
52277270
8438718
40993862
44511426
24739368
-6055838
-46182730
54723093
42489519
-37541310
30623862
-52895303
-62481180
-8534090
24691611
-26753325
-37017663
20281259
15263264
-41199281
38654667
35815223
-14951622
14358198
-3703400
50482802
-6628798
58974022
31378149
43649977
-8605516
34103506
-27729739
21375819
-60636067
-44279323
42252630
-3413999
51895145
-37490758
-69786402
5927724
-20200654
-68704624
-65284635
27771329
28041660
-25421876
-41782783
55600206
-614304
39805557
-1594235
11747584
-64794226
-17729840
-30650524
-53825566
37917158
-53297207
-45155143
36918332
1188958
-34941750
67733556
-32590331
31445212
-38875249
24560887
41600878
17771841
64255992
-9541078
70953873
27828656
70829380
2949866
64635647
12842892
-24659822
-17357031
41465788
-43168403
-48802254
56928183
34593363
-25896124
4221018
-3423472
13342560
4002971
-9004389
-72687274
-73515411
43935959
-34265510
-62808316
-42852277
-35744062
-56634513
38483747
50008742
23583599
-70000086
-5511386
52727034
-66882382
-4556582
27120207
-12320284
-15146678
-684794
-35917244
807899
-38184603
-22013589
39702837
28743225
66893257
32698312
62027731
-34844957
22604209
73459307
51009538
-39493156
14468674
-50078926
-46220090
54741904
-8614193
49031468
64765220
-2760595
-46513990
-32069507
-1599898
52394395
-47428634
-62920172
-74361213
36853772
-1857646
-63241689
14473543
-25837539
47029289
-30583516
-473788
39668972
17790147
15492670
51083550
69754703
-12359281
54646891
10197328
-12492712
19364930
-16196655
71780386
-1004837
-47454512
-61823109
-6500086
-10414439
-23672313
-3275982
-67775881
-24650685
41538489
-33081130
20287414
37722556
-17779792
-46974610
-28248877
-39109053
16616065
-9532785
-23271847
2350508
63271659
-20656732
-3352551
33345754
34357174
-48267690
-54607105
-60471502
59146979
-54652096
36216095
34001727
-29165050
-35881267
-17599496
19198994
-47981604
-56440588
3020138
-1006970
43796291
-15320423
24103565
13740749
-10831296
-1264883
43490307
51187812
-23186011
-6799743
-57697975
52935127
22081887
-56239640
-63901579
8029708
-67089230
-33490886
43879856
5517877
39045200
61352891
-10129935
24804281
19334261
45479458
59260983
78642935
47359725
-54924010
-53568085
-4207716
47957722
-38412819
-48100140
16253664
-36041791
27519755
-54074216
31103977
43711439
32114988
3102470
-51554760
-68947881
-13647451
20689667
45026665
13513230
61214980
62235268
-21367434
62305021
17363420
-13158894
-19194310
-21424002
61016079
38215018
-27318874
4032770
-31960265
57768810
62162942
-3755842
36191393
5401075
-22601924
-41540469
-691056
12268624
-48418070
-40871422
-57159527
-18765893
27161324
-61280994
51816972
-57693108
8234478
53908034
-16719032
-17960350
-23585724
8208801
67266466
-13452351
33523844
45553231
16220055
-3194664
-40950608
65172613
-59670978
-36161514
37738360
-30444750
17982916
-9762171
-55059717
50262359
-22018622
39284337
-23872773
53207153
-41108250
20994306
9940001
51040454
-13291750
22417320
62087606
17013563
-35868786
-17872450
-51455450
4735838
51589445
-28531172
-29712642
-19493198
27337449
10320733
4459765
-8230517
-49915147
-69741456
46934656
36857940
-7397606
60118723
9836260
-12774401
8566943
-54822849
27789431
4371187
65675715
66839963
2955584
-57232762
-19886887
-54238221
57035021
-12112953
-28915126
39321814
20450452
-52019797
23132338
-6000263
41694622
10499555
-18875395
-6645336
-19965373
-62869768
40950867
-52159052
58291880
-29522534
-56935396
1406155
-15138467
-11875571
-23178535
-14968153
29661058
36044773
-15813897
18773915
-24255453
-56914233
47953706
-19895907
53331364
-29113246
62311825
42228189
-8830071
-22445753
-46156424
-10898673
-66788644
-71485721
-51442515
59865132
58352795
61208978
-18279347
66382027
20910001
52887023
-27831244
70374805
-53576513
65192519
65614650
54766712
43229504
20287094
-42405428
26323234
-44384934
-44972018
8361923
-46477740
-7325485
19341090
-19416572
8368813
14386753
-54441658
13151533
6840666
15170560
26714219
-17995636
22584162
-69446668
5259134
-33731577
-26079678
22066921
-7872419
-67276264
-1747581
32850325
7168967
-50166590
-40327135
-24170096
58153872
-47261815
-20782011
62233266
-22470191
-43238886
56571364
-36428877
-29949437
-12082369
-7565765
59341136
-61197429
-20282096
-39822799
29643349
-11623739
46221692
14667406
-59121793
-30532525
9173423
-2535369
-59838873
-63648727
8583452
6850200
-54611162
-62402991
-13338801
-5459806
-42577646
-22616786
5144307
56999583
-1124225
20122566
44808360
22691452
64869662
32901017
-37866328
-15579244
51021897
38503899
16839210
-22596416
-39974756
-5693715
-25597223
-50833400
-8526454
-71285832
-42413266
57257192
50106177
49770736
60660152
15416751
-16833896
-6760968
5158137
14656460
62107152
64084123
15987860
15190701
-30593532
-29213193
29386533
-13297831
-59899003
-8179089
3080438
-4794619
1876772
-630194
18692145
-8714973
-71829202
29377020
-59727193
-41209399
-72654077
-5481523
45718877
-9462068
-47403247
-44743741
25537302
-11660371
-59264851
-22326419
-45177942
-5100112
50882755
-19523819
3313181
10593588
-7931621
-56634191
-4192340
-20571236
-15083362
63328286
31988652
-36521486
802599
-35458879
-20842373
-327168
20922093
12722752
-41690175
27429751
3045255
-52267364
920372
66410847
-15684291
-16967482
-49428066
40239829
-45507988
42600875
10298451
15039212
-36086617
-60570004
-14812173
59025444
-52119590
65560620
-61091460
13477971
28374709
14528303
18698246
-9298753
-18656740
28277193
-66588825
42852700
-53109638
-86775
-60401397
-22479191
-31057396
1515933
6726663
-19001573
38563581
16816535
12117167
55097342
33614014
-26664800
41169174
55563824
-12523592
62893805
-4251548
-23601930
-7420820
13463721
-52823623
29947502
49801862
30980418
33540770
-57804009
-20236801
46644002
4820196
55770374
-41129211
-40189772
3791382
-32210003
61998187
60298267
-13442567
-4433642
40580004
65987775
-61080062
28095902
-33793087
27077437
22488905
57672272
-2098065
8186915
54582159
53492439
-59072394
6000703
-21210132
-67784369
34191670
7804258
58532418
62759909
6568249
-17391465
45662124
-66443951
48246339
-34995449
-62199252
-286017
58959573
40072482
-59124202
25893608
66567174
-39053701
-64030620
-2525494
-35578847
-20094486
-75625884
10368128
58734732
-56763800
-55779473
-556707
7348986
27655588
-55872512
-22595022
-55040142
-20660161
-15457878
-10482415
58790172
-13778486
-19708956
6459549
45322834
-20931010
-10315947
38177268
41019437
-53872899
65387270
-42807894
-23955289
-42569943
-40298685
1812613
60156867
-28492624
9309546
45529759
-3726059
56394776
-35879089
-34734806
45952102
-32334529
-59661367
-44003037
43622870
-21045778
-61731348
-73050870
10511821
23802507
-68042557
-40516183
-30661064
-49380972
31128145
13035071
-21616394
-23642065
1342359
-40125670
-25685007
-51783017
21221776
66861255
4605820
-38608820
-33059627
47202808
-37400579
-30254533
18157166
54016196
13827553
26656940
62128349
-6118267
3162924
16855051
52954608
5762009
37598966
6693230
35954455
11733799
-20899917
51903145
-30260502
35329432
-51700
-20999659
-69227662
5815017
-69967295
4842419
-57822734
6916378
-50559890
-43652983
12362016
6754985
-73032147
36151030
-69538758
17636544
56489348
851517
-7510184
-58687088
54548241
62977589
2806156
-52715311
51069611
17087686
66076022
38980845
60652611
10959674
67320181
-20418388
-17281284
-49328322
8260366
9142718
47496415
-55478261
3404834
46025426
21750770
-32425012
42073739
1307945
-43356884
38066743
-48963823
9036344
-60475132
-30770546
-35867277
51614925
42439265
2474207
-41208630
-52407918
-4883840
34694514
-62056579
16561536
-42132273
-13885200
-12092206
-37956989
11669168
-26359555
-26114560
-41611355
17277724
50574951
26945475
-4731296
63928928
40991558
45138288
-36250019
47439380
-36819080
-7575854
10472084
15667251
-55458726
-35692850
-24861291
1405022
54839003
13480890
22332317
21841586
-28310724
42877307
45053373
-4032367
-20719349
-42876826
-32995369
-16822321
-74180746
-73202097
-9277807
-26431422
-37222749
30758449
-45769705
40212888
-66225951
-63036355
-74154114
-36462944
-35178272
27899691
-46474476
5115647
-44609249
-2733816
-7247745
60548087
57590068
-813047
19048186
11687470
-30370173
-44409819
47519141
-25903224
6330134
69912539
-45533724
-17511832
54830859
52634569
-39854857
-26231933
22657713
11200879
64729418
79741
48664397
45370769
-47109912
-42322734
-69352505
-1013980
-57628796
58740135
-8377513
58710517
-335119
-71171710
2936143
-56759828
37065636
-70739551
-63684912
-35874746
-50717504
15280368
-51911578
16612367
19605694
-45771855
58574369
50409776
-29184642
10151962
-55197297
35629826
985851
14138827
14818995
-46390270
19480464
50245981
-29077036
-22620204
19122787
-17861121
21760711
2267935
41151918
-27117019
-4424721
-22141569
-38485796
-14536156
20091876
67191753
32419990
70791675
28010809
1271277
-22465349
72401049
14926722
27779208
8377341
39424868
-64023957
-4106840
-32078350
29377341
-28771070
9319971
21167451
-7320879
-71736988
-15837460
31924262
53900242
-32822890
13093528
63598251
57747929
32175814
27397751
30932834
24447338
20447347
-47291545
-65383925
-5304315
-46264058
16387638
101166
-53413412
34682630
26062799
30240979
6764944
62207392
-50994027
67526796
-26067461
42502154
39433189
54555093
12755064
-13230249
-49365877
-51382046
-27267656
-44941060
34009422
26712684
-28839145
3704742
-34652935
-36400330
-54934170
30075930
-47181058
55201914
-47398784
-28056007
-41982178
-49514144
-32000061
-18588626
-51090532
57925190
-70791927
-70374332
-71334210
-46191884
-67381935
28451259
-36739053
-17006498
-14663189
-13981531
26961500
-56679663
-6494785
65446416
64709329
-28176229
-52009604
-47932459
17954949
56466365
29655022
10595706
14544417
60448402
11276562
13243546
-13931993
35122049
-53104923
-40491712
21098867
27274849
-4743742
52549214
-45424212
-30091399
-52013845
-38548751
57231964
627237
-7981474
-73996245
45101257
34020104
36342866
24890857
64568977
-11116849
-58664389
28928867
6771541
-67881127
50473811
62252379
5947484
23056344
-62111229
20613300
-40199227
-10271488
34360506
-38438604
-39641869
-71397527
-50903283
57879852
-57800187
-2672500
4835989
-49623911
-75367471
-9540604
-73838456
31571874
63377976
66557845
-31999217
-1940730
-54314586
-15750523
40999181
-29982552
3919470
-29110801
55983816
65153135
-15739338
4195735
-28140626
22687059
40856995
67180360
-30062567
38911415
-59876902
-6615698
32479880
18520220
-8974284
-41633321
-27257399
-38724742
49626762
19489576
-24659517
-4796891
39811083
-22035033
-65319714
-2667287
-59649439
-61570454
13293304
-8814538
48784540
-55634209
7006020
46182602
-63609136
-10283069
14032435
-3816540
42671170
27388139
-31350543
65740270
36797507
33640387
-48697182
59499361
-3828814
10129113
33935228
59936764
-22829569
65801404
-4299183
5048127
73339802
-30275377
-27792534
8634763
6979351
29271500
21201430
-27549452
-15497732
-7041715
-56382863
23065115
28140900
5284377
-62688507
22216983
-3819265
-50465518
-64440838
49732824
-20171716
31578924
47030041
21589385
-10373345
-30547310
9423308
-29285925
27089540
23679285
-59928200
-66609260
56372233
63007129
-55780894
30809180
-24339003
-32078393
-51021988
-70149454
12911852
42767750
-49561628
43045008
-211209
-31650153
-7776246
-33941430
-30133995
-8347839
31999953
-10777530
54782331
-55983388
55319315
-32226
27747291
-20568328
-9147801
-30437027
-17018544
-48726283
42859639
52702451
-10448045
-63639847
-30042170
-67546393
-5486483
-9019761
-36436806
-10066832
-56954034
-10901889
39964819
-5411722
16176608
61578278
-4622880
38914529
-12351455
-37070549
68825803
52376396
71754960
36880322
-42747346
-9652371
45095217
-51830044
22806485
30200941
16054941
62093627
17174000
36945056
54013354
-43129398
22639980
44846648
32384362
-3642717
16648978
-37377398
-26471025
-32024038
-18687093
6840736
36406135
-22237278
-3765491
3420697
45401279
11026418
35496253
54682162
-53568415
-51580926
-46072419
11200010
30717070
19119847
12871198
-24642434
25620834
-32495974
-12134702
-38199222
-113921
-54759227
-24342671
-18666918
-34823835
60521526
52071824
35594593
-26331681
-34389644
63867936
-55083681
-30082677
67973383
-5663727
6757718
10228288
1248075
950691
-41633095
-44414906
55190736
-37744183
31517465
25757235
-52780055
-23056423
-49622179
-66214493
44138209
-69510221
8714969
-25341476
29110938
620764
59632696
41607268
66445862
21955365
54064607
-11478986
-22309837
37645952
-30485992
-24576259
-30691600
-13377746
-64185965
27890205
671655
52427307
-17959429
-30282052
-56300566
37916658
30406770
52448165
-10828196
29973169
-58728434
56875767
-31395582
11041698
47883832
7815399
-45933551
28043350
-31073261
-1489733
56549023
-62608590
-39933690
14110191
-7922765
-43248120
-35039202
12911352
-11554951
22931630
-68138464
-71267530
25757669
-36971327
-35595750
-39809695
-16587849
51301556
13360259
35413729
8994553
9620114
-1408558
35115236
31073792
39230950
33920250
63251946
67254002
77848911
26263205
-36710545
59955311
63108043
46418935
46443229
-14568838
-28308357
-10685766
60709541
39394266
17308785
11921460
-52398949
20227437
8678880
-8957450
-30575373
-863985
-61899425
11765487
8971735
-63557506
-16154670
37663960
3775156
-21679987
28410989
28000645
44841851
51220696
19362140
64345088
15913212
-5843532
51748935
-6024317
-21524405
68757743
8769266
7520854
-2437204
-61385900
-29186730
65076164
-55285505
-29151050
-21743050
1597489
-32449078
-29525631
-50816375
-14579438
-7297656
-66514613
15282992
-63368587
4952709
-42940902
-60883236
-52010771
44888311
-62480055
37399008
14904431
-2040262
-64867202
-57299543
29141882
-64729605
601263
-59652823
-26905295
-68937713
-44212648
-26310160
46182622
-41394906
-5536909
-26160835
-50849500
26830519
16134532
16911042
3060516
59890368
9350388
44617470
2083259
74569632
109337
-25504795
75122279
68312446
33773175
-41349155
-39332367
40334725
-18339028
65676822
-42955268
66491224
44751718
22956106
56611114
59905903
38317361
13295513
2686670
-60191973
57026045
44280515
12708426
60884176
-16723856
-21226467
35136273
-31272943
27176263
-66487986
34390533
-33703180
-15256981
-43924268
-56344478
-71485118
29671044
-28203238
-23698588
43725437
-40365698
-14945445
27641562
-52295697
-30820183
-45479982
-11618579
-27321488
-47371434
-6972503
-28572320
14667361
48044976
9341476
71323999
3734081
66411667
-51721377
64977490
2955077
-12899013
-29663497
-18491723
-7377818
38174017
-46327267
-26264572
-50310179
-18018718
64845166
-38306177
16489945
-38677714
-37533630
37942054
1675552
23928137
30935302
-64872374
51048389
-51357099
63737214
-32294693
32892451
-3349306
47952083
44921372
24825749
-36076525
62050750
-3247365
-2918768
-54429076
-21774444
-6665480
-10135548
-1388646
-69948130
-21229900
404508
2228358
-17006401
15912037
37311799
-61533911
-24144533
8226419
-33309499
52721022
-31201895
12937051
35651119
-33577159
-14857067
5352732
26815002
66624318
-3333246
-59020037
41804510
-57394331
37291515
11261905
62643956
13815724
-21391796
-38516043
-16437781
63516533
-55412874
15046848
12054096
-68014455
-16740665
-7593812
61072946
-31559008
-34520386
-941604
35160191
24546409
13761681
46898220
-35888632
55459852
16168992
65675902
44232976
56493769
-37320726
-57938476
3070896
10563425
-60013129
57122822
-62516393
-41127939
12465810
-34767
15812656
-6568879
-9677124
44508110
58967341
-66689494
11171681
57109157
59122182
71607969
7864570
19635558
31145514
-55672871
12635817
11943994
9197368
-53748063
-13241785
-67307809
-58014984
14614256
-41667834
-35702534
2758198
20190285
-40323134
35090180
-65729519
26329459
-4121451
-46674899
-55475738
-37699000
-62871406
45736454
-15219130
-26241422
48457133
-40740906
54017864
15330125
63314741
28068079
1259454
42242410
70541515
16466955
35222466
-41586049
-1835764
48414128
78162372
72893031
9614700
-39167088
-6963598
-65080325
43567451
10201480
-28138939
32067382
-8113184
-56747860
23132483
-8832822
-39998654
-31267442
-34246089
51116497
-51638045
24217254
1811806
10461801
25495877
41225342
59641533
-55528592
-16776178
-45380969
-34078325
57666964
-18799811
-16980534
64618526
-19569508
-59639904
-58747213
6760626
64938070
-14456017
-24386426
-17471370
-64840515
25660554
-4541757
-70022624
58060361
-13956385
20404787
57920216
66521610
-50980943
45703396
41433339
43595815
-24278535
58988119
63712779
-35465383
31302243
10978625
-12390258
-35261891
-67335765
-53621320
-11654779
-67087602
-70525108
53029878
5376372
-69765371
54196313
-11080057
-34170852
34955741
8786520
3773811
63975447
5254045
40840332
55295238
29575076
-23639413
65000304
79930733
59332964
57663543
-27362294
-42711697
51180863
10173803
-21791702
18056301
-37776486
-24930604
26539958
-59343859
-62596998
5970662
43538527
888662
-47399429
-29063017
-35304094
-80295650
22707544
-51322391
26527337
-75876694
-41527546
-72896330
13306159
37838492
-64131441
-26390813
21770074
64338821
-28796592
-45075584
-15366866
-42481493
-47989278
2562624
-56343701
38541410
-7938542
-28695600
-49437560
1977568
-7486537
54757653
8040092
-30589800
-22125572
16329545
71353038
8068038
-37809875
37996670
-53187584
28457084
21785662
-18573339
11702498
43021109
-46643162
61129502
5443247
-32082005
-48478488
13312397
41334708
35460652
35046796
41488401
71955300
5646194
-35023276
10123981
-10753806
-2275262
2330631
19143078
-12875472
-14915243
-23511056
-43276825
-52212094
17997458
14053027
35920118
-645783
-11692278
28256483
20918621
8082270
-1404296
50454482
-12170099
65537472
-15755198
12573332
53903294
43337210
66040931
60766915
31739501
76463611
73776198
8422357
42555897
73183947
-8006600
-44782867
-64581962
-54868064
-52598698
-32066998
12134961
-52870997
20146675
-71786704
-49102500
49308681
17995098
-7110973
-51729223
-17968657
-23660861
50622413
57721420
68221173
26530696
42753479
75712006
60686052
-4014952
4414728
14849217
22072628
-18232534
22641217
-862585
66919420
-29232633
57353432
-62670463
-43071
-48025885
-28949952
50093575
-4924973
10425024
18593415
-50784324
-47863077
-29617222
-72427798
-51034362
-19621854
-23930891
-28413678
-17654992
15235697
-47909208
57457503
10100972
30855632
-31167217
63228543
-43046509
27029615
-22104591
28307507
-32293467
70666161
-7990988
51160476
72914335
49259248
39664292
-708839
17759827
78676333
9058183
-50810050
47235932
47038441
25961231
-7433187
-65567854
-22785730
59267235
-54441391
-13822045
56411621
45665124
36020397
-16259867
-6016321
-69814425
19376438
8039067
-24121767
-50449331
-11416325
8099085
-43578001
-79388187
1590548
-30396963
-76134111
44587453
-2885700
-19706045
22211445
-31159868
-36011837
34548817
62807067
22710287
77395426
-31142618
-2038669
-47118277
24041168
-32184794
-27047971
-57888139
66241371
4540369
-24133371
65535853
-18162397
-26748182
20967671
51605979
35536704
-34082280
59576172
-25577238
13434463
-43880589
3698310
-42911965
-44410592
-15217227
25159647
41629575
-54049160
-52173698
19819803
-70984396
-19135764
4790115
18403402
-48737799
33815409
51506939
-6515451
-1678866
61230716
-19478983
34902760
-5384816
19154053
25342659
-24691470
57774332
56760143
-50749681
74534395
50426112
55676744
34388967
36117431
-42154064
23806310
66890576
32679205
-43116027
-17380995
-65638833
-42910665
39814236
15154502
482830
59329197
-8203081
15095585
-1227863
19484666
12771030
-53208854
-68948971
-26149193
48079501
4745534
-5213309
15223569
44834442
-27581644
48071700
-39168289
-49198319
-8662566
-60835020
-46025453
13398009
24101750
-25340092
38996579
-29978683
36967473
702928
-25930390
26283651
52150872
24486556
339146
-20298447
-35905257
-47489289
-27588868
48307066
23143553
7857978
64673835
-14712556
54895044
74188169
-38349837
-30969396
-29477254
19611742
-7346320
-27285509
-14742053
-52802009
-62320463
-47786726
30526909
-33726503
-63034186
35202682
-44402926
-15999678
-21418346
-34537660
36397873
11959960
-31307601
-12661065
14337100
50757724
10616305
-32766192
55070666
53163571
56736516
3725004
-12941185
-6085853
-47797172
-33411141
45601589
72048311
37019565
57453481
-23840734
-59161644
23429071
-44096797
42070457
-47143517
44806809
-57593558
-8444422
-61545579
-8394773
-45344354
-18208212
-69022608
24121770
19349405
-45628525
6159942
23217693
-15103583
-38646535
-1196364
52635053
9289579
57593190
-2988867
-32246750
-15734407
-41476527
-47413330
44466954
-53355772
-62250613
5953865
61371996
-15145398
68672469
-16756637
45372930
24672782
-25397534
43126493
42802388
-54959685
-13991719
-27204434
-22498179
56051004
61911796
71662156
-32961974
65318830
-62262842
33405407
25715781
-42718905
57695170
48230372
-29617624
-7277857
16498321
-3812374
11084529
33024734
-39122530
-57096277
-23509845
42616228
23997680
-72991060
47566459
-2803957
-29038098
19598100
-62205206
43567401
52429835
50658923
71782427
662448
57732876
12844365
8959035
4975728
-47607904
30539416
42940507
-14683168
-22195576
21439605
-41447353
-67680762
-75384659
-56690429
-45244467
-76214272
-65189883
13886814
46164257
58282142
-22038133
-58012822
-35386169
-41573915
-74345243
-76627692
-58272331
-4319
-62767499
-35442324
-71983866
-44677464
-73463025
29056007
6637989
20257224
-3440174
-59357000
-57203429
27432521
-32045919
12691766
-44913658
25312362
67351859
5750356
33329451
64222149
65214289
66356525
62521259
364826
-44633423
-16881604
28094921
22197730
52123213
37643345
-5453024
9466783
-35061313
-53203724
-71583611
-31520998
49513675
-78828593
-49730377
-17167828
-6791721
-31352706
-26649895
-44516537
-84491872
-70580570
-86635030
-67251088
-61562759
8345234
51906840
-15090310
-47760732
-27158290
35064356
-36177732
-13648959
-52869557
-24031546
-2657434
-27312089
47496877
55890585
-29287651
-48087697
-37748125
30120720
25913397
61438807
66712447
-42170064
53596123
9145763
15298955
-6761805
74502455
21392287
68924501
35702459
52876671
-55351673
42364505
8572469
-59855223
-17936982
32894915
-42828818
51420808
-72934276
-41907760
35902554
-36646201
38259347
-62153074
-62719264
44110508
-67882769
-22224877
2239315
10086082
20155661
15853425
44595701
41721866
40895293
-18990340
-20763769
49461333
67179225
6853754
-17388038
45000694
71907539
75727483
-54010735
31688916
32910174
5086151
42390188
-5097112
-56134097
-1801316
-48578339
-20521957
-3280612
42147635
12945341
27496420
2995167
-21116730
-26535193
8703654
4705363
38309231
-19028526
-29284274
23881052
-33305327
-28227617
-62231100
54380475
-27681828
-34812815
-14956238
21058949
-18149070
-10730717
17198461
1176310
-44417785
-26424315
39986344
-30321133
49048231
-16040650
33999520
63664752
-17916098
29479470
-23679685
23312267
15793664
35519436
-24738778
-5148943
71122054
61896581
-10012702
21178241
-35189635
-41897774
20787210
53296654
21729391
-52193030
-7707574
-54363472
15543910
50739812
-72013122
106616
-51882467
-63301054
29398755
-52261034
-52069420
12399285
-34380726
-25110758
15627693
36428412
-7338681
35901448
55211604
4607890
18103264
72211738
45896504
66106235
7848752
80967512
41682124
-27626500
31762709
68283865
3476914
-33745140
-35025551
62048714
-33805390
53842891
56823448
-50996678
-40327388
50845986
36994967
-49532538
1430525
1957661
15181219
5416044
11375669
-44839656
15114712
-6346318
23560524
-73818244
-60173144
-65650105
25698201
-33188392
-56594736
-36451670
12184124
-5600433
11420542
-71854459
62142562
-813422
31954511
-20611403
63428209
55342353
36880362
-17261283
21318849
76187707
39294682
34939295
68327845
-4834252
-13002148
77853949
61313258
21613233
-29077463
73632928
29399823
-4346787
20429255
12370688
29880000
39660220
-32527334
-37485063
-12265537
46494484
43191882
-20340837
7356314
-54201645
40540006
-3742568
26898466
-31074597
1940273
-44010652
-78121067
-39268060
-1447613
13795417
-30824590
45331102
-28242008
-66257091
46472834
37118619
38718522
37473348
49128897
59906870
-12703134
-54144604
-38835710
31410112
-16803990
-9791158
-1960925
26112516
41593463
-50735247
20977287
-18963036
3481519
54201488
49331082
-14959793
3049786
-6268647
11630576
16052931
-35550020
63157104
68832537
36563790
41702756
55932520
-4091765
35199302
-56033711
22232267
-59785313
-16938580
-60511705
-69040708
13977487
3086316
15827452
-11548128
-64703707
53263765
9051532
30611728
-43384049
-8005770
51382732
66334407
38110605
-27392693
47778811
-34741333
-18018517
-20438229
-51683446
63004916
27918732
19561830
37396062
7876160
-40472969
45504608
-5806919
67783771
63275484
-32843733
61749760
-51091159
-45025191
20542556
8561480
39003439
-66807033
-43604367
39083068
-12618983
-65270320
-29827598
-22551851
12981383
43734206
60782324
64073211
7289284
-59287493
-43110888
-55902958
-12533623
-18469983
32466042
1132352
-54184287
-31867644
-59809140
-73860556
-75957695
-54644354
-53413804
-35129646
-80109158
-60110686
-17605527
-29653739
-54025401
53861539
31445305
-15231616
26909916
-16062652
44815641
-46171450
24132333
-53425513
-1008743
30759872
39458485
21764804
-1246248
25557222
24705173
74851047
-26326600
-20126251
78493752
42597699
75786245
9812441
33412081
51311321
40257729
-29993805
-30800889
-67485472
-10286668
2259009
35452084
-41025057
-20747980
-46436728
-25428601
-22615340
-54376039
-235613
53552621
19586472
-47440045
35078497
36234563
-51712607
60678198
-45258094
-43058699
-11956200
32186186
46090074
67007079
-58973449
-4006819
5774540
12183168
23192302
8091176
16689184
-889721
-33053795
-52872177
-17677602
-58634538
-20223491
40826375
-67919871
23810327
-54483215
10502114
23650920
-2835303
-59856168
-24092867
-26233569
-49947304
25986824
-68639765
6262991
29137413
47714796
-54202201
-7159845
68229327
-45166678
-45650165
-18439597
-23703762
-33730349
24785333
31993716
40149798
-31294528
-47799561
363324
-6772214
-36090406
-28253034
-66003441
-6139279
-40817520
17860971
-4436842
-2419618
-15426526
25025529
-7943404
-60872095
53156416
-34405755
21953336
11507441
19956449
-37677368
-6897722
49382941
15675867
2859745
-22100425
61450636
-8128344
40507215
45352922
-46464636
-22675564
-52768723
-3842452
29746683
18226778
-23293810
-20799285
-35216691
17047025
-2129767
-15135357
45629018
-53188787
-47185596
-67904358
6002745
-73787347
4184941
42731084
24864170
25550584
-17819112
-37994983
44440881
-25200054
-11797452
62948483
-61969385
37754743
-35080822
-10682239
18399984
-50051554
-58387446
-52272727
-52462580
-67828696
17832992
-44693353
-69043461
19813755
-41404225
61590233
-7149582
26842125
28838705
-58402072
47179426
-61754059
31660216
-29144975
-51027833
-3742723
-14985148
46099190
55127942
41655337
70834087
71928403
-46808354
-48834633
24813563
-43790253
48060760
-3640078
63413566
-7014939
27581172
3401072
-52987598
-68473447
414175
21624062
32763886
64517804
462015
51705326
-1967180
13722481
10900957
3429383
487085
-25677521
-40355899
-58705934
11450721
56843916
61830851
49197440
-50143766
-18784358
28031674
-15457100
-37763598
25651969
50913864
55987610
28725646
52173228
-35334848
70819498
40368441
-49070716
-11865090
-61693219
-48339621
-48026753
20141165
36297911
13696705
-18054212
-45324617
-49270087
1537965
-11519266
-72536308
-15368179
-74182052
50712278
61652825
-13133433
42944932
-32118218
56329873
54177362
73680550
41722710
-22122622
-47115705
-60702555
32439617
-39137167
19576873
13340726
-50894108
29800311
43743682
31509696
72378351
-57326495
-52660343
-33131935
-15281736
-49310180
-54711248
34769501
-37297013
57403205
-13765019
62649814
-62142725
-58315647
-18586577
55866035
-13705949
-36095013
61001354
-39803448
13029237
895986
-63279351
-17780022
54715253
58600670
54535405
16450251
-5240243
-52034202
-51440557
21789760
22585315
-62103576
-36163707
-60869824
29765261
16661424
-71480674
50391983
24905350
-25980843
-1563220
-62329413
45291715
14780412
31770572
-18321886
-59135150
29498000
22355924
43524145
34645190
-15577325
45440244
-42008432
-4997636
48032858
-35092394
47661759
-37898371
-42925956
65642362
62672370
-36670393
2105228
8704645
68273092
-21911531
-63121499
-60655451
1235378
-14649320
56838335
33324110
37617815
-18218445
-27577649
-67019392
-48093944
16738356
-34286642
355079
-1152463
34678940
-62150850
-38675083
62702563
-10175878
-31019635
12962894
17747711
-43220107
-66251618
62846037
58502989
-1214555
47932690
-33301012
22655240
-27334806
7281214
-25286808
-65551545
44952366
-41274045
-23871891
40881366
-22297138
10438272
52789773
57334669
-46807376
14569366
62236831
-24524914
48438960
-3421120
-45347790
-7420739
-13777240
58891547
3298993
13238524
-66442598
-45943514
24356233
-39902870
-390472
-31707918
-65516267
-73161649
3066751
-14862567
15686589
-27547640
-45094702
22302801
16661886
36376598
27740289
-40524952
8531317
-33614898
70708487
11661901
59231014
48881463
12625876
-51602370
-18809296
-12075414
-39703540
43827196
1045722
5627481
60255844
63114446
27460803
46405357
48007224
-19331608
-36403079
-65677388
60177200
-65959698
-68105865
-47366303
-70327975
-19264341
-1188451
-63748549
-8254073
-68842583
35291967
-67295069
-225971
-26416631
-50564225
-37060245
-7792069
-59074717
-7920625
-48840806
14027003
54213506
23356010
-51656095
-27853210
-26425197
-7984226
-46356373
65101265
70516583
8223540
54740610
-49367445
15975018
56984714
-1225993
35110351
-55592898
-1019680
-57320784
-43498801
-8622199
43936197
-42208144
29307178
58562142
-338864
63266227
-27333440
45320319
-58838987
-45446340
28995049
20489514
349706
2613405
-59961384
21359766
22272583
-63544660
-46365823
-21214182
29308145
-8230619
-10495087
-24932854
-16374855
-5282411
26003487
36448962
20362218
24136132
48844544
-30771194
72087845
46685782
-12486990
8888616
-10667287
-10019311
67120344
-43215612
-39920142
-35541432
-25402750
29429030
39937694
-1876475
-19697142
-19722394
-5217030
-39147007
35978183
59200902
31756095
-33692812
-58195410
26631369
40794019
-65698692
57606352
38015838
613821
-58035784
-69775259
2933267
1286352
-72518282
-41917304
-22199426
-68391551
-28806336
4344400
-1612791
13342554
30797660
-39467218
19722222
-51337880
-13813445
-59587822
-38213768
2704784
-634287
-4763837
-37427964
-43109168
29281426
26850497
-233845
11639376
-47492836
66586573
10384695
37137898
-55490074
17966760
-9852357
54086589
8079222
-30372703
71900113
76044242
-17704926
38770440
-35252185
-34555392
-18907891
47766379
-3040678
65188866
23435201
68331124
-58553626
36183430
161309
-61137186
29509511
16619434
1879748
-50074406
-22723202
-26165981
-27877074
-21785710
49400186
-1465797
-592540
-21881748
6264619
-25539551
-236253
-12990043
-63181789
614161
2911882
3145748
53475404
-49049583
3400608
36329915
-34094181
-19814218
-14564892
-64120283
-60144984
25423366
-30655733
-60405325
25953795
-4396779
10293231
7927573
33134296
16208084
28994001
22576801
-27618881
-45109210
5412943
896437
-862899
-26010086
37655529
61911123
52460018
-42980445
58651377
-60125128
28820332
44848301
62770150
-10602296
58348376
1135666
-50795618
16735343
-33626554
10346008
6378276
25267849
30684976
-41326262
37139484
-49679943
-10104721
24107161
-57306388
-16671072
-10155851
-23027717
12069135
48510012
57358877
-52155130
-43722975
46323482
-4020796
-11973806
7908767
-54089376
-69064844
-36723407
56816483
-13191242
65256742
2843981
-5650644
-1422648
14575426
44819426
-40193864
41077620
13393365
5835645
9548875
2651334
61654397
73708668
-6663467
-15142573
5207076
48298580
2941723
-16592082
65077451
10851751
43146519
-12150707
-5644019
21691949
28095070
22198065
-36873722
-15193387
-16090221
36249627
-62582597
-11944765
23677765
50165949
-44208194
23646386
-35378239
61378327
-8649345
-16947735
-51641737
12100174
14724651
4384617
-24860388
15209168
-54735741
-32263682
-59523457
-39048915
-25292010
-65340569
40497460
45709625
-55257696
19709615
-48648401
-16545242
10348901
-5293290
-47348969
27916932
28646825
65335284
-53558874
-50385132
-12580039
71496317
-49950036
40310721
-7218947
19417355
57867413
58692848
-15555293
-28459287
61898927
43638985
20301095
-26531992
5095974
30807680
69744574
53284232
-11004144
-15493494
61296514
-47385838
55780561
-8212956
45530578
-58437057
-29386105
-17842545
40273450
-60203419
-9888788
-43056245
-35604685
9908660
7911871
-11771331
42271607
-3091363
13152565
58925775
9446927
-55168826
55912584
59941674
70669383
29358453
-10041214
-41845380
61483216
54810398
-811692
-46143860
-37850496
-27244239
-35385429
-14616276
50318685
-2409206
-53894129
-55180250
-65903221
53865358
8521281
31505123
-32028362
-44701805
28176234
7668474
57901641
2265464
-59155405
42621833
-23775966
23069448
58483291
-14473130
-57632782
-22101812
-3201252
-17617827
66739700
26930206
-49406535
-52236544
12931463
-29544597
7012804
64079298
43756572
60214797
-30256247
-37148178
-24904051
-18151262
58173197
-54100707
24942494
68202675
-16416763
65081453
-17555074
21023010
-19046653
46230438
-59546972
-48550062
58733899
57698085
33777068
-25445100
69672350
54984604
51912673
42149005
-39359874
-8300499
-21910705
-15164085
43308179
-17986539
10772176
-18245799
-20955887
-40404153
36055577
23445173
-63266689
-71233398
-29492248
-16858854
-43056699
-2687444
-8260372
10705117
26404055
57469122
20739231
-3999808
8689416
-14086989
-21631872
-55674619
-20477946
66989131
71878311
58210880
-37750854
-43832271
-6358731
-36833484
50239414
42494043
-18070584
32249094
42249899
-17390304
-2546632
-36041106
67931966
-58396981
28055039
5465918
68771745
-16529445
45959699
50450279
70030461
70605012
-8584092
-51591143
-22403394
14296982
-46592434
61451431
-53928616
-60301041
-38992340
-47357779
-41661446
22738196
10973460
-75000044
31408478
27756705
-57174457
38294864
-60386790
53774709
-48807681
-54197377
55039717
-62887164
-4241456
6688698
-42505219
6893263
-58826746
62414520
27003343
36889281
4448573
38667974
-37397392
-15539328
28542313
-60310713
-60698708
21217905
-473545
-7729799
-62209389
-68652201
-71102668
-25327932
-61690861
35916747
-42828161
61243352
-7202588
11683858
-49165818
-34356690
-21638383
12753753
40613121
37080070
30856419
-2248077
-16118497
57203710
-28675722
39257038
31413963
-39087835
28555313
50811324
54721787
38493007
24792582
-54390073
27121008
57056038
38132301
-9866418
-46033780
-35882096
-20418458
3615987
-15807098
-27658896
-11746285
11712316
-42390203
-13852790
-36628719
-16442856
-22272461
14236375
-68473200
-43099857
-22933302
-19174885
-7640228
-24689480
5129351
37183100
69090451
-14182190
-61617167
31995451
67883013
22416736
-11476410
44643861
-37330290
13132379
22991465
15301630
72715686
24698785
17379184
-46473255
8033377
54651934
56362969
-33844755
-13449111
-10097239
-38184353
-257380
22604585
5489812
61279302
24406305
-23523340
46302467
-15617163
25237182
911386
-30238130
-12402713
36661085
51081757
18470541
-27290807
17004521
2267272
38327029
65326229
5331981
46482448
-58890753
-50286643
47746314
-28206494
-53801615
-17472727
47372732
64217363
44315243
-58716537
41332515
-51572068
59363433
-15860493
-15353218
-19876238
38706259
67290618
22719098
-29916696
-57305204
-63893223
-11850223
-6440074
-33481783
-19319450
-479991
-43821017
45835948
-60395994
-40029540
16813752
44500522
-58890431
-31114220
26264131
-26168725
55031764
34318762
-14500581
-6253016
40955247
-10874648
51379835
61105927
68113211
-2306179
-32778799
-7188602
14440796
74520727
33741653
57662952
13581788
72019648
-46482234
10295623
-7101014
59722939
63836717
7947558
-26880856
50520814
37548909
-9826209
15525947
-64776889
51925351
-44221758
30588780
59063143
40085899
45982056
31821393
-10305491
-2146385
-57689628
-51251711
-4543680
6349281
-19554134
-50146402
-12246037
45085894
-62250023
-25067057
-63006422
-1520149
-5898440
60387761
20349539
64027977
47343249
72524812
3127225
31668882
66772809
-38153966
-48491555
-1073847
1382595
-5579950
29394816
-62877157
-9953287
-35162336
7299717
56501124
15055888
36103753
-64518605
-71453349
-51872196
-4403189
-56663711
-75749466
28178843
44360451
-49194738
-2071949
-52816787
-59553490
22347500
-47146330
16497274
32978276
41156329
-35279473
14549800
5523762
26944773
32078006
2320493
-2626366
-28302897
-27996629
24100201
59049246
-42400761
-57120009
66597629
-31299184
-65417906
17484434
-7328424
-43802438
8117052
-46483823
6563959
16599938
66680642
-51511457
-17053365
66625332
28462928
-53202682
12307820
47162018
-52029090
24012849
-19815502
-36309873
24554705
17748000
-61524298
-64815092
-18126694
7501436
-11931140
-33417975
-71290299
-26085469
-11864179
-74225587
-62786847
38599316
50817636
-66778570
48535679
-26105101
-37169873
40145561
-34588523
55315395
55190159
-30307649
10453948
-28335531
-13555611
47697456
-15680037
13691876
54038007
51718465
-45882477
37850865
-9005549
12524760
11586419
9264818
28779665
-60190026
-39048354
-29940212
46051885
34005987
-12923410
-1502926
26514935
59727437
-3344237
32793088
66698805
60755835
-12283631
69316365
-44430752
7608449
64544486
57080283
54868701
36227304
28769543
2086522
13114100
40905828
28613203
-4800405
27525224
-59072226
1741388
-56309735
-20112492
53035633
27454991
-63459010
-24667833
-62384879
39445692
-17216167
-66778639
50804711
2979688
56274709
-19966915
8845651
-41033097
-20120491
3583311
-9895725
-29601332
-14875516
62942888
53858815
10278034
-50730852
-42334359
52051489
-29330134
19437082
-59897795
20422062
61326563
20594175
-14530700
-3228386
-57105682
-59503839
62909801
-21648840
35633654
-55968643
-17933412
-5879118
35390997
-13471810
58241276
34761218
55628539
-52194238
-10207736
11892400
32993498
52788380
20008278
-19940285
-56168931
-47516776
56193774
-61178757
55750703
-24282534
-10902275
-4256266
40646991
34191711
-62525790
-11250950
37386497
24455415
-10088103
3730099
2116956
18521000
27107443
-5699840
44068483
7365726
31914293
67922682
40143387
-1499594
11223382
16436858
-49226397
-1654168
-63201863
-56728592
-25444476
-25568444
-70597371
18985196
4689609
51067239
-32614830
20490360
-33690740
34524981
59063790
47855977
32977661
56922762
44608047
80054709
56650065
-46538822
32811579
38111046
-56273096
31421420
63924974
-13446504
27721236
-22281622
-43936430
25804426
12362612
33001663
-13487724
-41490224
-74644145
-37074018
52348528
32023296
-29089170
-32312498
-4193871
-76643624
38939111
29171636
36783805
20877521
62645637
-21019758
58115397
6024154
-26630383
69943314
29035752
11956301
-46978285
28814884
-35160761
43320267
-51861124
-13394373
-12629084
31918677
-51769631
-22986396
-7209590
-1427142
28044905
-70669551
60491895
60247080
43360586
-9324446
22100420
-1630641
4641356
-10958905
-34567300
-5594493
-28463105
29004205
-4893307
10227099
-34809156
-16010081
-30800256
36409712
-8934840
-52436771
48657617
-65188291
-16554004
-56310476
16100219
-65187570
-5799462
22215261
-72050074
-12019550
-55575306
18416500
-24547551
-54207147
-33188975
47331826
43416342
-47298440
38467243
-22907730
32774454
15798172
51716306
43937726
40516245
58850993
46899469
44257990
86436251
-30619449
37690354
24163875
-45583664
68748596
-39429194
-54191647
29113784
24833939
51515530
1673506
-60193960
-66817455
-2182207
9541507
49027643
-61589567
34202337
-71787155
-57792997
-18914734
-34528810
21565893
31078984
34583320
-61833295
-70624347
-32967781
47843437
-42510152
-8153781
36814607
-29937568
17932058
70871498
58721433
-17864908
-46015660
6967501
49468261
-11259360
70566498
-10136862
12564067
5284306
-7637520
42273323
38285642
31866052
-713212
33179171
42645584
21577563
-15512514
-63607425
-48649963
-16127017
20898293
43773857
46043994
-68848544
10510065
53327128
-70159014
1392059
5344223
35096533
-67342902
17059260
-49173044
-15422667
-6570852
55946019
37537827
-31485327
66347173
59454251
-14157963
-40515650
11203526
-48235702
-36611260
-4205914
22643930
67440931
-27290737
5049247
-52946110
-47892823
-55243273
-4664151
-32163610
11241839
-52563093
-57141424
5139580
30629734
-63851824
-30297650
-18057848
23608830
33215413
-13305525
-16646034
-55490558
-1432484
28312030
-9431826
-26655615
37124389
-45950038
34415610
-59785544
28045082
8918837
-16827911
8616551
-52775853
-22630133
52056924
-8051422
28160519
-29031927
-17253284
-55838632
26672383
66593610
-19903757
28190877
-22726182
43631242
-57127186
-36017134
-45620025
-73229570
-20243237
-76490569
20540475
-14337432
-70156568
-45837797
-18333605
11564055
6647504
38521056
-51876029
-45382006
-58248811
-37838493
-54377435
18539324
-60525607
-39632450
38397167
-43530855
-22093028
-54770587
-33333142
15692217
-65623856
-15986507
68120383
55365025
-6640126
-811531
38232800
-11588582
53157815
72921571
27110514
59138081
-40793671
-47587718
-9730770
32932305
-43399856
11446743
-25212048
36899656
-29504924
63038632
63347935
-61441462
-3664527
46895595
-63423582
29264729
36244508
32811445
48992076
-53968594
-57603126
58758858
37117485
34129039
52667490
-40301277
28608585
26080435
61199216
-4112631
51291250
-6846619
10060863
23213508
12638879
-18930266
62786163
60128837
991605
52658533
-13885903
54598446
-7908602
13541988
24087280
-30607945
32621731
-55837190
52136406
-3392068
-25090121
-71673403
44552845
-30268571
26827407
-34696381
29280617
2168987
-13438915
16053302
8421025
3927191
-40082958
-1604144
19334098
36611613
-63517529
-41947299
-56752828
53770061
19427467
54382791
54715306
53003741
52422158
-50285851
-42212865
-7118208
23000241
-2106166
-55405300
64791092
53009345
32714209
6914529
-6970403
-58501639
40951388
-50136181
-62802206
-12869343
45447790
51159203
45757234
-1687156
-2239344
-4318382
-67269865
20812280
55273102
-26881260
60907827
-4268803
35327421
67529844
-21664167
9551273
-19187270
19375170
-59502561
9058697
55024226
65000998
38375613
66585396
-2730048
60685673
31381532
70834368
-35120385
27902350
-6732866
48222852
-25706970
-50718402
-70503195
-24400836
11131244
-59317983
-75908336
19716226
-76126435
34580165
-18779491
-77791796
-31052820
8098654
-72146329
-19396941
-77947859
-10929245
40599650
-46306844
3178559
63341280
64313608
47731720
42935213
-13476590
65238438
-274116
-30664386
17021406
57946152
46139689
58164627
30068442
74975821
-1385542
45512330
26738497
61403192
-39546626
48549805
42080136
-44814386
11522635
-9374801
40432940
25179826
-41928501
30276816
11243150
43920664
-46355408
-71391090
-40539270
21711115
-81627850
29386281
-39568406
50685273
-15293509
35603757
51275436
-17887386
-43277817
-15639041
-44156038
-21721729
61994116
10382934
-36611667
51610134
-9960278
68392248
-47915008
-22642393
15209393
30668506
64993862
2914997
5872285
-59126996
63237964
67420774
-55817669
56641815
-44276708
47936533
63327296
26579988
-5272712
-24072081
44817741
-17563057
66683250
21560534
19794596
-2783292
6884023
-57936320
-63701752
-63704838
-5568589
-22046410
-17971629
-76415097
-49322667
18303828
-37400757
24742086
-20520659
25572629
-39152327
9845140
-20755275
50369626
-48130541
8017081
41678981
-37951004
20614744
64894218
-43222008
-8535337
-58407835
-66380316
41258154
-48539051
-32139224
-3468659
-30413648
-20442983
-42322364
63665559
61338973
28595617
74205778
63991716
-43041048
-37671817
-40125375
-51667993
-16187048
-5389254
-48781477
63806632
-28748818
-33032746
1416829
-70423038
13943944
-9944732
-1742752
27266444
-54805128
47759481
-23073665
-40010034
33244815
-61873084
-50142078
22317909
-26833135
65594230
51910542
10863965
41122642
21143042
35184590
-23522900
-32243768
3464115
40579866
70131
43235822
61948304
37155543
70070150
-49553724
22984169
-28499004
40977853
18391101
-35100316
-17763391
50745133
39694655
52819908
47096160
20565935
-62141236
-65301462
-60125202
25255738
-14425619
31583443
46266784
-73118121
-8732355
-9619575
-7373995
11365095
-69130604
-3503529
-31298677
48199119
16105102
-15663323
-25372924
39823184
4152130
2773624
-26448138
50626620
2568685
67029731
51003421
76012610
53276264
-15268951
20949247
70427721
57664134
-42986397
28973307
-2609908
3243120
22708049
-14785118
9763001
-14545945
-32726416
-18071626
-28294653
-67688215
-65098493
-30610312
11525844
-29895066
-49902665
-38744246
-82716619
9946007
-46579745
-56682789
-9338811
-41965286
-58374968
48283413
-44811558
-26393265
49418452
68184695
60351552
43631720
41892671
22325668
-4066236
87083100
-32895225
-51488488
-16069175
77012181
49646162
79183404
-46908933
-29339042
43019830
42166548
31898361
41518413
-61414045
35207713
-62032307
-43016715
9389265
41320284
-74877190
643273
-75036567
3043711
-78637205
-41637472
32410432
-73002420
-79759480
-44905718
51464506
57785987
23808097
55541558
-63521102
-36484219
-17797704
35438923
-62791931
-35420202
-30245136
205312
-58541430
965596
-33729122
-23455946
-1854544
50215023
-48975047
26809425
521220
10851657
15817952
69104212
-52654915
12596623
-35209751
-38951573
22096751
20771218
-49515417
44955099
-49815182
9048435
20475162
12128193
-49489590
55822180
15454505
-62973979
-31249185
22095012
38973332
-16223176
-30922943
39875033
5253822
60140600
59529568
20179786
-13707547
5987631
-8364874
10333089
-16090031
-64656034
-2034540
-57534230
31507530
38146425
8727039
67280113
36787396
68737817
62116462
-36368025
44448146
9803376
11229365
59157896
-13998154
63854779
-3480789
-40954772
27293640
62205526
2620151
-10840221
61438625
46764541
14647956
-41371760
10372027
-22480190
-72944756
36283553
18066881
-58627197
-30968661
50597077
36127764
22728454
-61196328
-33937661
57311497
3605294
7223371
9656719
56917035
18599284
-306287
-19943565
-40783193
22283471
61851931
53398146
-21516524
-13801755
11548124
33049651
-4169908
58331732
-3699527
32514364
-13917270
3780021
-59522764
-405892
9225957
-45320624
-33472322
-5475994
-65019206
-66806787
-41215339
-50605704
37516804
47533108
-66625600
-46318725
-50875041
-27404874
23051260
2811424
-40357138
53679276
-9141326
4232735
-59026602
-66246647
-32598510
62023661
11092558
-52941619
-54350100
-55353313
4869448
37603250
65877359
28731648
-57495080
-51882957
-4363173
58564348
7826529
-39695923
14623067
-58615874
-20828974
43372143
-47338501
42290396
54788437
-35108583
-40186436
-38835716
-60115713
-66650556
-47668653
-61758357
-27584834
7903484
24841554
-52870200
-44476843
22266382
-27651629
2020291
-62904193
7047876
8416503
14376696
21046482
-20185720
34004961
33625908
-51460514
69081575
52125733
2196703
-40874454
-57631215
32648905
5197530
62965282
-20936864
18687797
-16205504
30097661
-11266492
16708342
-49940758
61084028
-55583291
-19097229
-61717310
-53591768
-62751004
-34073768
9342767
38075778
50392887
-24394122
-71974059
17993919
-8296675
2161084
-69121494
-55156805
53564614
-35832265
63593251
-31231047
-14909302
55584106
-10953807
67651900
-24046061
-51352111
23948847
27920722
9101239
36512519
-51618137
37976409
32672333
-38411865
28572613
58299568
-55121302
29997547
48237827
59301895
-50712090
-58098616
37459247
-57364181
49618870
-57697423
36302734
62721217
58860056
-35734267
55074883
42190190
37793047
-21357097
51647065
27525918
138793
-51186332
-45619355
-10804629
26759328
-12842910
-71928450
-4861069
9575576
-67673065
-54169391
-56172709
7333708
-61559073
9646072
-77213935
-68569132
-39903202
20933273
-42419018
-28848624
35016900
-46418364
15862630
-36249849
28064040
-23347081
-3269896
-29701414
59726258
53162951
-51775198
65255584
83525325
46320612
-34290315
31986048
48810309
-26950456
61125421
30977081
-41802222
11824639
-37815114
46088435
-11394720
-34902849
61186273
-35516958
50917663
-50322092
33304582
5851610
-69430303
26970925
31765185
60795798
-17041242
-18221340
38527551
56910707
-53589110
64352201
48887052
6769525
46644353
12670925
-4251050
-63916747
-72005996
-20774256
6032672
-16128363
-28902297
54442769
-68327828
-51060598
17441921
44858953
-37207484
4931118
1420115
39075870
10268349
40772144
-11279215
36829765
52587133
-52859448
-28696462
12451995
-63231649
11548768
-32867325
53420712
-2077404
-11254679
-47006720
23756329
15275608
-20122061
-64608793
29657279
-49322449
-12764799
18431221
61372837
32066296
15184853
-11473298
-37901332
34669632
23211236
-49672906
52040389
-7422542
1318938
71062620
32780326
-23542653
-25966438
-21707105
-7087092
63202286
-35373018
21741705
45282820
-49271172
46571153
-11888799
43885842
-16645088
-9556911
-69081816
33577214
-71446983
50708158
-71407996
18786803
-35138310
41998202
51594775
2895572
-50022989
-40941069
62727311
-47175391
59098498
-62783428
-5438787
44946148
-38048486
68129445
-58156578
43396311
55906459
16795755
58669348
41406250
40900719
66812153
45904555
58517840
-24601946
14529337
64079903
32186539
-27353198
-44965551
-49526553
-60965245
49629965
-61499019
-49447573
20119248
25533358
35724857
-9130631
9980983
38187313
23004905
-55861057
-28468533
7660303
8461010
-14295412
47194516
-53867553
36066066
7017417
-39280014
53553053
44031550
-64089139
-67695536
-52940816
61619323
-34798916
-10952821
-15474639
30031177
60909841
-11107604
43125901
68429848
4181627
27985017
69758172
32809825
79157910
-385195
-4036404
59042863
57696344
-20458075
75044808
-6472962
55569411
2888299
-48881507
-34393954
5442420
9156976
-36394111
52268515
-72853755
54427508
-17766670
-47554970
47213580
-40774527
22218140
-48770516
30323577
-74640959
19418587
4035342
40165599
-4441185
-65854921
19580321
34290965
25846377
-50353336
-26342949
-69635933
-19645562
48694027
-41598591
-16309218
8023712
-5693281
-47582426
-52103647
1774980
23468122
-38785090
3033627
43202994
25975985
13824457
-28327348
42500932
-33912122
11207915
52063402
37470386
54898810
-1000243
28159202
27659201
48733123
55251587
-30199672
39819414
57225424
-59468604
43203983
-21161266
-18282970
23408703
25128442
-53252759
-22623280
3708298
29433557
23684389
8179897
44027483
56807667
-12865482
54547511
-35395823
28408139
33286435
-62439252
25439695
57104254
24182626
48692632
8544439
20207443
10578011
-30524454
62994201
32389602
9107734
67671156
-32879579
7538529
65490371
56290375
59155925
-41001020
1051840
54564940
-55217707
34441435
47496228
30632942
-37760965
34865103
-56238711
61680368
-56030862
-4590351
-15525731
-17505004
57020558
22650033
-39969498
-6185263
-33584090
38992992
-55012032
-47872450
58580177
20394115
-66620102
-21802399
23245937
-40846391
-30297843
-27999429
-12994900
-58374394
58808847
35921538
21109310
44843622
-30296876
39300990
26200682
66798906
62893478
-6376229
55707046
-1558182
11971153
60601469
-26971543
43575295
62160197
-33156498
-26421215
11332380
49339674
9695049
64526631
32205401
-16208924
-51872601
33082509
-64393815
-68321949
14786624
-47429278
-48309866
-45216549
9611796
-41244218
-59394145
-43771562
-39181266
7002956
-72598147
24345318
-11436695
-67103642
59460410
24459606
-6044242
-43422001
-23674576
5461160
19728885
5589882
-28470334
21780309
49245096
64343302
-6987697
-21244166
80748676
-5826162
33173313
75629878
1639094
36275697
-15370804
2376964
17400023
34434509
42945779
46064266
-54728940
-6110443
-69923176
-30686126
42803870
11630039
-24862164
-8569169
-39487885
11160789
-54531366
-30246737
-26137496
-18340035
49133871
-60047493
14923778
39425414
60181733
19793134
42558482
-24171240
29432406
-20177959
43972455
-32134673
-13335449
-35322364
18999192
58561247
11444585
-28073497
-55410040
-58389664
20014149
-55314897
24564013
-52439008
-6545140
-2274949
7486374
-19919592
-16474114
30125961
8283873
4817199
43331241
67318091
45487091
45524008
11709673
8867690
64624024
-27015897
4946030
-16623956
-63290109
39532807
-42173306
-6265620
-34018936
50056278
-27041732
-26143007
-56444465
-20094273
-78651777
11467279
-5784528
-65669379
-63800219
-46030988
-153808
-73430668
27683954
47001233
-45248487
60211090
-9428949
-48668490
-42847919
68135924
-40263582
42848708
-21085629
-29431457
-60295179
-52865687
1491921
40608498
2031562
41172480
-35874840
-54931939
592329
-39061853
-47018701
-29575131
-70140582
16781507
-45167441
-44085676
19966398
-2715199
-35240627
-34694653
34889219
24687260
29843636
72745983
69644627
-34561631
-19055444
14006539
6415952
77341833
4753343
-51899190
-56735102
-4859516
-67682227
-65846424
43757674
58213462
3379536
-17374043
-57025190
-19747997
-14094208
-17103063
38515680
22109819
61658387
-18682286
-54965142
-11859435
14862400
34284789
-57474287
-13220746
56183085
43893636
-56813573
38994497
6203174
68667222
61335208
16973072
42081888
73751676
11214400
21637179
66375897
-43373562
26539267
27303568
-63638844
-64328088
-13618732
29859832
33072684
-69534569
-15809811
13288902
13357306
25589731
-60682807
-33927326
4902502
2034949
61191043
52351028
6240651
13353882
62777921
-53136078
10844047
-58137720
10731833
-47204539
-42707911
5515721
55121668
-13037344
-29777750
8283361
43468507
-60367787
-51333289
-53336165
25966793
1704969
21275865
46274681
4801591
-16985328
31510253
-32296393
-24513975
-59529392
26790682
-22451907
17816393
-55154184
-37849735
26027377
130112
-33240120
-20417827
8054327
-39152269
23892727
1268966
43834768
17369812
68128197
-59762465
15446290
15786216
12939703
23170513
-43970432
9977267
67583990
-42412379
-34760562
-8354512
30981960
-54579638
65816288
-63891803
14614395
63027767
66207849
17645087
62468046
16323685
20989505
-4723876
64242332
-30376545
-58591988
-27744297
-30459130
18648454
-29906093
29832663
51950634
7885552
-26274092
-18345505
-8718441
-35566871
-72956951
56044769
-2901770
28303498
66391960
42251984
40906436
35726792
-49480252
30423317
-56900407
33700405
13156930
-12673219
69079512
34684419
54051601
25131956
-37602572
5940765
20808510
-46369345
39527392
-32084104
-24861501
-59177500
53143538
-34677386
59635035
-48343096
15472955
-11653224
21394983
37924455
51026654
-25224124
51225424
16991662
50831928
65032931
38235167
71361843
-11735604
63233367
27561393
65937032
-14175985
5041107
40977011
51633700
4449712
35603793
-61949554
-12175090
-60734103
25083585
-72046237
-45650376
22464864
-35482729
36467622
18280261
-15005286
-47596841
35944031
-18817415
-4410497
-60902705
-41886848
25568339
-16892891
16575522
-26063215
23746790
-52983787
-33751353
-4943695
33148528
59749214
24269559
29342841
-22306990
49730397
62418801
-48272092
-25912898
-6059147
46934487
74804111
3861349
-37167951
69483357
55506895
25190714
-55354660
-61987242
-53596166
3312531
-42187118
-51056734
43647365
26235203
-57878452
-24727233
22074656
-14498141
-27178795
-49307503
-14117092
14734022
41945579
23854821
-5254913
42062486
-12519257
-25545658
36204286
71025792
-43140788
-59641401
53251227
72292313
-3259142
1590122
-14352643
-17204843
-6205054
-17358399
13399543
-35759253
-51581342
-54140757
27505659
37653327
28332122
-67981932
-15857453
-61987051
-76043370
-12236518
-45303613
-27914622
3708824
40848774
19356740
44590366
72889491
-37716495
10329589
42330164
-36390324
15005778
-29350358
-6028094
69191408
-48240779
27756256
-28032961
35270067
-52967973
-38799016
61711524
3835314
70524838
2963946
4733603
-46807634
-67735021
49697690
-44028940
-1860441
34662121
40613402
-60450142
41055069
-55440422
-44096457
-51082399
-49595058
7647178
-46804340
3793152
59175509
-69242817
47675213
-30311118
-50155290
-62177062
-44933757
-12735235
5142594
-56873541
56548775
12379998
-31537094
22818583
27995032
3623746
47008708
71838619
65718486
-35381571
-279370
12433567
53850581
61834683
-25596240
34335919
32129645
-45858301
61338137
-28872878
-60174644
2749510
41594476
49365861
-42089199
65102981
33136662
-6684496
-57466488
6094995
-62420061
-45781149
50984843
-6247013
-62157182
-49128919
-5807983
-8518492
51967707
31973401
-32969920
49728118
58731853
7168683
28177446
-48226139
-63245520
-30086373
-68094804
-15029581
43088558
-36748298
-59695710
-56087194
56708855
21558166
25025425
5961426
27693744
12535790
50852344
16255182
-37137743
2894652
-50828594
39480230
57051714
-60568672
45010037
69402026
11504423
52891113
14107724
-42372838
-68190
43563039
2241892
61215138
29832405
20315597
-33527845
-19512714
-35589940
18673627
44185462
36368022
24274208
-51060588
-61488862
30926211
-8188432
-39028330
33767751
15346813
22960470
-63439094
-55133065
6350971
56421907
38459570
-44323694
39423061
26984920
-25034664
-13179763
-49444985
23853114
-55220214
-3947738
3351536
15421257
63907373
36108542
-13766133
1033067
35142153
-24597891
48791687
-33684349
-27257741
34894388
69011486
-3724286
2029534
-11805529
1932315
63490563
69196143
65043153
-16740854
-33143412
62846991
-37288566
43872694
32479872
24436044
-51170464
20935020
8843904
-18396613
-57990978
-3312619
-48471290
-32517878
-77663107
43436804
-78121330
15169707
55067936
21617881
18634648
53879867
50398767
54073109
-23061052
45212690
8309862
54138395
78069941
-35151357
11977367
4308531
-49931700
-9898830
-15058655
34053904
46687683
38767493
340017
-52274032
7596435
-55571999
43265576
-58217936
-56247330
54604063
-68039842
43724634
-44987559
17907575
11939005
-18192323
-8384434
7135041
-54942427
-41860531
35472278
-34337058
-68570358
11210679
-72827214
-23411726
-42078461
53887335
-67972545
-35179756
36381792
57539490
-58394915
-8444515
-23492810
-1962992
5128018
-16197039
-50800156
-42242970
-29191602
-4112889
21417286
11028460
34249680
-8208179
-30072321
-461530
37190757
-52622036
-59691953
48650078
48893303
-33673648
-60106328
-68133788
-63103922
-23084393
-23286118
61347626
29073132
66293019
38951592
-54267965
-61886162
-58591616
-60773321
-22911638
43671840
65292668
46671949
22130790
51363076
4896677
41450251
41250188
-17279486
-23529900
74222237
18644979
-47031827
39410278
39788307
37335125
-54771664
18519156
20396953
-37912449
2799143
34185673
-33684174
-4757180
13852051
55701797
35236912
-44526137
34349452
42537967
-41333718
35085953
-44744378
-3452578
-67820961
47732388
-53954762
27580630
-17657830
4166511
48798971
26485758
-26969172
-33893248
-57602498
-71914166
-31616278
-34917842
36928245
-21146849
-9771930
-7672771
-60383586
55997262
-8504273
9666172
-23780754
-62196919
-64320873
28055053
28547167
45593120
-778662
-49009450
113304
-14123166
3016256
-64998896
-45171344
-66279143
13016466
14526803
57017785
66177124
-54068475
-13320084
29662554
-37767314
61034920
-45024495
52895480
-7710508
36653507
-53544891
4508021
-34870796
-39024720
-15312942
-4342401
-53977764
-7665551
12066485
36493643
-25219131
-10306180
20345952
10983514
-59459961
-1875574
-56937286
8782072
-28812774
-4539052
-47319683
-23213873
-33191391
-7309627
-46352399
63136643
34348307
-40580591
38061433
-17067495
-12363281
-12707366
27211020
-45160049
-19955098
61122359
-44348358
-57681169
-18898628
-4704405
53061929
-37255304
-32152003
33089020
61105742
16881467
9917512
48602591
-46034589
-15297611
-45625688
49736088
4588719
-7384644
12572448
-55435872
53102693
-22745139
19953990
-7577900
66046010
17303612
-35559549
20430575
37877422
-24700860
66164469
39947387
-17791996
68705471
60133726
18833301
-12874856
28269852
32042023
22794483
68299398
33083379
-11663618
-61060279
8647460
64485582
-53098693
-36577941
57250689
-705187
-64505086
-44784403
-69597350
47879262
39077258
33996890
-26418287
34632138
25333813
-52574414
-68157659
56533712
-66883314
-12663146
-68207812
51939887
45654075
2510536
57370106
60785268
-21100917
8691150
67184300
-46846321
63160792
-5790854
11838260
-54323887
43549574
-22539628
-48112953
14549923
33409509
10916201
51484214
-11544798
-21441824
-14911669
-14956498
39716409
18740587
60779931
7435197
-44503646
-29717943
5073571
17753063
-24813019
60248740
19465994
19319434
-39925575
17199527
55260061
31234016
-42920034
-11699314
5585291
-15403631
-10716259
63460434
-50413445
55436780
-56041507
45279678
-58211256
52368837
-12875382
-19426627
-15752068
53717831
58568976
320977
-13315071
69339172
-32898096
-61386080
-22053913
21600087
-69884864
10339951
-10920378
-55850220
61563742
-55702437
16450692
-27785605
946875
-18302189
48223618
-62563522
34690542
24270006
65960330
-28507007
50067786
59868985
29001662
55173049
-5362029
70103260
10151516
34432007
-53087331
-37194875
-64225038
-30113554
39192736
-63950721
45620562
-8105793
-55171462
-42559726
-19520297
11439614
57789282
-2886154
-51540072
-72272573
49794976
-48215827
51769233
67313852
-36607064
-62693084
-70345347
-16651559
47281737
10419153
-9396108
27617933
65236245
-59399598
3007589
53092020
13097158
74300688
64942418
27091024
-35498743
-40476722
60586727
-23627402
72544012
1120077
67930710
20489153
-52116084
-63104454
-23538125
27637219
-23246703
47422189
58578220
49937694
-43903750
16434196
-2171501
47443179
41665617
-41439782
13680615
-30904315
-70626710
-31299235
-55264782
45726412
23555807
2575525
-39953449
56293632
59941748
-46972881
-43310627
-56303631
16702934
-1995241
-27964159
46378905
-42156057
44768932
61277932
25704938
37608117
56943974
-16620202
-56033811
-57302467
11536631
-67344617
24282847
21142124
45795799
6658945
63562457
-3536177
-50714341
21317337
-4900754
-30054940
-69954796
-70230522
-34253148
-22876930
-33911860
-5230576
-1389788
56086525
45957566
40538518
33655794
-47164837
55112448
-19150011
-20287276
52310979
-29295521
-33786310
-3918687
33624338
-51943199
65184253
2872205
-5962772
-48541420
48297397
9613500
-10447524
23998537
-708346
-20936044
47386565
52009344
73553294
56686335
63318987
3497801
-59562849
-51001505
28777112
-27648784
-31701536
61815878
56528860
-14795047
-38956948
-47794890
-41220365
8908029
-2702233
-56330395
-12666950
-12352167
-77189508
37213229
12392189
-58024721
-25876144
-16263822
44868958
-69902239
-9772112
64760137
11523462
-18739749
27901301
-41068028
-28658248
60708023
28979765
-32354251
-44139104
-61406571
7414016
14334453
-1466688
-59613688
65875742
17582744
15820863
47415369
8861259
-33711617
70157460
-36326226
8459110
-24073089
-5124158
69856872
-27799538
-12106339
32145202
50246467
-64809101
44028515
66623295
-63799610
-15602464
-2849023
-57464111
-40440818
-9816006
-64894269
-26851817
-22064570
-18352143
-31069247
-78340620
-58586982
-69337328
39267479
-10610041
38041875
-52486702
-36039534
-22170161
-38854116
1526620
-7371554
-4438776
-44254829
-28263436
43098431
47926728
71647464
-46580360
-14132313
45339367
12281913
-37170513
-57027638
38269260
75136583
-13678563
69458530
51289391
-46959926
38089096
-49038465
7522677
-43527983
33824801
-7363154
12971362
-35075103
45784757
33619595
-22968921
8697912
40243539
-59275905
16611131
29809381
-25950796
-50534048
53761367
-368135
-36904091
-59630489
13905757
41182908
61904810
28810028
-10356511
-45682321
-57794872
7138649
-51659098
-40266484
53599377
-14748262
-56206906
-48845255
37727085
42467644
-16458077
25805787
-20187038
-28045532
-66355180
-44388408
-64975162
46319373
-23826791
8862126
-7706113
-976248
-16132089
40733601
8841912
-30325794
2132244
-41194216
59523812
20054335
37172384
10632455
47361192
4953877
41707096
-3506235
-22250139
2292873
-15363151
-28260444
33512034
-13592601
-49015238
63378840
-43087562
-7511200
-54256685
28528760
37238813
19963556
-66867611
-64687677
55673847
-53867671
-33701137
-4802584
10751962
-31089053
-30897917
-43266996
-69400760
48565779
-30802740
9888264
-6600918
7966192
12621179
-45469409
-61409390
-41014069
-5261978
-60614737
-39362545
-35180110
-57394287
60206466
18656072
32028446
2900102
39384091
-57260938
-8732236
-54778343
-33783312
50992579
-312635
-3664760
-5293583
23189180
62157197
-13743352
-38584897
-13781860
-29710059
24683115
47879483
-2858381
49034383
24573452
27439921
28581901
-26770159
20886703
52268333
26491359
66913522
-36925087
58058005
-29897221
61038962
21438146
5340793
36160527
2406127
-50458812
59062905
13000896
38493213
-35683517
-53098102
-13381440
-34320458
26337558
18928850
61381810
52188722
-57181167
-9369070
-41482476
13128716
-22615562
-866441
-42971018
51580409
-68659400
40359403
46020085
-3934787
61805517
-40432801
32658736
8074237
-64662120
499061
-46212846
-61210616
57494608
-35186459
38545981
-19766219
28639133
45546631
4897664
24432622
-22101646
-35042588
17667851
29760307
42153858
10167414
67462299
41004155
-43077820
54890781
67214306
-23536693
-41163270
-21113802
-24825939
32591993
52141935
6083169
43029144
39931477
-38444062
-29381923
15643625
24095443
-64603022
-28265925
-26982403
6379574
11547670
39137069
-39146117
-8746389
-63189806
-5120158
-74156847
-11266074
-23329161
-14464151
-39171083
38802231
-42554051
63651532
-41743705
48826119
-2123554
54604273
-32461059
61356097
37866704
-35987931
-36438524
-62273936
56650334
14370257
16296793
-48919846
15314975
36841961
-20663318
-896595
22943138
-42971733
-4349978
-194823
-68803267
63964568
6082693
14266002
14764591
2348423
30970679
-56223021
29407927
-12424752
22076035
1287805
42971034
-52302989
-45524820
38931256
11711432
-22304043
-58208619
-15873382
-5984071
-31834188
-37664416
-49144849
-54129464
30582877
18445315
-3898260
29550354
-642617
-23911314
-28734298
-50512547
-62034576
-22525092
-60467319
2467627
-71179128
-4299937
-60029403
-18147453
52494700
-55454892
-43410544
-61607883
-1404160
10799568
-4572321
49260213
62891322
7308217
-32695584
77966962
77858551
20606460
-2749584
38402368
22378026
-6579379
42576240
21931095
787928
-21651722
22808513
-49523123
-12649969
39937819
-68483468
-34149801
38014959
-13912891
-20516710
-32356218
-37115526
-26302941
51621453
-6626719
-32922951
39170872
62323331
-63002554
-4951612
7695761
-35141302
41880076
-43099997
40638569
3687579
18438220
-26571192
-21461395
-32441657
-60777594
13653855
51468334
45296751
-14469378
-1129651
63413805
-57029097
-52022977
24752047
28454310
-64863194
-21226411
-5445281
-39762534
11052174
6780603
-4868407
-45920187
48282159
14399269
36821943
-8554415
53270713
73332105
-31046559
-30511709
-510332
8988188
-25639745
19629120
60176525
-46827926
44832880
-47758656
-16888380
46007368
-27304758
-46895473
-35391010
-30006621
-64915232
31312410
-41784283
-69487765
14108121
44151794
-52568001
-2581230
19334814
39060259
-36688493
42740331
-24431049
-56680630
-57165086
48901710
-47139679
-54155410
-34254492
-48818354
-16629194
-18893059
19379498
-69212908
14023561
18049245
-29642399
69132351
72151340
-29225904
39460617
-40269644
-21534788
-25855294
15529153
64335676
-43576348
29911637
-31737501
-63440181
49830428
-65742392
18175650
-33892035
-9914682
6717666
52293833
37623151
-33994738
37071262
-23391111
62935751
-40807662
12177270
68015440
24249966
-11932713
-43636582
31371323
70069960
-7785947
-31367889
35267043
-26805532
9504825
54011031
54257262
29319818
-41772125
-32016313
16777744
11735577
52583712
51133119
-27640592
-63833873
-28458834
-65514852
-50060703
2944470
9579242
-8103329
-23661762
-74250244
37907553
-17967300
-27213145
22716533
9159079
34708536
-18044967
53265460
-48005519
71307332
64157390
-12895317
-47259825
10463887
378731
-57974377
44361181
-27478920
4412210
58074791
-43634322
29570712
-59543543
740390
-37432802
52805809
-61067174
-22415160
64480949
-18496287
-15599910
53288400
34310340
-19732324
-10856136
33012411
1381854
-3362264
50141760
-5446249
31484053
-15780730
-9347810
-31326777
-32220376
38814133
23851457
66909550
-42610585
9220705
-63511825
34056239
3709759
-2618448
28198305
-26582006
-36312246
29900825
-5797503
25130374
57149372
52688336
-3111770
36558423
40729298
-55729818
62557373
-2646670
-5578161
24990433
60497317
20615860
-38615312
-45373551
-42936079
12952424
-57178750
-70347376
16972648
-32812466
21909026
-17522917
56104508
58836827
-5372714
67173199
-37571490
34583716
53531136
-21902117
37964490
39825800
-58136205
-64593693
-47010552
-41942822
-73835402
53718869
-23599051
-44695047
20842496
8021173
-39389487
-12779953
-51002466
32191243
-34885941
-24956530
36407277
42576205
49397693
3016166
-2693572
-40995114
-34543336
-15334240
13930364
-65342026
17930503
-49184918
7046472
30068656
17261135
34292639
68794616
-21309599
38163354
-38038585
8463510
8681482
-42459990
24637228
65833798
65649169
-34788538
10503549
2734171
-57277729
38438900
-13076258
-62207066
32464840
-10437310
-13721214
60346242
13565317
-55598620
-21448711
60032755
-34112591
-47916630
60249639
-17874879
-22675026
-12430445
-40365712
-53581547
43255316
-6011227
55949823
53599203
37558431
-12114683
-31886979
-40379747
54161794
1185197
15443200
30938865
-39414806
-36738609
33954035
-58623375
-67424100
-23761553
62296325
-62898066
39911976
-69862952
-15195177
28274312
-22830863
17345404
-24591716
61511486
-66289134
-51180837
-71263436
-20659892
-32996541
8604869
53889615
-26800913
42531550
68714880
-31394097
-44159665
66561955
69578889
55356586
51507907
67497809
80126308
75494473
66744336
46650646
-20023769
68449225
-53744373
61168230
36544548
-63151193
52072119
-48988865
-61279356
14470692
-76167054
-39417291
-60974313
-46951705
37292606
-57673422
1076769
43410879
-68434798
-29376522
-33163508
-53218233
-67596708
-83936409
-11669857
-3239293
-27662066
-63140722
-11894157
-58500975
-45596759
-5769053
-24493408
-17764868
-60920398
-7167945
22658158
55287268
64063453
68507127
43399063
-38401511
73684209
-3725206
-46414601
-53008216
59862437
11394338
-23092721
-12736480
11644006
-59016346
-53433100
2245567
23741162
-33175884
-37659078
49581018
-45218318
4210480
30046399
24039319
46010393
-44190555
-12875996
2322504
53587319
10010060
-50286478
-37794503
-7833824
-56549245
50498823
63988420
-10529760
-34977511
-67836037
-57192752
-27657294
-36342787
-28084424
-33158333
-15596257
52051194
26146290
-26140978
-50403067
9943808
42060933
42907589
67769909
50120339
-16143790
-44615647
-52311105
17791735
41188175
26721803
22240902
52047366
-53970882
-29799905
-9426168
-34241372
60797488
54483531
42914542
71055116
71418975
-38128866
22843956
59411224
22667484
-60961477
19301669
38045699
-12180015
30701640
49611065
30559330
-24154323
-71124804
12870534
-10950811
-21821911
49320159
3281683
-73545126
-8498195
-45018503
-20646950
-6892530
-77952887
-70623262
-5048800
-17671517
-36813512
-8520232
9291621
16711410
58369651
1590061
11433185
-33929039
-63715804
59215225
-21729645
-21271143
72781869
-20350316
-56880490
-3259915
-51308561
-16942943
56802258
-17622026
-45619336
29176637
33147695
23022776
-493202
-3581866
64661278
9163815
28523874
-14898479
-8638568
15384219
-33113807
-64470385
-4779283
60768096
66983142
21782639
-28376655
30243008
35727176
-19582555
16362504
8794787
-17753932
-36559610
-28489767
34713358
50162273
-46149400
-11000711
59763087
23810628
49186989
15507302
9865490
41137400
29829907
38146289
28779864
-61441571
-58981807
38985922
-70047781
-15650357
-24291836
-64769511
-75207645
-21806082
44043140
-32598869
-30419125
-16970163
-18571985
4975058
19890251
-45685910
-48405777
-6799525
-18201905
65239330
28895948
12517545
45659278
68456132
-20043375
4654179
-9661257
-34047084
44263038
-2222298
39009180
33736656
-48223200
8944105
-33964922
-67656175
17603972
41589164
48527031
-65453108
28455058
41178645
-44565763
-52574925
-60994696
56962351
-35808759
-54206207
-40372939
42292166
-45169224
45958768
46947123
-36160080
19939838
69393193
6551260
66487856
22609588
-34778232
-49295624
1450351
24685575
49570919
32789819
-14428397
-16141704
-33756145
26486805
-37565732
-40329351
64118471
-14808227
47277886
41493389
54453195
-23849612
-28060830
-20416416
-7882117
45847410
-39542599
-70061502
-58859004
-63032727
-11873141
17316824
34734400
-10164607
15348134
-24420769
-47626924
51978213
-45595244
-26337917
-35069905
59487415
41038719
51741031
-50506794
-42612442
-13857849
53619455
-52892635
-4457035
57276831
-46925049
-48078722
27687576
59721287
63380251
-36961991
22001492
-6326262
47309395
37194077
26251308
39637411
65401786
20240075
25178792
60033624
22878708
-32646308
37117266
33685752
18205753
-5672440
-40634714
56615159
22610321
-56206446
-53497173
-69827724
-71232786
-35324989
45276429
-55926190
8899149
-16586202
50468859
20158344
40414296
-3116992
-39554602
27714885
68679852
-36329575
12447959
-38788872
-8606007
69266070
-37732741
46793836
58639124
29104388
-24971680
61668601
31691607
-41658646
-5230808
1541214
28448624
9897807
22278847
12232834
-2473556
-26216795
-42165334
-50941718
36429095
-50692197
-75153897
-51154482
-78729899
16688011
-30419367
-8859356
41272309
-33836615
-73946791
44771287
7252144
-6727033
-44260989
57419812
34604006
-5737036
63885512
15016433
15801199
79015205
-12132585
67209026
-37450405
67649229
-38332901
-7031283
-22708753
17667257
-60084823
-56161545
-32319194
15983113
-332830
13463340
24383120
-69765127
-44428031
-75316781
-19784632
-56349113
-25867026
-44332470
12638211
47865755
-36391309
48136982
-36479344
-21614131
-21345483
65538715
2271489
14137314
56105150
57384132
51797024
-35172878
-29799888
62950590
49290991
5784866
61112938
9115972
72052134
23529176
62923941
-43342189
69284846
-10011377
-12106929
-6319704
-50130852
-40899995
23786077
3800802
-62517955
49843914
-8365485
-35791495
3508192
-46350654
19459706
29581272
14626242
53622012
4460090
-31496796
-17512354
6589902
-12764847
18619396
56973426
-26302938
-38778039
-62820049
-10333067
-47541787
2339709
-29181899
-57212175
-9271600
-65183877
13642735
18586231
20862869
-50090863
-61339354
19315766
-58437613
-33299738
-39065404
-47071174
31100705
22298979
-11862951
13937674
31027611
17974400
14374682
62841033
65011544
30251134
80118909
42959726
26229201
-33649466
-22008298
12875801
53331351
25404495
74800895
535977
-9885185
-12637008
-22609383
17319660
-39784339
7158128
23922496
-76003753
-21685249
-18903059
-13007132
23448324
-24527150
-58575507
23199406
-57750799
39353119
47487017
-41789598
-29745555
24292551
-22552577
26505628
-28017874
46407619
34126743
9076517
-19716554
22912532
48246296
71965988
22186843
-37840839
-41589763
5303890
25512169
-37836917
-8943190
58557517
-64092100
27758182
27443434
-36307951
-1224286
-3890591
47254324
58795654
3399048
58081835
-61854093
18606158
58081391
-21690158
30222518
-12475931
53750081
-31869775
56636972
-29483499
55226638
22087748
-17860268
-27666023
-1448639
28664505
24311430
50495033
53254619
-62095114
42602414
-51863501
-35991066
-16443203
-57081459
-39988130
50479466
-30078290
-71829258
-68238304
-37827685
53574066
-18042296
-22685276
-53634143
20542316
16374546
-51058143
-13590309
-53575349
-12911040
28243210
52057821
48714020
38072745
60368601
-12057205
77855050
7870821
34227194
68892086
43324553
-39786980
-15926150
54411005
-34604877
18358729
56706125
60340675
-20450705
35215046
-48964594
40923218
27035793
28048683
36328460
-29580053
30733943
-55018513
-11385344
-3684129
-24241718
11191253
46127511
32681365
-51680417
6200648
-64175925
8704592
-66732826
-51064928
-55038523
-55699301
-30353299
-13915123
-42806163
-42189124
-11857741
56000382
-55991192
38700200
7162664
45446763
-13381952
-26653152
-60261418
46764757
17943122
-10361550
40817777
-30520970
-58097952
-54083425
-45507745
36481004
50657082
-38866298
-22141053
61178826
-32001914
-1495861
-37996254
-13346002
6830822
21550033
29530686
48886368
-58015956
71417063
-120193
-4220019
-3792529
-13602250
-44519453
-3501322
-35039923
-35660216
11836561
-70590128
53461130
33850830
15246581
24297244
31601125
-35725145
24205334
28932450
-11152004
-55289074
35940609
-19511228
63604793
56139886
-19233067
36807739
-20808686
-59742341
32493688
-23343778
-65828826
6871504
54511808
-18879049
6872852
62771577
22636647
-9045689
-36350981
66641073
22638581
-28026843
49295656
52178372
18723826
-28809491
-34585317
-61058005
592905
59131404
-7300853
-7773528
61366353
62435563
-58367438
-8434992
-20048301
-70427837
8949804
-66275526
-34561731
56233606
50329548
20674740
-28980064
56695313
17790657
11465770
62546774
36344364
-49766956
-25947364
-41524959
40594607
7965789
58691687
6764784
-59402015
-62915561
63814983
-13015310
17932883
-60294541
-18567404
5681343
-34612517
-7065552
-6617930
-51831725
15570422
-46281655
-39608281
-55014275
-60451577
-5889780
-73521680
-19419108
-18620236
-49593402
-4268142
42330448
-58508826
-37843191
35742021
-26035725
7180694
42849459
31698963
-56719189
45218076
-8269286
-11380743
-35699812
48910346
44834484
53878918
-42174144
-40450425
67237635
42503302
-44897973
61980148
52437
-13928099
-23903307
-54179122
52682802
-35833603
-49461688
43919284
-1004328
-13392859
-33024823
61624621
-41663364
-20863322
-68929034
-56826058
-74924590
-46393454
53394487
-42056227
-6945074
29331696
-20768981
-4275677
65125314
47565765
-45144920
41725996
-27275426
52217749
34915876
-22559624
32570708
2766701
-6629467
-9900017
7977694
-43363709
67551451
56342201
-32321599
23523946
61894755
-14394816
-37585236
58139546
34005518
-58102982
33154204
23388282
37036156
-61572037
51644142
-46460488
-38070768
34954157
34683885
37799741
-28278737
21587767
-1162969
-5461473
63726783
-36697359
57824034
27898729
-21989634
-43992842
56103117
57551503
-46764729
576723
-5496894
3578065
37596435
-32331910
48413255
-33366489
-9275893
14524212
-37729555
13900423
-8628422
-6728597
-63437983
-58566932
-77315463
-53310803
20208760
-47528806
-16751611
26395997
26036209
43009504
-34902293
-54580302
-63449530
-23166571
4959563
-59048279
62374188
-5039559
-5882639
-19444931
664331
-38058718
5152842
72312819
22375642
42515415
69823708
68871692
8156379
20435938
80370792
71976065
-25326941
50818659
-15727266
-11223618
10652405
-36228276
61429085
13447037
-9982169
46259711
22166195
8982017
-52866555
24866148
55229888
29060599
25796823
57350556
-1364248
29536939
57219032
2831242
23061929
-39856382
26973813
29932637
-14684978
27477036
12242697
51210985
-33944588
12025940
-60791154
56723847
29964360
-18333643
-35527604
55352053
50557384
67885733
56378359
3655293
34838142
64509777
53321754
-53405361
64669126
-13149989
57396752
28557229
-18070187
15161218
42242931
-14444431
-46420478
33207361
48191706
65514215
-54714680
-22703592
-16506053
52145410
60324120
-40264210
51575591
-32785539
-52333581
5491821
12189997
-27173713
-30296716
-18258939
-24894587
-25906875
28955514
29646465
-52964666
36598430
-26053917
-10463018
66160219
30583512
-49661427
37655010
60755364
-59271515
62492392
60078464
66457039
-6366098
-6422932
-35866044
37286802
34788562
-32011284
57329530
4508407
34972106
57915347
1850907
44485700
-33471786
63875105
64543353
14944779
2893166
31053730
-61356660
45362372
2675682
52638972
1247832
-37197098
-48666680
2143424
-62666665
-19700296
54848047
46783330
-16555244
62368833
-37091950
29267329
54521179
-25823799
-17766586
-47062363
13787364
20338750
48781516
-56958411
248360
37140898
-30764473
48298097
66975192
9195386
28800922
-10110516
41594513
4049267
-32179431
16194164
57538657
51285130
-38625088
52215681
12208711
-4084076
-54319497
61373425
42431097
-13284569
7783633
-33447184
45584526
-66977614
44080562
-61457018
-63176601
14826125
21705693
-15751343
3964264
-70742847
-14412897
3213476
1086085
31969829
-11613120
49496243
-39833065
64701130
61619484
-56207699
33241832
5853027
-59761899
15467575
-6505636
43975270
-45040125
-17548242
67386519
-30193238
-19567736
-25106688
62992873
-32956968
28339628
-28784380
63991775
62919172
22608101
-42425633
13692571
-19401374
-64437542
-10681701
-57946520
-61047369
2045088
45957148
-54496741
3301658
58715009
2858709
28437963
-28534735
-51630602
62114758
12018250
155037
-19481256
11680518
-59397315
33929066
26440631
48665016
-16476257
-4326536
-23512854
48337572
62142018
-18395528
-27987675
-21086715
-41471701
1356690
-15126405
13643212
64142225
-37819049
-7739424
-67958149
-27816190
40110833
19631921
-26772788
-32923077
-2835099
-26481410
35772238
54106714
45488257
-25752685
-59886275
-49934741
-13695576
16160619
33196448
-66479653
-5008909
-15361820
-16891322
-5592761
-24898684
45325780
20403145
38967043
24264357
-7152025
23249222
62893223
-6795786
-59262745
28310681
70242484
-3080286
-55144973
-41214266
-45102063
-34044194
8057337
-18861432
16188848
-36225107
31666890
-62537523
-1579122
20003521
60628207
27753925
55791662
-39531852
-33602815
359380
-53187936
-37859296
15683937
-22823226
51451629
41134106
-39726039
54436573
-16323860
58253806
-17826530
6107455
-42930128
-20049312
47737058
45897992
63949960
-39828210
-46307377
-56734936
-47260664
-33543938
58915813
12380212
-57153560
23432207
57980443
-28608527
39174922
-65389562
-12642626
23301730
30595806
-51879205
21544165
378739
-17724199
8352001
-50876579
-39433609
-66043376
-2253418
-25475871
-18376917
-5039479
51249406
14010610
-34870099
4036958
7162377
4874526
-64157936
66483908
-3033675
39834033
24900545
32824637
-13092967
62945312
24983121
16108881
-7205215
58872535
-42300014
-38073004
-61573595
-49979382
28603182
-250110
50090261
-44473025
47785566
31668872
-5807771
23283354
7009183
25169941
49488225
52500559
-60790823
-15726940
-13467126
61000511
68826906
-8213021
41630762
-57512495
-17430659
2457093
4080960
62016324
-63258103
-16168429
4612251
33794164
-61236503
-17606888
-4432037
-56339781
27241532
-28751998
21364885
20462216
-71508105
48904098
16838112
-60553064
29724194
39844174
-22697901
-39235957
-30511698
25170122
-48149994
-58368578
-61447781
27473086
-15624955
-4086809
17561642
61529346
-15115662
-23586417
-33315358
59686125
521402
52785858
-53366924
61657092
46882816
70728775
-3956333
-52558018
30086431
8074610
42600619
22583155
17745168
-7359996
20191274
-28167576
57087567
-63777315
34669588
31607698
13318548
-7503039
56816363
64862786
38383828
-60959110
18617491
-16509201
21401607
-38037452
38831719
-36661239
43741170
38265927
12507568
-66308017
26007397
14327029
15075547
29445209
-6067659
27433684
-36498363
-11289883
-23907559
50908223
17227306
-48953522
45981090
52794186
-815710
-35620400
56769823
14831606
-42461690
34695630
2532426
-25564312
66005840
-1178160
2593220
-1340139
-40796608
-35427402
5279868
16254490
-63938801
-15769533
4264484
-8219960
-49696797
54897205
56430891
54454498
58543498
53547512
-53332099
-28202754
-10917068
32340120
56789346
29030536
64726752
10719289
26064218
-50062158
43581772
-24283491
-22209311
-67564107
-36322757
-43665017
-69075490
442058
-8906072
-18641075
52337981
59460604
41110543
18804450
19786271
-975149
-29728641
35912738
-17694412
49474208
15849119
-47165095
54469573
-52958221
-57402241
-59369216
13131270
54366972
-39542751
54303870
-55207895
-8821068
66166313
63814567
4472653
-34415609
-3551186
-29334495
-4651595
65881244
46977455
56853944
-26889060
-38560306
-27473348
-19781829
65323330
35194003
-15431620
6381619
-48786112
-60684531
-28298618
-65387322
-13982096
-24937941
13280492
28278420
-60213498
-7237707
41884004
-2971280
46902010
64581420
67114979
61689555
-39362696
74932635
-19168582
40165522
-12189678
41633747
-21773134
-5118692
-56133282
-30368846
-100590
-12984708
-32467263
-47813862
-74180379
8012641
32828614
8954186
19399299
-55289260
-23493234
51936280
12235726
-47024537
65121194
70343384
23581076
-47257504
-48565580
-15810365
39599157
61739415
-44501657
71065054
-5898120
-21954637
-36260883
29187398
9145709
-11257078
-40850042
17707270
-41027030
1582262
-63637488
-62371697
-55827937
33699260
32698894
38880693
26506046
-59931196
-8625549
-63956519
16157549
-13848894
-43679648
23156624
-53207975
-5867104
12838722
-4987311
66641533
15301647
74759054
55932965
2046578
-54848858
61695501
-26841695
40004481
-7825909
-44421329
62423876
11836815
56984359
71565926
8387950
-53880365
40038797
49699347
53176379
50530214
40520103
-12966102
64742740
31961953
-32064543
34479055
58684050
5335261
29483810
-53835869
29473549
-24218751
30936054
-8585313
-26901054
-46981274
53427540
-55172071
-71723406
-77860459
-12338858
-20752317
13367370
-51267325
-53619683
-4007881
-33124809
278800
10814942
25134695
-45047039
33444142
62339573
8027842
39390474
-43477480
50322476
-29273511
37151706
-55553730
-59469752
45370068
73210468
-40838856
-16079902
44416285
71450823
69504143
70756971
21217408
18849107
-14292991
15595781
19078658
-29794016
22579497
20288073
-18935813
33402774
1971962
-35303791
9394419
-45551516
43012779
40904560
11501254
-45315948
13106533
35063678
-356055
-65334869
-16524797
-57084901
-77479569
-57905784
-26802150
-83146017
34010177
-55002107
-24353661
-66653004
-77214058
-15401658
50374553
11326183
-35801794
38789832
-56690163
60050589
3387848
2261660
-6167485
-36124534
-6484806
39121553
45777666
47856172
-15890018
68028790
-5075625
48800570
22002953
-19414154
68735362
76543380
-39255946
-5946885
-54702603
38070712
23352842
-55455049
56011796
-59041009
34273715
24905068
-72769976
57105476
-28528019
-12269518
-28542025
13767975
-59598581
43545941
-61469657
10040237
-60098915
-15466969
46647164
34084716
-19375974
-36729759
42125521
-29904722
-45159404
56230733
20461612
-16568690
37485676
72909486
-37732282
70862473
-33312003
55702948
-53224183
-2477765
-25652151
-11281242
58355906
-40866736
63979447
45121610
33537784
6007882
25030905
-33450585
-38052494
48966861
-33672501
58550427
67783918
-15889754
57794029
-29838404
-15236180
-28025582
-4101725
20394795
39120778
735225
-8990627
-59490966
-60807817
5815279
-64439490
16583691
49345378
-64803262
-57297279
-31571518
-68981917
-28497760
-2210521
-61548913
46253235
58705717
-13636480
-41624436
-38856255
-9832348
-37790580
-13157377
-29351728
-31963123
-14962650
65739640
-62650131
65755449
-53530787
-19493841
30664479
54029178
68861949
51445303
-26122639
-2127682
42843585
77368024
82409893
-31700277
33187635
31840197
-16669648
-25033425
-40366023
29610108
-17128254
40869090
-17351790
16470028
-9206389
-30043250
-60582537
-22305630
54962220
40284206
56288910
-18438559
52947339
-51265504
-72144772
10742694
-2213319
18915220
59282981
28349684
-57022142
11035607
26894600
42195205
64103192
-33905165
-24451262
40567890
-25453713
-65068988
-41436795
-38711081
-23198583
-61375925
3267496
32331607
32935639
-17386566
-26768030
52245015
46093778
-28532348
67290675
69446235
-58007501
-32308334
71590180
-46023219
20436459
27310248
-6863654
11774223
-24159847
30288208
-7270329
-60245187
-56449547
-61147840
-28729291
43366379
-26397290
37682781
56810711
22172841
-46571429
67954054
17797434
46474206
-28347237
16083732
-64675716
-2697813
39854066
70429240
47365793
39303167
-36189653
-9964021
-56137722
-40036627
19519241
1511649
-27715377
22950077
-31425393
34309642
-64523071
-74255767
19514538
21609564
-25628847
46137112
-30421270
43113618
-52415144
-65013186
-58243618
20933949
59518253
66280689
32545614
19224113
-49666019
36201033
67439354
-39335217
9430482
-60741365
-19576701
-65749638
-13753163
10267401
13571447
65031557
56484899
-787992
-47125344
34493799
6957750
-28095715
-28715562
25017500
37800812
-24628546
-35570837
-60458643
-57730471
37226120
-52800905
-75283525
-36912211
-5837364
-59494530
-33245261
-11299713
-32146636
21479007
40504880
-65253237
-21426394
-31944102
-59694204
-58386032
7149302
57438677
-25702072
-52206111
-16024740
-40847385
-40860222
-6510803
-43571909
15185132
51995394
9476054
13592336
-24336455
48256960
4060246
74691704
-40669042
-56376625
-49114556
11908861
-15624665
68776922
50283315
64374411
64941047
-39733760
436986
2058220
-37539784
-5211181
61513354
-26477321
59014398
64214406
-55156792
21698991
49452578
33319287
-225999
-53360180
-3450123
-974898
-8387793
15599788
-9933415
-10026649
-23993343
-67737754
-43342349
-3090732
-48313023
36409198
-46458677
-66141305
-79527971
-67562114
33062610
-24994662
46619613
10745676
11082943
58104795
-44877638
-8750422
-30595904
-56574316
-64620267
-56272626
4709952
45606587
62338491
-8655132
-57938460
1199817
45594961
37082768
16651714
63910980
12039702
16097316
-47689494
22794366
10439153
67677532
-59220484
-30521524
42044951
-2687271
-44969977
-66784651
6740865
-53803537
13528836
41243110
47803809
45903136
1613665
27889910
-25921104
-19344059
-9466683
56196675
-37295955
-19449500
9985607
-68120502
-19867887
-10433434
-24950116
-66601348
-2135440
58291482
48427490
10303435
-54742621
36120382
-25939196
-29304952
68095144
-39765210
-27303616
3042289
12037575
-7347514
-35611682
28322425
56903831
61553153
15249316
10938362
75611474
-42460262
8174810
-47163647
2376170
-45987738
20771251
-54766520
-29950103
22040806
-36035571
-1289461
-15576670
30124401
-23117252
29809210
-62520675
11068606
4043332
-61409721
32795580
14683719
27517980
-19482141
-13367806
-54314240
63563137
4670354
-41267170
-22864042
-60597440
26748704
-20848444
11722271
-7514187
-65253230
7800748
-34600356
-6970247
37603821
-14884624
26713658
-12248134
30933397
-37258155
50694043
37059508
-42268203
-46053677
-63324098
39025359
40045336
-48179145
4054065
-46853342
-33959893
38809752
60122541
27517214
-52226707
19499608
46582450
27732980
71017532
42742229
41100164
17644721
-10311301
76217546
-11219039
-53744176
32853250
4302346
24292077
2821693
-17962657
-34673575
-29320103
-4178675
-44462511
-27508847
36890689
-28759653
-48538716
-40422959
-10378811
3746845
30077969
-68247293
53728643
5482878
25705889
68255681
42992698
-47105478
-10134679
50633323
67023109
-16118053
27202336
-5188098
47010157
33689585
37984931
-4801308
-55437870
46976413
-32135961
-36297858
27309639
6969004
47535904
50852463
53372302
43682251
-25820406
-26326034
-28306571
11490202
-69062516
-2813075
46661434
-15424347
48077610
-9575163
-28516820
-64505521
-51481517
-15884267
4949004
30378356
5990346
-43940632
50933292
23277958
16734851
56664019
-41344395
41281000
-18104418
28576541
72686325
-5289133
58290141
23526815
59731235
-27618205
12661882
-30978335
-47120401
36053579
11041827
50847788
38267348
71195163
49121048
44942979
-13691081
46936595
-9802997
-40926560
49433980
67181039
-9046937
49188133
48659747
-13738102
57096086
-300188
63352875
-42640950
1997426
24093622
-56229798
-17209973
-56206218
-47751064
-72902719
-82770504
-37079269
24320047
2077491
6061412
40585490
27708624
4898848
-9759014
31959200
-9237504
-5962077
-837914
59763
68600412
72915828
-29484436
10733115
-16096462
33851408
35172139
-59337534
-32002968
-50327783
-1747468
-21470504
16678584
-67749805
24126331
31932556
41210049
40253685
53524659
-38506302
-28893917
18918881
25495334
-52059720
54820512
-37256785
28839866
15380150
-30759769
-61824010
29405006
61083405
63625366
39222102
-38409581
15981504
56064653
59660540
54764882
8518677
27504331
-42291919
-43205055
19309009
698629
-63980792
37449681
-29805953
-17008703
-73003049
7730146
21390277
-3990601
61476050
-14254360
-23042517
-60625997
48967072
60059358
47367060
59230264
-39200514
8956228
17169571
57055722
27127608
35838950
44848512
63900142
26271248
75027585
46109133
-16315615
74201406
-55638763
-60349665
1662321
-65969777
-21781477
30303667
-28062208
-55325578
32351565
34929166
-36027802
-12632751
-21898360
28228632
-68817754
33426737
-39987750
-62619874
-63417617
-1846903
45389365
-65261254
-30931415
38348184
37066575
46936906
60348241
-16086280
49270649
-2923034
31552507
-42504750
-34261691
49979061
19551075
-55960967
59095709
33520711
-1659948
12891748
11675910
39378451
43419741
16535120
62726614
-13770991
67566116
-16956796
-9580449
19788319
50575655
64895172
20806323
-51342329
-40047832
38433611
-67604993
-42600452
-25964730
-27028731
-9539549
23694566
30768027
56226165
-30833856
-42169824
38273036
-37597550
49773406
-5193747
38206322
-16352815
-36001064
-12170828
-65977239
21373118
15937709
56315269
58572076
-21373721
-52266171
-8232124
7268771
54987748
-52658694
48705119
-5661318
20892945
67364946
-49202005
-9488320
-44981090
19931435
-65371761
-19831409
26655122
1914485
66393520
38444132
20712026
18438273
21210918
62861146
-51686168
10151024
1059320
-25162710
-31222305
-58890452
-3007367
-23597055
21301014
-65300084
-56791015
-44387810
-64094793
13835489
33283056
8895092
28192099
-4123510
-65337049
-1724141
-50948075
9072073
5562946
24197258
15488494
49750745
28292910
-5233730
27116763
12759093
52234771
-19627644
12717438
-13018826
-11750080
-30510036
21125469
60043409
18506597
-16651068
-58815758
15508725
9230891
-34701232
4951359
-3728105
4372327
35047125
-61783981
-70417819
7650054
-14481428
37754037
-13292212
-44000476
-70697725
-25274082
-59256207
-21732084
-55295650
45281936
-48304687
51467429
-4125715
16409654
-47652337
65816227
-23276384
32517350
18137269
6629717
12554280
-52392651
49344596
60221833
-54377135
-29345049
-40355025
68116352
24876678
-39815120
-11828797
69256559
32836869
8614702
28527891
-57674573
-5185942
-26506472
-60631133
-50953500
37506855
-22994956
38138766
-14194017
24127962
-13486078
10997120
-26871903
-53555094
-4702766
-30805633
-58726909
44115670
23193783
7995857
18164646
52619537
-6775695
-16317466
11159554
70080246
55164967
-6691200
23593516
18398097
12776709
49351690
35482643
37529437
23882012
-7187876
56981181
-3161667
36418190
-30996755
-29838170
-38899
3642365
-70997712
-22204998
29611402
-42115084
-50909237
-51133476
38298558
-53154365
10487821
-51665759
-19450185
53670226
1339139
7359907
32094973
-56350240
43643664
3544353
33854907
34482439
-46315272
40181969
-39529839
19795863
70679870
-37550142
71331184
44124749
-35855875
52313111
53693076
3195501
-37305746
-53623173
-58871506
-30088582
-10064619
-36624007
34170072
-24992937
35345151
55834480
-18437432
36255349
699310
-9982259
39990999
-44218469
-59695404
-57856074
-31867636
27096400
3736469
-68509714
13705805
32008977
-48540864
-18011125
-15955513
-69676964
-15744637
19797680
21026435
-21164400
54159562
6710121
-42261853
22117893
73474031
-14471722
-57231261
41587192
33900646
7051253
68465018
23019464
17522900
60813053
69467915
-39712792
12179322
-38788160
48526830
36211220
6233209
-62444248
-27973745
59604607
5560348
31038724
44995299
44500707
63863533
19610093
-50079712
40439058
24148414
8888485
-40913367
-65746977
-59312285
-34457008
36664183
-75026538
-77926534
10588833
-3063185
-45322067
-59444133
25636785
-51412059
-53612290
-21955102
56658011
-60613717
56957513
38992941
-48123832
-1693825
-58314542
-23182167
-30812877
-8626136
43854556
-51450353
22867827
15969207
53899507
-55477958
-46626394
35426259
15187240
64827814
-40972758
27998158
-5201838
64047497
-19020145
-42591896
24378971
3061961
-3901256
28872949
7629221
41412612
-41514683
-45878406
47757726
-33651918
-17698435
-72950117
-36206289
41071014
7736368
40784982
15803702
7605003
23307824
1985211
32722812
-43156558
36593641
27779846
-59086768
-52102719
-33482817
-69065719
-65183807
47932563
20487174
43654491
23786807
-33593893
55830326
-2452587
-3264893
-9329235
56588949
42815165
-39968021
15587606
67174876
7949020
23064340
21324707
31407909
59105167
22561756
-3674178
1390052
-3154731
-5711699
62252615
59994117
39133029
36998386
55905119
-39212259
40082304
-60085465
-14779538
-51399883
-58201738
-48272432
-65873966
-7227134
-22342720
680248
34422241
-26648515
-33864659
-2090540
48918072
46368058
32862698
71673083
-28074279
57083413
69811574
-42562580
-46826815
-14785008
46320318
-25867718
-22332858
66195349
31854591
48000753
53300612
-33467731
12516940
-38485307
-26155745
-2802189
-21117524
-4977706
-47320986
-56150330
24017772
40952346
-24287644
-16361864
-40016186
-73881150
-10412371
25193445
-54074613
-19931155
53738842
47453267
-23532230
-38339292
38855550
-31485627
11417705
-20143504
26799007
-30400775
34258556
-20779436
-24730119
-29387374
-64510740
-46835708
48551053
-68830403
-28714354
63988354
37733802
-54205065
61615959
-58405870
33675171
-23542375
-13501922
-22738652
65757860
60439341
55325662
-18250796
-52166603
-207840
18889831
6615187
4956903
-28294510
59979628
-45611815
-36442489
-68493683
1253290
-41433502
-44395606
1755462
54922397
-28451434
-15771087
-58603555
-36268006
8295192
52112556
57270535
-44875637
69560201
47645692
-622434
61995295
-17371941
57292467
-47005928
-40337293
-52631589
5318967
-57711116
20271194
65802265
52076706
-11136288
-1678412
39095518
-61685326
-16715238
-12908221
-45160039
1931377
28103787
63983430
-18978005
56792573
-61561286
17136696
14553699
67574912
-56017016
21117637
36046557
-23747130
8513897
-22962715
62817156
30683442
38355498
6151284
-50566462
55183776
-264352
-7507301
-4070750
-585504
-36431807
55443671
62299239
44639205
-26604245
39958300
-54464545
-20286652
19247439
-51731614
-33317704
-1416396
-58514731
-29902673
40719985
38441763
37314624
-55102779
-45501235
36094679
33669546
42174437
17976839
-14681696
5560072
-12594020
16023063
17184293
-60803990
62152820
57633320
8813183
64296099
15814665
-60081763
27933832
-28992879
-47869796
-26736587
-9839711
-46949140
-76279332
12660160
38915220
-53249525
4842249
57467636
-66842222
-62063980
-54053593
11889421
-26553694
-47086913
46869298
-36019173
-21362068
-64806259
4178364
-6804476
23966999
-60696738
11538516
23027169
-60108777
-24403213
-44990769
-34112248
39489644
62798188
18646763
37484049
-46955246
-42378026
-51253608
56374532
-14651874
64019597
32231746
62260780
62453502
43488936
-52069218
4701266
-16520763
-15229919
32910112
22612240
40629013
45582972
68001743
62154017
-13481901
-26872032
21046724
-24139282
-38966425
-64956098
33003175
-29428319
-72815220
-29080815
1630232
-60406185
31928949
-80202934
13707920
41762270
-1363385
7736496
27163836
-40238085
23734595
65435852
13785179
-40278909
-11411961
15814851
-2301728
-46123367
2479342
-30824271
-40245619
-3696838
65833914
29592856
-14824484
-20362120
7278977
-36827666
-34406718
5416247
1058608
44927523
2162181
8647897
6619288
-30183382
43202620
44442122
56359317
49467575
68788616
-19359199
-24304854
26072909
59849266
38861045
37509392
-26321539
38922219
27219393
-23062958
49540987
4734571
33581434
10001702
66272475
34639343
-44458166
-62174764
-61958828
13947626
-9705158
-28619466
-12384084
-69171432
15861230
-59511780
43483792
44282732
-15991102
-55546693
19893352
-466708
-25781676
-72925483
-11360979
40277760
-40230793
-60265582
-47780175
-15274091
26916790
26084934
-28633155
64967339
8656370
-34513172
-12371687
-30418158
-36100993
14950304
28850225
-15988179
34929138
54292218
26601261
-2528361
75817031
-6596938
-23598353
48686194
-17244589
42924064
-34759840
23753276
24332934
-46036307
-23473818
29457355
-37602045
-38385972
25186289
-37257804
36019584
669421
-29574731
-13752650
14768982
-43733594
33727462
21968278
42668041
14499051
-48409136
-16990662
-39943679
-23890058
-44312088
-54212290
-59654989
-36388207
2457893
-46619536
-14994689
-74839729
-19805920
56731437
-26919458
-33284337
24611341
-1658606
-39206405
-26832619
-41785312
-6778749
-64983124
23685086
-15147237
29565215
73940921
-53990590
16963018
-13117957
57524199
-50300948
-947617
16002384
43754926
66915550
78692674
41080731
75795455
69755199
34008824
-4423119
3595514
7397745
35811654
56142937
50580610
53124394
-41602059
38588231
-37420014
62934322
37668241
-57403589
57434822
19291495
-41890205
14005508
18507154
-68895461
30223386
-44511392
-35821495
34885797
-71859605
-83823767
15311464
-50035042
-41346172
-48585404
22847412
-63803914
-43514895
-40369553
-62081856
-22520915
45866980
-44530579
-59448170
-26028578
-57000692
-40163799
4753037
27874701
-17849203
35028668
42664232
63167673
5512979
-35590990
-42600197
32190810
-26179862
31919988
18383890
40866912
-23737769
-48547795
9341616
35039199
55212468
58934624
16886470
51591433
-32469803
10545526
68325884
20794037
56086354
-28228945
23290809
-13156135
17133441
36563055
15178052
-2390610
60734567
67542388
-49251295
-58766809
18209189
57839516
8683479
5043221
8813894
50302489
12663561
24989081
45625867
-47983946
-69627723
-46038884
-12269418
-10685336
-28000473
-34740381
43562053
-50130075
8194477
-33910565
-973488
20724951
-33165973
48732090
27701887
3982214
36283871
-53713310
50134068
69291604
22908057
9232926
60591834
-2380655
6578465
8409766
55602825
-10526578
69741461
-3790153
-43832548
14072264
-28115209
16803906
-14708040
-18075016
53332149
-21964962
-52131785
25361746
39550909
-44719772
27170119
56093234
-22018425
-28064187
19291739
36269870
27516827
55862477
-14377358
-29843780
-68090132
-35707251
-60398955
29427354
-59332852
-76448808
-6886531
-41118882
45438622
51889683
65162902
25554130
10134928
23041106
48687709
-24865206
20500280
-57568368
60191451
-31609084
6734259
-28691681
-30380888
-31852225
-54178014
-52753524
-52120461
53177060
-72968697
-75056154
-27717162
-53027368
-5160068
-70697880
-53760406
14572567
51280608
63670828
-5836690
19143608
52248955
68305700
83406243
79963423
-25951026
79877379
-28305479
58802624
-27093392
-29513258
73978244
-42544230
-60051007
19267061
42156680
-26386498
3643906
13086836
64355678
-59497988
30372244
-56499883
55897110
-46245138
2333597
-75356424
-53571689
-81782384
-57991253
-36979593
-7548928
-73485275
40383053
40149200
37595039
-46298290
49301458
14411473
-45772475
18377314
57814866
66887614
-40308061
4253164
-28627335
-48985174
8958785
-50586144
11939106
66182496
7257584
-29802152
-3343487
49664769
-11305249
-8632793
44259056
-984370
-35110376
49678796
69638529
-5962247
-31513401
-21691935
-18297524
22951823
24989880
56986715
-59796242
17248468
13089975
-69511407
9841310
7551161
-51601329
-64888217
-17559030
-44190218
56673003
55090636
28234970
41934897
34688709
-60931172
-29893066
-11157903
-22514435
-52323183
-23013224
63717579
17635667
-25464598
53759573
31092951
-35383499
-19161921
-64836530
-71046414
-61988067
-11499482
-22735250
-7963294
-23729462
-22841326
9509255
-50482066
-35465035
60003957
16995522
39135298
71918287
-21830779
-58446992
-31093190
66919052
38524416
46578240
49518690
28362870
-33625313
19490810
-8627098
4537979
25726092
-2143620
11357269
-17196243
-34570900
29293594
27405454
-32534595
-54677761
-64816514
-75073876
18207995
3783668
-884842
-28864219
-71896294
-73610866
-4804506
-64428807
19662412
24056642
-17786945
-51212917
39386756
39456079
29914363
65088616
24435876
73696137
22151896
-39013681
37345275
42184597
-1572348
-41321706
39251140
67718807
-28108358
-38364273
-13756659
23600429
-60430286
8124027
22561153
-10734758
-63052108
1886068
10750124
-42049499
47667953
21436158
27840010
16947150
37951452
-25212265
-67695106
22214049
-54633800
13164987
49776617
-65700037
-2359521
237732
32492804
-45812934
-50265968
-32992609
-69240516
-39386372
-37035047
-17854478
-53266349
-39044526
51551622
12822143
18487888
2401994
-61065982
-41771982
43385842
-23904818
13036977
37896673
57371376
3591338
16635640
-27546694
17472557
-45231051
-1869920
65059594
57307079
-51269460
-14162581
-56750397
-39100118
-22463899
20247576
49941399
-58940062
56367007
-29933444
-66562971
-2996631
-37749102
-9652291
40301645
54283675
-57274570
-56064203
18196616
64645070
42749319
40119555
34535686
9730669
48378734
44371137
-35690816
58291015
6288997
75814931
-36416783
24571764
53230539
-18003804
26365058
-74687
3716260
48534432
-34773565
3949727
17313974
-57620026
-45277616
-19518054
-61853167
-52387081
36386488
45017307
-51291492
-11693359
11287100
54154533
-55633144
59843643
-22549555
3956762
-25747980
-30306637
-31260276
-65873544
-56381817
-65774100
32932400
-73717523
-45814881
43557436
53376753
63264795
65885905
-28552869
45240994
-9805340
59644618
-26922942
-49649973
48114866
-58633581
2149911
30210287
8277144
65399510
13614575
27004031
-33592566
-51394848
-29376223
37647205
-16897259
-33372173
-45086274
51496569
14323954
-58764058
-74844043
-25956900
36184920
21141539
50895227
-32172682
-24069443
743725
-27540677
-31695872
-6810909
-48860060
-70743286
15308775
10119333
-37049927
10488146
-35484597
-48220847
9795838
59255345
24337093
1378177
28322310
68653541
40948728
25634881
-39690433
-7837090
-53941438
-26994405
32278786
1416541
43695226
1647996
62450170
27759680
16099510
-45113392
59419003
-34072933
66105233
12938113
-1250962
-29972923
-42511858
-61514056
28436965
35605101
-41673962
-7714508
-72963325
-15182554
-55491338
-23721042
-75509446
23752742
-60321348
-70822462
-19144304
-45325617
11515308
-48669600
30889429
-19621760
66205184
67308880
65262464
60752195
-34580503
12512473
24498076
65488944
-25356028
58366092
13842231
42259086
79002287
51597248
74302579
-4274593
-38409836
18554272
16135063
46933604
10888841
65478034
-19190490
-38898715
-10807194
-19287476
-7202450
11696346
-53589249
8625732
-6363136
-28116990
13426017
-34240073
-77447729
-5137532
-18428245
-1492873
-46056584
2939691
59083488
-19162260
-25131001
-949883
-57083361
34378080
48717705
66119258
53045122
53479141
-47570742
-55016977
63176790
-37007106
-28193765
21810046
-47380393
28114288
-23159008
12732837
8874827
50211170
-19743761
60835291
38378502
-22448086
-35274430
-8115174
66372198
-16822636
34541409
-12578591
-28699935
66529410
-24230122
-65755140
-10677866
7098871
-1624824
-60077041
-32972657
-50019073
-25360177
-15706973
-69038393
-44017546
-18129159
20802982
3915114
-10965411
-27700219
19594804
49500534
61585192
-18727571
10310511
-50836222
-60979759
71351910
38216975
-20065298
50335195
-38235060
-10476360
11568094
-41163867
40501586
58563204
22420292
48150549
49869551
4149382
-10301760
32013051
-58317841
-21684984
64843478
-26190318
-6878227
25851000
65076949
-12636423
-23651908
28148892
-30595956
-33220777
38079264
8222181
51143448
-46945541
-36907334
-58044502
-74394761
-46154122
17469640
28910513
12296276
-54218717
18171131
-52403475
54922674
45965517
34053322
71635747
-51085639
29342208
23278753
14164783
-33572076
-19579745
-47928600
-55484517
62876729
43958349
-20386633
-1722696
65545416
4758405
4228060
19698703
60004134
67359628
36960865
-7540744
-31373702
-34508209
46864633
6515808
53565303
2062951
-59949660
21977495
-966481
19876882
-21054767
21896517
-39762375
9303498
-52805235
-33715307
-49538352
22844304
59471633
39303047
33150277
-17416664
-50736714
-52433812
-43236481
-6058537
826086
-23071081
21570475
10629015
46458923
-39252454
12966067
-33612962
-19745981
1272401
60100677
42151929
34402776
28057202
-44738395
-31630261
19826487
60464328
18091802
19782829
28745034
63752796
42739232
18524490
13984630
27275263
70101929
-49013954
2175772
12036582
7341753
5679547
-61309221
38544824
27818807
-54448010
-18496453
-47269443
-64844868
40664965
-53073852
9808491
-54475806
-59186136
-18899427
-157314
-77241048
-21558230
3276806
40629044
-36344188
27479500
-63367936
-10598306
-2030303
44934295
1541900
40311979
62610554
-24968898
-14949710
16360799
-34814705
30158331
21992811
-53811214
16597545
54071107
-28966751
-37886707
35975130
23431310
56616594
-60336398
26002553
-5876801
-52642819
18447955
-17795409
-48835301
1681909
-47938744
-38045841
-48196499
54188872
35786662
-60855741
-6726677
-56131559
29160682
37599763
48489674
-667426
-31983715
60750594
17198901
-49802976
67456746
57357907
45077171
-55424069
37570536
-32381256
52475384
-22564015
4798875
-50761579
16105908
-48126254
-14364013
36054622
55824097
-4103766
12360989
35432065
28626084
7594366
-64453814
44041635
31970466
10492725
-57311965
-46808478
13294814
-45619508
-11530312
-71679440
37826045
52942632
-1134959
28345628
-28032538
55658663
-56934848
40810017
-43465962
24910999
-26801113
-17568412
37939150
21254221
16035175
67192434
3031546
63480562
73401285
51313048
-38963815
-29003790
-7215804
24409627
-50570260
-52176228
7531696
-61732051
24458680
-43637597
33421528
-40797619
58559766
4596382
-4822580
-43314004
-30377215
11342084
-64230573
-42166003
17348885
42001353
47043741
48518518
-14264405
-35761553
37324101
-21123306
15083367
44149216
-61660681
24687507
-10583139
-11715136
-32123870
56999036
28175320
-25938027
-50122552
30145413
13124029
-17500232
-58602008
-44007569
29370184
-51806998
-37540810
-7479901
-41560958
-54278800
19037804
-64536345
-49179676
17636798
-28178024
-72859386
-75974493
-15895205
-17980523
-45694612
21739114
-26235272
-36647513
8778074
-55285017
66972260
-32451534
-31399280
30161769
-15550879
-56754968
54958536
-7334617
-49207232
-36086943
-6875096
11753824
14730409
60214914
69212765
44863717
-22732126
7743766
-12265912
71309330
43802793
7642202
40482372
-23398908
47627580
-21070040
60077772
14136436
-2917111
-55957698
2049841
-24114433
-28372465
-24439246
-54854719
29620798
-13071824
18560560
-4309111
54689170
-50115213
30074614
-71715666
-75086007
-47158531
-4267090
49334478
-50931927
-36770714
-19172466
-29748758
-59772993
7220769
-22667847
-34827449
48496504
-42885519
32523490
70138510
4221701
10699297
46973448
75327858
-8037619
-26156183
-24101194
-11627561
-14131742
51274257
-50431845
22673438
31044430
4699549
-26149675
-20613710
-14613142
41337332
44897070
8816737
32102241
59276034
822634
10777177
61982600
14593026
-43991498
53011907
-2790647
6490130
35949740
69171841
-21549704
6550075
20169362
50816508
-63349660
-35819609
19284650
-65364713
-1310720
29547677
11662360
47181617
-53341659
-30794884
36669857
21421232
-70961232
-32123709
-48189497
-48261548
39727587
-38336309
23357492
9322360
66660434
24942621
-63355966
-54401045
28715672
-49564491
-32300490
-48579206
4540628
18383623
-65160531
-59857005
33116965
54573008
-6791701
-27318775
-55368668
53685466
-39884450
28518482
-39105384
-32212698
-58101009
7411983
56677445
-37430412
56217364
20398168
53668161
-28687612
-39808590
70573604
-12199436
-23869284
-23469958
43640688
29964349
1629345
57367773
9090915
-45830109
-60327223
48636796
-11664448
-27181620
-988280
-26358211
27894424
62592076
2026219
-41120100
32301465
-35193240
-5931377
60507517
18275464
2981689
-56545330
-66789375
-17429819
-40421349
-1427347
46460587
28629463
-57840266
-15392457
41279934
40978321
36889363
-57829600
-15261346
37149879
-52911511
58607039
11215345
-35986452
46181167
-5964978
21735317
68740264
11006377
-21552884
1513743
-45593163
370007
-21417374
-43970702
35025150
-34936722
-72724583
56967556
23902077
42058690
-48264356
-34083850
-12537552
-72836409
45895991
-42681802
13831803
49706201
-211697
-17765961
15046244
31302878
-55819940
-53453487
34769318
-28970926
64505270
-50761582
-55510372
-13387387
-20582253
6045459
39813235
48673554
15459974
63833227
74548365
-6999623
-44890169
11985601
-7940697
12342811
64954178
74353763
63972038
-53106228
60655506
65755867
-29120419
18762054
-12708634
-51620875
-29401749
-18473424
-31175930
55222426
19796648
13340922
-52264972
728561
-11111289
-34966117
53846616
37114229
2302459
-11969057
-54363821
-24070176
16660545
10437693
-3221355
-25887353
10432359
-42071017
-23963693
-42934316
31528883
-25678909
-46555522
26417581
44995403
-33163877
54278071
-58052468
-22175987
-47111385
-29854537
41366798
39718453
-14296979
-7049720
60800434
13486280
-54979151
-47995308
52894522
65609504
58029634
14934830
-8952114
-4077588
40641917
41302951
-37274684
-23626695
-18867342
25982279
46053431
-13020945
-59371276
-44789736
48646343
46850456
-46749656
61336119
563826
48221494
60376007
27517530
-32559280
53501705
-3887640
23293053
45114657
61619682
9043433
3363821
-11242510
20441518
15897975
38697348
63761674
-14515743
20161627
41528735
31060029
28092088
56871394
41701339
-46068356
32281027
64931741
46434463
-32387419
-30773093
-11999163
9816045
-14792245
-39985012
-63886160
34528091
-15259828
-47352067
4859909
-33930059
14830244
-45095287
-69654838
-45454760
29427680
41376986
1000445
51038827
2180882
27642417
-58169994
-8375693
4752346
53043473
69103956
6523922
27072952
-45663992
60749558
-27273886
31844528
72806406
66627559
18118434
-48538957
28116643
-502864
43629768
-60218331
62675647
65297533
56061744
9462650
-16450909
-3289865
31386699
54270753
-7825392
21602620
26132876
56371299
-53627263
-69607464
-34274078
-58428446
-45399595
36813852
-22717114
48568138
-36717947
35691150
38351233
-11555634
-6972922
28027334
23108942
2003337
9540303
-59346690
-2189921
-45113200
-4174759
-58219161
-52135323
61044927
35498405
31255894
9362529
41236063
-1915547
-36585732
15606507
69810939
37205618
-30451537
-1539558
5834064
39947976
-24988138
-38587559
31351094
5559845
5340531
58316094
24856375
10353710
15731431
54961928
-24811477
-33199510
-8347499
-10477476
-52511302
57026845
-18019148
45148591
32440800
-43383181
26344713
17427181
49528044
-2892374
-35599666
17604815
16325115
-59920731
-68618953
21276740
-44549512
-65052024
48256549
-26180828
-51042558
-7380876
40898410
54809854
-14032983
37326365
-12022074
24577363
-60955640
-43491876
5540650
-42686426
-22585436
-52267703
59336916
-67665747
-32695743
-59870629
-4271651
25411341
49157469
45186733
45356435
71907036
68185613
-49890788
-9745730
-30306546
-46321476
46015506
-35939431
64182142
28230649
-57714825
-47179367
39634404
58816865
60243046
-19844385
-17372731
-5731369
-45894888
19444505
-66652215
34736669
-44641845
15759465
-17979260
15113649
-29446367
-47747475
59999578
-68765455
-64114537
-6780024
-75759338
8214764
-72168402
-31747128
33187227
-12189520
3732398
-46967998
37185284
17481957
-7684815
42326275
4231928
10459993
50873256
59069546
-37201271
-3178034
25344849
14963376
10054278
67083223
-36707755
51051273
35558459
-13195604
169048
-17254720
41834720
18863620
29806993
15548786
-57457855
-10571118
-15880055
-19442331
31474612
-62405968
-29033945
-16695019
18019589
-17217661
-51959047
-21257295
55828707
3866149
-39722573
-71272623
45808226
33117396
5551694
-26542585
15890046
-685217
-29309254
-3897846
-51009015
-11646698
65642250
-50587199
-14776693
20287890
6231736
63313786
62040414
38891485
-49502787
-1507933
16575076
-38044011
24478488
44583337
-35878083
-39526189
-20212856
56259230
-4320641
47506158
41752292
57465672
47950021
-29788857
-11836520
-52855894
53803197
-46065936
-68099372
-10315512
-22373135
13703822
-63961730
-69410692
54496936
-34813858
-68602868
-7968753
36364151
24072678
-1019510
20452675
61942225
-12421859
-22018223
40806867
31336430
-56775313
-538868
3548070
6030345
-13981470
-43689056
-29282058
38602299
44419941
70600287
69588745
66599078
-34171650
38751541
60141047
24005124
-28042169
-55233544
-16949194
-61477515
32994675
28745573
52909058
65589611
65179186
-63514896
-50664277
-41177124
39791970
-17632809
-56378218
167286
28728992
-49353667
-65864171
-1975722
-72534837
-76727380
-3209782
-58457707
9734213
20842677
-58930363
34541906
66260858
67402355
36164980
67733123
58428907
27296692
-11310513
76865981
37878592
25348436
-17502301
75900961
-23926771
1547184
76575406
-38977578
68889415
-55516111
-51922147
-52135815
18849196
50633336
-24647604
14467838
-48956806
-45735590
30532618
21979977
-16395990
48054341
-3613437
-62905020
-4355479
11330886
9286908
42211234
49646725
-43442589
38068621
43332936
-4466172
-15465005
-46197442
-45003942
63669160
67012876
-63403411
-48236299
-57278500
9120485
9828308
39285131
46112070
37683538
-32199689
59819358
-21582740
-51088773
31328925
2937786
14345972
-56581324
-18594034
18959163
51582902
-60062867
-26687392
61779803
-58264694
-53018603
-898047
-48810287
-5952627
8330938
-16652301
-13210626
20144976
-11014013
-24572242
5300657
-15677473
10029865
47854623
-58441549
-28445440
-53110645
-68513154
-74711872
40085965
46271250
43726425
-55533707
19362250
-17274219
-36062778
-23998458
-42243192
-45677918
-62645511
-73514993
39542159
8266113
-50194698
-34605137
29315818
-64753408
-73055
-65144939
10449073
28980494
33842271
67835494
33930236
-16114435
-39698507
52684153
14648317
45231045
53527949
9737269
-49817865
6348821
-37079230
28842271
36373360
-10013357
-8272822
56167603
52992460
31180454
-49636106
-6676930
-18188140
12924823
64666257
-15764162
41793060
16470821
-8561832
-58592050
-69164642
-42916884
-18610572
-56164428
13945123
-42129342
53229797
-70354688
46608022
33585650
-49943396
1756207
63458322
-10258604
44134441
-33802519
32996220
27300251
-54269019
-2788606
-1868866
44332121
27987027
-38399212
-19024297
61250402
-50706002
23117115
44578861
56438287
-60580490
-66029957
19090007
2978642
-28332697
47036679
-8865146
-49057404
16972259
-5993390
-33828375
-52751905
51058092
-59386811
-9959874
20871264
-43565383
22248222
23819422
-23550333
5265135
-24185081
30651071
11902175
51914230
-28756762
-56084518
10257961
-21971544
-15495096
3931755
-44641449
-28801436
-18222713
-69681287
-41525831
-19378890
-6363876
-70810374
36045542
39224450
-68328869
38864329
55024909
-3198439
33332596
-1559840
27159085
32999029
14365126
56644897
35049997
-6626024
48721569
-42663489
37643665
-47122010
16110280
-14362110
59512898
28689383
55846842
-54300000
30170936
53679770
11046225
18375563
-45198652
5461442
-2210892
45227242
1013666
49892370
-40812565
-34999177
60809414
52331713
-57021193
13257505
44681056
27962422
-18289869
-43564832
-45750968
-26613396
-32441379
45885780
-22211445
12244823
-48076473
-47512494
9526165
501196
19002090
47407219
46018918
-45443457
42682358
48671160
38515439
23498765
20664458
16385916
-42800173
-47922896
-3233612
48567299
67838613
-11856591
55632105
65142904
-22316631
41680513
-52537626
68615960
-54667149
34297402
-45609882
55381839
58151723
69878795
-2587017
-53294597
27257603
-34506101
24594318
14288614
8379798
-18722536
-21604711
-66549470
-22657272
35720374
32708634
22095037
16064157
37413029
-48127089
58470206
57978598
23564809
68748769
58690165
-34101850
-2994872
39801743
50755554
16580683
-43208045
7204556
-4609367
-60653789
-38414934
-72240101
16435011
-62793345
-59239339
6799332
-44819854
-18759108
-56953193
46183412
29519955
-10381318
-44032117
40297938
-17219986
-62903601
8350751
54631176
62025001
-34875582
-57036802
-56692317
-8602168
-26096389
13299165
-62838289
28957461
3998992
-29614282
-11407306
-4844200
17385773
34418214
14777884
15124011
-4374130
-14009611
20674407
14535671
31477776
16516340
41270380
28740606
-13472484
-13562924
-49423528
-23237082
-68624081
18143576
6013495
-30013797
-70984623
14464235
-11577961
-76458016
-75907096
-35441926
23525067
-72610528
47827873
37644301
28345224
19625242
-54530511
36740400
39053124
30320732
51698829
-10726797
30037596
6873858
47085184
-46538379
22448503
31903071
36070409
65350287
-19173601
20339816
294110
68987464
32754921
-45389698
-15504599
58499909
-33712744
-18999423
46029857
45605946
789166
-5018088
-1720222
-44840020
56288508
62987892
3023530
61655035
21618648
-14502086
31119639
-47303575
21206371
-37182857
22440170
-47963769
-48368292
-22058620
-39172778
40589067
-5206099
-20320590
-43056754
4987312
-17740771
44630195
-10510217
63219642
-19830240
47565893
63242872
-56104055
48304037
-12929366
69338126
72317566
56576221
-278859
-14821790
35172310
-56066498
-54894618
-29553860
43493198
28750229
17203451
20245888
-31695749
42630932
23836684
58461308
5294563
22778148
70724820
64111156
10998438
32650546
32011690
-8808086
-63506492
-16881156
-10491259
31775658
43015471
59491326
57206670
60036177
15942779
46042123
-36354769
-67957612
37858342
17255327
-45207653
-64364254
51282686
25778134
-39766449
-58492951
-68509969
50837327
46871127
59524222
48661813
32808377
-35615362
-62224356
58395005
-12106226
42897995
25562877
-35277260
-36769153
-9352897
-67332816
14058848
23236465
-18185176
-68184540
-61270554
39739544
-8759757
49393517
-21093871
5877194
13672644
-29214049
16683788
60709742
65042802
-19077560
-42227746
-29884485
68092040
1919157
53495397
29760856
-37343916
23388547
9551361
69723173
-38710065
58438291
4097328
24833045
-17605950
32254600
-29843717
-4371419
14529320
45394690
31826697
-65288534
31472148
-12606975
7296014
-25970893
-19725721
-9088354
-13788724
-16957008
-503192
-26937770
7337727
-68537851
-26179142
6712852
-10049894
-13502760
48285510
-48622083
-21766873
19875364
38236574
-28224997
47632678
14653464
31019954
59671662
79875461
33305748
46738021
-48088614
-56859510
62686465
39717516
33124133
36127290
477220
59501173
32871248
-13935558
-54702565
20914820
17893645
-19867902
-54666898
35849533
23085755
13441679
15633300
-56537541
26510369
-46684004
-11825117
-63212168
-23783968
11417210
-15534751
50931819
-4335824
-7159768
-27260933
143648
-70644835
8535114
-33836603
26232138
61270100
-58137678
25112737
6686833
17500378
-2362422
15740767
-34161498
11332074
1048841
58712150
-28832122
-39753761
56636967
47563011
20239401
70047599
17715919
-23569352
-58942753
26829111
39246606
-32205539
-732435
-65173086
-68465152
-10953478
44094786
30944882
62144962
1009655
66522000
59581604
29787190
-20373167
-31089900
-19324314
-58812832
12836235
-3512940
-53329051
57664210
26056987
38041239
67368983
5862323
59303594
-25953932
-43280994
-62189928
24362854
-16946731
24022600
2212257
-12502711
4008766
65057183
68089847
-6377412
29198178
59095197
-7111780
14275616
61818041
72409359
2766605
-30035944
21917256
47484859
-11981601
-10072279
55973823
11043887
26113506
22251148
55241084
12048242
-59920505
16003360
-73408160
4153221
22521977
59033402
7578715
62485690
42611888
-29462310
64895311
57395369
-44089493
44484261
27124898
-1312554
21373475
-3555898
-67722168
-20507683
11260632
-21923176
9844858
25356592
53809244
9779928
-52295844
26292759
6523258
-15148121
9091660
45995471
51160846
-672839
-19187409
33434912
65107282
-33465050
-23219807
-36121818
54782869
12736999
-25967114
51785495
-18386991
1015681
47772872
31097770
8453925
16358348
55332584
-56878199
-49403511
-21210185
30911036
49171346
6847593
-15919248
-12941404
44005034
18307669
17592887
40724646
4805729
-1477203
-16286904
-56407308
45336607
-35300571
-3634052
-10004079
-25375836
-27687995
41291299
30784974
-17450264
22824390
-5904793
-31905976
6760749
-69216439
9929791
5161236
-63428811
-70132519
26637769
-50781298
-50181495
37285537
22341322
-44382023
12764677
49098212
-49196160
16364398
-8757592
43277164
-2853826
-6387230
26489982
32576802
71977415
-2069329
53866256
-10970109
55066393
10830251
21140813
-57638401
-41133079
30423268
37864883
13859329
46162392
-44115275
36729479
-44741676
12005540
-17845641
-59211169
5201823
-34121891
-75137707
-54983736
15765022
-30258539
21106863
40122114
2906827
24669177
51395197
52017557
-28787179
7196205
69789425
48859450
49098971
59963832
-7504128
-30261732
11759326
38415139
35699443
-44658611
65030152
63318073
61416425
-29767077
58303838
13679300
-63866252
-29885418
-56038160
-5402984
45092947
-26146530
16566124
1017569
16172771
23065587
-27008958
-14426981
-67173341
-9335605
-24679369
40111714
-28029178
17229776
32977906
-7337398
-26420504
-44491365
60396849
-26758156
-42062508
-25965151
-39756343
45963624
-113196
59014088
18818869
12982579
41449390
-39347357
27138489
32726306
-5959261
14625083
54122262
2454684
76572158
-27289422
-22585219
24726102
-51083767
63905615
10804006
-47779756
-45780441
12077704
-52200397
-18861162
-25592931
247803
18377417
-67635944
-67154606
-13780136
-19594058
-7031864
-20299437
-58387742
-4170624
-51164744
1284126
-63726479
-31457609
-23968664
43658314
-61440015
4301617
-2948306
27321037
-50052948
-59838556
-55131246
-22399319
29502192
-57402516
-19344783
6762433
-37611630
-28787163
31177850
1056477
-16312062
68819538
48848925
29883984
-33551618
33509537
-1019942
3742496
-42372678
55608958
-54947065
32003596
17080955
65643841
67944236
-17650590
67728615
-47435981
59051265
-46333442
-48190772
-26353697
39929663
-18248419
49098024
51539153
-48395643
26232083
-24803836
-40919754
50267768
44722529
55832155
-21742217
-11825002
-67761525
62553246
-19551161
-42542727
-43700937
-38782882
50104670
-43364093
55816214
-66777335
-67391817
33439955
-70764227
-30201059
9635890
3729717
-7286321
10054200
-16443101
13027617
6536709
-4087373
-39806669
-18658102
-16053546
19973388
-15874792
-39730251
30420326
-28712826
3737301
30460260
-25230063
-57439972
17911146
-51730255
-16864042
58959138
-27053051
-8490713
7397036
56021512
57969523
31074848
-20840219
41466292
46785987
69264678
78668330
-38316117
70978558
-56598509
13805790
-54739769
56695801
14713454
20393671
-51035952
-62775240
-13442922
26200890
28522343
1598155
-45739677
20288272
-66765549
-5360501
-62388269
-59455653
44345761
-78744841
50527535
-23521848
-50678183
-33027628
-76070452
-65964272
-15717003
38159067
-65513018
35154604
-34406596
22088354
-43647250
16613391
-35185096
-39288710
-62925568
50911063
58384982
-22271821
-17588363
52346679
-24085854
-27746336
12729537
-35167575
-4116078
48896583
12312262
35416386
46643472
16704241
33132818
48762818
19430903
27567728
-51667998
-28531892
46474501
-35256454
-32994584
51875206
-63715421
15682550
-46208667
-63809788
-10984126
-20508005
22962043
-57259745
48747500
-38430730
-2395767
-65786859
-42140742
-9100199
-70027645
-29489051
299442
54262943
66561556
7611361
74490888
55756074
132520
-30353759
24274898
55418964
-29012064
30444284
29704719
9745120
-5635183
-55013728
2016318
67694808
-25036189
61864969
-47253204
-38175718
-72204470
60330050
31949221
-4150157
34580400
-40880772
-16002590
31435325
-46734112
-66464602
-72037678
-63985831
-42675265
-31247816
-24988635
-34657807
-27543921
-52373269
38715573
44545886
17154157
-28509543
58676999
12276722
-47203765
-1588065
-48454508
38573345
17877680
-35547501
-61643668
53003217
10407660
-60508891
41545982
-20491195
56800809
-50583705
54912759
-35910414
-246119
-65054407
-69309692
-41078480
-72284065
44922383
-52263932
31498544
-24204637
-25392751
19066324
11516700
16455476
38345092
-43291750
24399470
-42958051
47970930
20097643
-57137267
-4024015
38056762
42731777
51449153
9770798
64315850
51635235
-21029297
13272405
67858488
13901790
1568262
160362
-57976857
11400683
10388034
-28385704
10898370
7647852
-38010576
23025785
-24675427
-49120354
57128012
-50167836
36539974
47622031
26196863
-51431813
4314862
23807734
-27766679
64386757
52400157
9375845
-26471523
28540287
-44401246
14739598
54882237
-8357399
-3909468
11617780
41809755
33967767
37004116
55757071
10212464
55936326
74978564
18287392
-4080297
-18475549
-15363078
-15083108
33714460
-59762658
-61588563
32785223
23566308
-63399167
33250052
12783265
61171016
-22417165
-8304647
37144179
-33325971
4180337
-5127077
-66167269
29757367
-27719746
19037328
-69966742
-22691455
18401152
14390057
43263234
14535547
69863579
-31823930
419445
30928832
17701541
40327382
-37539311
-56890798
37785074
-62638689
-61649439
-26097866
49054001
19065247
-6672365
-39458090
-14241799
-60888318
-5198840
37789443
29327520
-55252548
9313017
-18024049
7275891
65244578
54800251
40094783
38200995
-29351874
-58986212
34135182
-9290649
-58194534
-69657414
-73148155
47994071
15512904
-38536499
57243229
-29531498
20167950
-18593711
3619752
68105519
-47291129
68769428
-63793547
66908496
-60903106
-30436225
-31746395
45929164
-36693105
-60586518
-21842510
58587079
-63475274
56860705
-5774944
56092269
-32923983
-33852461
24344855
59201223
28521741
64285485
1937446
-40673336
-36321093
-33435459
12850929
12064435
-53659249
-54321433
-68031115
49023583
44369810
57370344
-38625420
-23654764
-16842819
-35728520
37982040
8990380
-45884722
-8540147
60175764
39077494
34068248
-59274728
-514524
-47955345
-37861886
-40618288
-63914589
-40461985
-51803375
16076479
-25669198
-1382242
-7917084
15161812
-17137718
-28075844
-67455101
313861
-37860842
13776383
46751248
-47734282
43125590
15405826
5778329
59769240
32299441
42039887
40815255
-33510848
-27522931
73921496
57763061
73528484
-12461628
44692192
41877159
76518715
73361188
-48685644
63302721
18272642
37762185
-48070676
4150207
-23769041
9197392
-25277540
15642171
41831005
35778587
-55059596
37733455
13295487
-68135596
-47738501
9262495
-32849376
17510731
-24073140
-41151145
4660583
-5877843
-17328412
-52180576
-60990208
17164002
-27289122
44457445
53006294
-23215207
-41240332
49591952
-55529676
9202393
67352829
-21825405
-58738089
-34125808
-243635
55133444
20777223
-47259142
-44755181
-30599970
65364239
15080089
47204150
-11927429
-4674847
65572343
71269220
-8761245
-47246243
-59731975
-7887102
-40321464
-68313332
-58095337
-55622876
54384232
32352676
-51452835
37700748
-62838222
19009856
25718955
19151323
52934633
1364703
31044704
-61339505
-19694182
61136562
-5303177
60086885
-34863460
-45133016
63555547
-22239873
3723402
40847093
41626548
-7440405
48232145
-29096542
9696553
-14106483
-5878664
-23391365
-18434285
35578989
-16106905
-42190443
-12246658
-59394657
-11429965
34041780
-54856227
-72449462
57337682
-13754010
36318668
65475904
-47350406
67299947
-13053255
7649615
9970829
18864538
16496923
-42112442
-16042937
43258971
2850548
-48048446
-42704792
33372573
4113636
-54172431
37199523
59326349
61457717
25474829
-18728984
22644473
11844611
37615181
20947956
-30082747
-15064450
-9542136
-54186227
-52967073
45603134
-36476913
23381814
-37516120
-21433609
-56541075
-39790844
-78365276
-29151068
-5013499
-52402869
50102698
-36401839
39769140
-39098176
21509193
19075035
-49432846
13928554
16193509
-6450311
-35862448
-27606440
-42878446
-32653507
-47507351
-52400985
-71929643
57201667
-12810415
67624317
-13968111
67573218
-6430998
-28518807
1478903
37784314
-29593054
16944841
33517370
34882489
23897772
-11827082
-21866454
21957551
74266330
-6953996
-39871120
41852947
57437711
14602620
-56243066
-17577649
-26966262
48295415
31789453
-57273421
-28804874
52713435
61812208
-2754478
21718586
-63213182
15799487
32323449
-56726028
23059738
-35152414
36435493
23085858
34047242
-54599982
64803636
-31337539
-20748317
59750160
13374755
-23191966
50307633
-43481645
-32524331
11253220
-33444488
43262515
-37670963
-62526857
-34331850
-58721997
55060858
-65316888
-67879719
-40621985
13598671
-54862294
-10596798
-67243393
892742
32774901
59379939
72882777
50169360
72390498
54739423
-11137406
-36529200
-6648006
18356749
-38283409
10947182
65063184
-58037666
-62491554
15202745
36730430
65175708
60977468
-44323732
-17125330
-8202120
49105225
-22916748
-10557404
-2967219
-19404647
19904704
-57494289
41900974
-14619844
19215579
1837925
20039196
12924395
-3977597
56493416
42228678
19112158
31381763
-16426682
21354518
-363856
28838801
5284011
-40144853
17987314
-52528472
37171613
28647198
-4896630
-44970482
-63421214
-5092038
28485835
53476411
-23212426
-7698898
45387365
64474232
1929237
33616013
35705851
16791970
764129
32475071
22054554
1774505
-3518619
-34000403
-2698773
-5949156
66142571
-50109410
21684841
-46709782
-70442554
-57043753
-58782835
-5049739
-41234927
20642735
-54390929
15301980
-9396164
24889672
-32759313
-41502372
43523513
-3104301
34114978
-6660210
-35771108
67229232
-6139335
-21035074
1329041
23389673
40698954
26969377
-52655967
18899121
-9405628
27310770
475737
-56991183
-7548163
26325687
-27547462
37140534
-44064868
18144292
-2614099
58518410
31629661
43248509
-63888009
48008780
29954319
31593722
15315954
-39106706
21167997
37245275
-60417403
-18083654
-69691124
10123014
41334204
24447466
63897809
63155982
34802893
47605881
-40811402
31873955
10424725
-38048414
-11820339
45698381
56681975
-29810638
-40394207
-28934341
5000845
43526910
12238603
42870460
-47554161
-60752710
39410078
-71636458
5311208
-7908720
-57507104
32039809
48627578
-44498370
56735177
32778896
-65120572
-65344367
47010341
-53894046
64324264
40553675
27154741
-24559770
66083201
33407153
22181654
68281585
79593675
78646304
50345160
-28860545
16533241
-46430966
-56565898
30961772
7529162
56587052
48798930
4822241
-24253557
-16954790
-64613531
-66284025
-20165348
1181934
-47705973
-29632615
-34051150
-20794288
31058130
-51211128
7138515
36938367
16147290
-30879557
4072464
66737199
-24318364
20423542
9262960
-45001406
64278070
-44444320
65391330
10774665
43941974
-43188429
29009420
70199224
-14053655
-48878802
-62211359
9401662
53062069
69475527
-43682279
-5923065
4018921
58937420
47795211
-1490658
33291972
-54550943
-43182118
-40041610
28292384
4797221
-17791438
30503291
59033886
-44814387
-62065657
34499109
57321795
-59301953
-2930804
-55491342
39998727
-28638279
-29384068
20470374
-3485417
-53496038
-19301146
36191141
7678252
-41029304
66514972
-58972558
42639782
70846760
-4463275
7269052
31665734
71232267
55626342
15235786
-48541434
74904800
2091642
56250828
8891097
30248677
-47088987
-15356437
-37211933
-7554469
1559555
-61505544
-60627838
-9828551
-34963640
-43480889
7955459
17663488
-1883696
25274342
-67142295
-36109975
-599840
17129389
54786904
-61023552
-33364709
52924377
-12292572
3130955
-38661315
55258970
28270721
-34608874
15686740
-35415889
45480141
53016568
56860739
24040495
39674996
19028363
34365169
5166702
15832644
68421503
52847083
36475668
2105801
767424
1425992
11841453
43132230
34664847
-13934052
52317796
10641932
-47155692
3808081
-35518807
-17693714
-4717223
-40210006
-13449318
-19975612
-59301353
-56915644
-38201420
37982301
814669
-74169767
23217070
-6053355
-38375706
-181654
-44298457
397438
-500586
23248521
11632872
47402464
65595910
-47854062
63861610
-30461454
13082686
-14906303
8248585
48985742
49127757
8518485
39603156
77316400
1656767
-39891125
-21857211
31153377
-38333552
36169247
-50339309
29714769
7897464
-69736168
-22815254
-14515794
-71664299
41693816
-76222381
-38700915
-37389062
-45589806
-44800303
26712408
39913248
-5255764
-63007450
-29347317
-12331685
-45565900
61321534
-24515749
69075064
22730495
-47981391
-62033162
5743148
-34923909
-9093665
54052745
33486572
-9114519
23995834
14742725
-147824
62735523
26325679
58383329
-9506674
-8922466
65307249
26442204
-52170831
26348985
72392340
46912928
48757147
33591833
-20966146
-50919929
51084441
-58302366
-2799312
44299581
-66783831
-17423643
-54719720
37257887
-15919352
13570831
-2211437
47498534
-32700494
-38405063
-4841581
8840275
-32736520
-13977564
60450167
47426200
-62794835
21111500
-48098973
-2483952
-15560149
-8580751
51805951
26966329
-30150929
-47097625
-58214309
32214802
2943362
-34462910
-63817554
-53361121
-73772833
-18124896
-13284727
-41544392
61329925
8277592
-10029671
-30225303
-54946925
-28325530
24770017
65152062
33846277
24789352
14958734
7200510
30494980
10394472
52314428
26554072
69188316
45144362
10919317
54488313
-8982903
49445747
-12738418
52412370
17220096
48353708
-6131223
52700155
23878915
-38270168
-45483259
35510338
-60929775
42151643
-54684167
-48483207
-43232655
30227894
-58810557
9942170
4956905
-55931539
-47871157
-43255617
-5596938
15325036
59469970
-16402188
49809596
1247288
68014849
47117763
60267591
-51427190
18482214
-46484325
55255590
69191092
-29497351
-22865805
60371147
-54160812
-43696824
6390559
-53697388
51320469
41526326
5426038
-40301994
58591170
-24906047
43038713
48057148
41739034
-17582965
-13164700
-29911949
46083251
58345774
-53700248
-19233204
-58390455
-25639425
-11886920
27632827
-64661137
30883023
31268972
61658854
58599785
34391270
-32340915
10083953
-53389128
-49432666
-42439484
8802617
-63014424
5822811
-18197486
4234744
-16446329
694689
12152179
45649043
3554481
54294600
72856456
-58318697
51174991
-35069744
-46482948
1278706
-28047822
11726229
22676889
32764166
-9106494
-10479437
50176536
27948919
40110175
-37863784
-18132309
23225289
34753242
49260553
48788109
-42312099
10660368
-27788537
65943055
-57616026
-36910098
25567281
-780488
29926614
60706241
-43665378
42087416
13231814
-68436114
2327375
-384520
29338959
-62235495
-24641952
39330011
21523232
-25148319
-11259784
7954998
-24176082
1143261
62661179
-40240094
66053238
-24018554
-1919159
-44031151
-68260511
-58243235
-41174452
6797312
39216870
19363226
44315893
71339183
-34133083
61056244
-26164352
72527900
-9743145
-8742949
63321735
31360402
31832735
-38931070
60146404
21248239
19086793
65768540
-19407811
15261293
-1132412
-29792953
-44094489
2337391
-71956112
-6445193
-52468904
-32278016
-38058897
42197496
-45676283
-52571216
-5239621
-21336978
-44835094
-63450595
-38352636
-41746673
-55198686
-5786090
20770150
41404110
7737835
30054549
48845730
-39619176
-38571792
60339584
-49660425
8865502
-14524716
-1050411
5374746
-40751922
19938752
-47898807
65599029
-30962334
-21036307
-53612268
-66159918
25924158
-20030892
-64649863
-24669059
-8239018
-7611110
61685417
23649003
54257903
45601355
19465992
-14998733
-41267004
48338383
23250102
-30401094
44318624
-19533759
47695097
-2528460
24670150
-30052068
-42989373
57683665
37151256
-25519201
55837745
-53980731
-19025584
-12379011
-46918746
-14092379
-46981531
57875489
-32659688
40410199
8326395
36562318
8928143
36451189
-14446902
37168343
71569798
2710024
23648311
-28774974
69529537
-43468143
47891245
-24433736
-55168641
-589981
3594811
-49054714
-640808
-20367327
-1734957
-42492988
3156786
38628764
-63164178
16047932
42400498
13910735
37725406
8806422
-61038644
-46835541
23964036
3140293
-49551549
-15833298
62303367
-38414287
-35940279
-45501341
-11405430
64246439
-19790304
-50134338
25499704
44059402
-18368553
28015541
15768061
-57053049
5162526
-64144437
-44459806
65157236
-7911907
20049251
-9643980
31281012
-33351053
-28437940
-53985250
19783273
-65081824
31262943
37413351
57735778
63233593
46916893
-42615330
-11895729
57799332
-21196102
16852250
49881353
-43925858
-45624265
64545430
62013160
37818505
11200506
-63289580
-60983348
17715769
40871489
-36991805
17521004
63091403
37499627
54118770
62969623
635392
-4585113
-12311772
51758407
25794519
-58344202
-45127888
-59068271
-51580296
-65382036
-56697632
-25966925
30835255
-8140294
-39973599
39515332
1715269
29142111
27429613
-3155742
63339307
8794872
58366988
-26989049
-46521682
-38350140
-58056820
-65208576
55224491
1643579
-46887077
-55869320
32986844
-4025419
58728383
14846831
16958238
-3241359
-26255305
13144169
-10634876
-61100624
25491464
16037477
65837047
29894655
-32185667
36049625
33416127
18865635
40646520
-4202685
49773005
33097570
-48630007
70503953
59183684
1116189
-8763288
-35687262
-22284300
-48841764
-43817216
17403417
-46061450
41737501
28272762
-42971820
-6421304
-14086803
-42129079
14345824
-7261306
-72637817
-45448793
-75351380
23638492
-54739598
57678197
-35655845
28820721
39929117
18357671
-61106105
5663422
37427274
59358708
-14371606
-52332246
66870125
-21979968
14288689
-27529743
45379371
-17794415
-63487025
24777338
43540245
-22706910
-44128680
64935780
-60606944
13285043
-11996253
-41742486
53218027
-25476103
65246908
49020675
-64586342
49252692
12334349
21107820
1066828
-21604735
-2483362
-30089112
40583430
-39433039
-68129118
57862915
-35648989
-6961188
-41693862
-38808283
2696761
-11150494
-23397266
-36721444
-27665498
3546047
-5911919
36434708
51893067
26100555
7488389
-1380342
-31009690
70243291
-18112163
31929387
20338456
68716546
4812202
-5499257
-81118
75289174
47730868
52423270
35857191
7563195
48654478
-23078271
-47825556
53939282
23360832
15624541
43953603
-20269300
-28117226
-19425345
-66003858
10022692
49916551
40381709
-37285741
34784009
-51410985
-41685352
-25310204
46745056
-54072913
-65349772
29298723
41286655
49714061
51160600
-12676922
59095900
42621279
-41315655
-14303027
58261960
-57446420
18630241
-28681891
10004430
48823749
70593404
33742756
-54894426
66170353
43746517
-13458319
-42324295
-61464445
29927410
58728058
44656089
58693339
-17292599
63536025
-26418016
42702313
-39725273
1024747
62311828
16548272
29475729
-7009099
-30191454
-48664140
-34116219
44016758
-22674868
-41957358
-46479530
48558058
51329466
49588066
1325420
-4740400
44679676
44561084
-34799771
-3322700
48236045
-28994731
-63117774
26148342
-29192034
-70057811
47757238
-11599072
-68895243
-51451094
24873899
-56785028
-68560600
-46347048
-12691501
-41727915
-24227200
53835745
-47394691
-35678120
-49154843
60908638
-55771072
26997111
15151101
-42433248
71586017
26522572
54725986
-30206311
27797756
64611546
5536202
-51901035
15240369
38648444
-18326945
57348354
-59988275
40858075
17880728
-11036139
-38828732
40230974
17501195
33531289
26447926
5472908
3871447
14659600
22870916
65417651
-43164260
-67329366
-8239651
25370002
-9821322
-15186733
-63244817
-72124812
47046834
-31289031
56555841
44787803
33985104
61510988
56093648
62338136
-17555610
29083422
16492078
2566276
34271575
43692705
57257493
-21493305
-7281767
-57761020
-28200132
-58643449
161287
-12927175
-66771737
47358100
-9275160
-72876392
-62896700
-12757168
18658578
-64347354
-53140626
-75918861
11612877
17369316
14179025
56008100
-49386825
-945231
62720081
-25256351
-6393984
-54598838
15595665
69414941
-50450304
1775694
-14692738
-54642989
59634401
8080357
30291790
-29566308
-21294611
-22936541
34415520
39210286
-27099981
50023888
55968472
-17935700
-16986450
-9081388
50750643
6831731
-60211429
25985986
-59527091
49398993
59216498
12965136
-37564643
-2927223
24512341
-34159331
64080279
-21121008
54823357
-54314055
-50303814
-63048573
58878973
22533312
41625830
3271004
-48377152
4407048
-52187774
29138393
-7959281
65714706
-16419642
8624060
-59028462
15017470
22491676
19362447
-65328127
-69579222
-73996190
-17891457
43177482
-69831797
-4370029
-9694999
-55920552
-3919636
-43606930
41468168
41430476
-41069790
36863569
-18946441
18014819
42363208
-7686298
-2545288
65461248
7199646
8817632
-44734970
28373959
46011360
-31951564
-62670003
-53577674
64316997
61200455
50683393
46663888
-3035486
-33740965
51915353
36574559
25298297
40480981
9711930
-15177656
-34758839
-10361461
-60666245
-6620710
-592844
-37273062
-23775550
-4971480
26266023
52669392
49181125
-27618039
17147785
-45224634
37952066
-38313266
42112049
-6923047
-42441392
-69393155
59328000
67215879
55145699
-32760392
34095109
53357424
6896214
60631367
-35709264
31088037
25235213
-15237445
-65468357
-51476338
48062551
55011586
-41903790
58279111
-36018827
28724187
-16651633
46685799
41725998
-53821723
818603
-37557588
64231498
-13634727
63039884
16104191
57608775
-52456337
59739643
15033936
3982301
29514204
-61388350
-49047790
-59622545
-50805861
-62367459
49924509
-20135411
-13911269
-24451327
34601660
15999945
2456945
28487989
56393619
-53758267
-32356579
52310683
-225632
68663675
71211806
24873805
36115013
13083433
-8189352
75865249
-17347291
74713565
21770566
-58020877
39749616
-20795791
50459676
35925741
56055706
-692174
51703712
24668978
11577663
-44476463
-1706325
-47405513
-55565988
38690607
-57532004
2235851
6458470
-47648028
38251798
37149147
-73733114
-9257902
-3285142
-53466858
-17241543
-69705467
49114216
-71151441
10551582
-11290724
-55172282
-1516787
-46399318
-38655389
-62231916
-70032464
52759613
3473596
-21742662
59837353
-51353845
-41125633
69257757
33194284
-23608220
64635528
-22750348
43626459
45569962
-1351449
-50496496
62779654
18398409
-27130078
-21900896
60293409
-56533784
46039925
-52155138
14770413
44200305
61136756
-2258145
1428382
65625878
-28456317
8528567
-14380896
-25750422
-58704005
42424753
-35327238
461691
23504458
37932616
-32495504
44938529
-41990340
-32158073
-58841375
31123955
-14723402
4816328
-4996157
-50845718
4435854
-31757055
-34046759
-20206464
42804794
-28885943
9166382
-54014041
17271630
46847044
66376863
73242053
-48165705
-36986758
-43903881
-2474842
36128690
10294897
-55584568
-57664502
21680199
44444922
70931075
-4304983
-4535636
6577391
-58667565
21687925
-45588437
65533099
40821811
-20314026
-3920238
57560668
53836583
37245427
31755435
-13489261
28725430
43668512
-3840282
-61221055
-19227633
-19393298
-3897677
5876095
8581269
15421757
-51019645
54094912
-13517930
-8602208
-21321536
58767257
51036389
38245501
-63288966
-61821212
48455967
27766902
52495144
4594286
46970268
43223945
17066722
23023937
41241800
-50552414
32512666
-7915076
15678097
42627977
-64103445
55839369
49505848
56691084
50024946
6522017
-29116503
-10845390
-21322926
-63931486
-35080644
-32036708
-77955611
-39974736
-82273474
-71259573
-4752663
44863312
-72062546
-7418816
236555
-67675752
29762831
-46216721
8632508
66366411
-29634240
18799564
61197185
53118572
33834780
-31581970
28142425
34030391
-17197033
73880268
65765575
-36219188
2780375
-37594018
-12213532
52690810
-57537580
28143524
24743102
10071525
-48586390
6313129
63776173
-50998332
-26737955
13906987
-6730209
30566118
40907431
-698197
5192714
-34540376
5008543
-37657956
63201068
-7300790
48969992
2188824
65003887
1049964
-32762262
12145780
58753879
-14069819
-3078295
33486555
-57653658
9871782
-64439790
-57994189
-37904286
17935221
55091376
28049313
-23061513
-47880350
61651664
-39322347
-50770093
-21838802
-48252359
54512377
12971228
-30332611
46465337
24469169
-60441923
-62170869
-4679483
-55408786
63381227
15905440
67351731
6967885
65029420
647421
19936211
28855851
-30809666
36877589
1945963
-47700231
26523982
61108417
-45279424
37660942
-41156762
5099757
13980786
9204011
-23331315
-59032103
49620505
27884014
42865829
-38901220
13565925
8933482
-23046914
-8051715
-58370253
-14309107
55655993
-64561588
60112827
-34624643
41994880
34028814
56528829
-45499965
52700332
38030955
74963349
60778181
47674895
-28628771
55066536
73116134
-20421080
-47458643
42037867
404145
-51233665
-23471781
33193580
50112763
-13293225
-36587065
-40694555
5022312
-15812938
-13122737
-76287726
-80632919
-31198377
-35772911
13990649
44899697
55473137
9082510
505004
-31653311
21268477
53173861
1793230
33858581
47495640
65699330
-17698937
-33306763
30160338
-7828618
-22304340
26452229
-14443243
-55702978
-49319666
10172145
35304445
29158805
-26694102
-4957440
49532244
2342167
16442722
60399923
21429018
-6031495
-32721476
60270798
-19107370
-55542230
60246973
19889642
53256300
-50421313
-18992988
36664129
19526272
-6966755
-60806671
10199027
26835887
15893666
61903371
-7649755
65775668
38106083
19773960
28351185
-35170157
336807
-24608016
50348935
4221014
12182399
20321296
-68578342
-2111737
58656798
-58486837
-38746401
-56348198
-19089065
37353770
-47929167
24566697
54210839
8955555
7704725
-53912859
-53069501
-9791371
-53221643
-69130716
-74828601
10718224
-15856878
13702940
26036561
-41629534
-32009189
-35094531
25427864
-46382839
-46563672
552598
-9391592
1165550
61928713
-36455651
6739034
-29176394
-29619002
3529776
70277175
-19930919
63415504
70584715
80268297
-9943144
71379571
-547449
55149959
-23684400
-48569409
-48926880
-12119716
-5542356
-40303817
17286370
-29021216
-2290302
-28186873
41135393
-19621567
-14804332
29895294
-12851270
661498
-30517213
6299292
-18690981
-62993984
-25749208
-9792847
-5285325
14987000
20267943
10507015
-29863520
-64352542
-50802414
-21036580
61474677
-49117198
61152921
14302204
-44199087
-51090651
-5233347
-36122894
17304669
-11330240
49942589
-26608994
-32345611
-51817835
67710435
64676940
39636518
67295387
10269995
4564889
-31838546
-18951885
-45144469
1361209
-53200925
55731779
-6642421
20395498
-10749533
24724534
19185436
-22259994
-14732036
33196050
57725639
17089428
66908822
43541617
5415253
39094230
64861651
59337907
3512475
-14366673
-45976900
-39425321
-67435918
-225837
-76751340
-70409473
-78736725
17324022
8488272
5479980
-8272642
27867321
-26935369
-46117873
-16885684
24823259
40978316
33750960
36320176
-31526043
10803724
56107154
50422017
1765612
75685847
40929729
46378783
56760752
-21799666
61380484
20804285
57659788
-29882525
-53719091
36204510
-15278534
-68775959
-25026289
48288570
-47393352
55638580
-50502839
-35580130
-19166370
50255419
1389115
-57650120
-33039950
-76234060
-45612
-34642617
-78563648
-68406658
5016588
20504423
-47666913
31666381
-67822171
-26100092
19936955
68618609
-3881462
-26754806
-53710766
65169335
-295394
62945092
17994926
13639119
-53102748
74396588
5502665
32941698
76875970
83387414
30470759
-6729058
-8560354
8441239
24314770
23459666
67581101
55745799
-42031751
11859104
11760682
-16243236
-44185332
60074673
-43834364
-74959516
25339251
11511396
-8128472
-45707007
963489
-67463220
-18102306
26203690
12858974
-52137157
31213032
-72550947
50977887
17215917
46402609
36160636
-43620992
58785690
-61396121
-9389954
-52667891
52602454
38234646
-40782797
25185877
-39744651
30702673
34609334
-4452370
8404979
-32921867
-5515847
3055678
-13590462
14372892
44698883
-54860952
-9584345
-8638166
5679769
31659769
43197372
-50281215
-27400778
-48544745
55218299
50333799
62926441
51708667
46537494
26718651
69532856
12784322
-29216223
-57122540
-36481562
-27976909
28678068
-46125221
-56536153
-65331221
37036431
31150596
-34252018
-53606066
-61968932
-71081649
-10848354
-46841486
-14609276
38710341
-17068493
60177781
59982399
30678564
65141614
81056310
40570071
11526623
-4084875
5121378
60846256
60808753
-47136526
-38890327
-54253358
-19880000
35676999
64190659
-58161267
-58302517
-64243442
-75741467
36945293
-8863758
-29092839
-78686943
-30534419
-72043090
21298447
53200812
19247538
-19305668
-63623078
-65593072
-73752705
-44874715
-64158457
-32582773
-39306604
11424727
17158799
-58850024
26210209
24508033
-18735269
71985228
71207036
13070088
41370579
-11540071
58454176
67501228
54522070
18397926
-20973642
28160538
43989308
-28043319
7256944
-35448912
-61857423
34775020
-42024576
34837986
-27616122
-52121516
-35497813
-61488641
-72517354
-62258654
45967901
-17455261
-67276428
-50241063
-49666847
-18679630
44339190
58760190
33964216
-16594151
-37480939
4645753
28761324
-31661506
73182522
34154071
37571780
-31219778
-27823372
-40651561
55046996
50637823
25028733
-52293364
-36431637
-52773207
-28500616
-59221893
-16270161
-49388593
-72578931
-68146953
-51392893
-63776429
-17889420
-23962714
-60318580
-74962456
-10165345
-58415643
6641349
61771217
37423983
-11962408
-34981054
10139783
-1434746
-22487902
-36366497
73105198
65544579
-36312267
10668419
27086430
-44328191
-22758456
-3786207
13373340
38196906
21687251
73869554
34167113
55858550
-25241397
16820075
26402894
44341920
-6450637
31464910
-21019651
10999801
-38928641
16091120
40415563
-45153063
41166241
-71488263
49901627
19704585
55703123
29012771
-15798875
-63124306
47626047
-36657562
51752161
6586141
-39755659
-21783667
-26437428
-29818301
-11651836
56293687
-64927277
-17987377
61697124
24943536
-46486401
-409918
18220733
55795296
-15359089
56578762
70707759
-15106041
51277194
-23027612
-40208664
47545995
19023016
-3285925
-27303247
-22533680
-39360978
12850723
-57766505
55986904
-12273844
-40888988
-74217855
27400513
38110793
7446316
-64997058
-2792500
-10861089
10606383
-71991967
3485581
18596132
-47146825
-17417306
63175979
-21383624
-15432012
-12356815
15162227
-34751791
-3011597
-16109075
-11506852
33192129
-62835773
7736159
-7550199
33602959
22060680
71895182
34313257
43965891
74226787
-21403067
-26308825
69602907
47465674
-34752603
-28596049
34071256
47408276
-19732780
27733371
61772129
-52474442
38952046
47426996
15427877
8803567
54058114
-7347337
20910382
-64172445
33782086
64026524
-17494791
37904118
-41639029
4074775
28119205
-66598216
4677671
-54409263
47589863
-58451808
27551350
7276585
26366696
36209743
-29566953
36872737
-58426100
64914039
3537699
1627311
48947677
-34797858
13315800
-62201046
-51061893
48408564
28367036
-66960576
-14503913
37929262
-64623731
14073511
-34928932
1642846
-28646544
-48762528
42284847
-16657292
-7442167
-30552590
-41542763
-23473617
11588331
20068400
-56606174
1427458
-48681295
-9736491
1490412
-56876466
34463725
-13163254
56948486
-59530173
63425057
54850561
-3259135
69385182
61376192
61610323
-29321087
-34211310
-20558870
9626198
-4835174
-50924670
60202569
-51881203
34524895
-61127091
20893264
-62357547
34325063
-63209355
50164767
38363260
-30585237
16699052
-69352829
-50910932
-14306448
-20400235
-14323720
52872693
5401555
39131882
-15097619
11014929
-23007595
8767460
-1222198
-31657187
-1766608
-16372535
49405367
64875253
-21411479
-61650700
30117803
35110353
67325346
68672029
76248251
77686925
51824597
-12365242
66517222
27092550
72883047
50433716
17115166
12698313
25117527
47884672
7837705
971748
40773112
-3969597
58580581
8379956
-1682958
-43249542
6642944
-8368515
41347090
-2626228
42928242
38515107
-17823856
235487
-49557982
-78386077
-9549352
-55608088
-58366481
-32841811
-12486581
46223220
-28340523
-56692379
-17556538
34405015
27751056
-27233316
-21621551
54306445
12525951
4228135
47974563
64816588
-46486728
-54182390
7595810
-27376009
51602476
-27579718
-51037296
-47149303
28402837
15274334
-12954737
-8625855
-14828329
-21470438
44486730
-51546090
-69565540
-42511455
-30029688
39958220
10986398
56084337
63389460
47676663
61858172
-7170333
41544650
-30125611
17996369
7583997
25876837
41016016
22359489
-16156223
70534655
2762913
-64198056
61451328
55922634
42281480
24135906
40440590
-23326174
35208589
95887
7071709
-57168395
-9717711
52510733
-2691781
47512160
32204345
8304613
-65114576
-10046629
-31182606
-4717638
-24958974
-19805285
2401749
1560110
-36575949
9543136
42061262
52692315
8381122
5031880
18273303
-42245707
45371791
-34661594
-24163763
-22727806
-68997309
27613458
13167241
-42909654
16678221
23761560
-25712596
53777588
-17298124
16152208
71524218
-25755230
-55439706
60831484
-18298277
-509743
-47318293
22042171
-54402735
-57377513
-5573029
45738766
39002127
-25353037
-64898584
63573389
53536236
34984818
-52583987
30347220
-63190750
-59408543
-65546074
-17518944
34426398
33290669
-56652951
23549537
2206992
-500240
-47886847
-34833566
-39024517
37345689
-26945022
-47557314
-36147503
-14398847
38477700
-35946207
16736984
49712469
-55901197
55091565
-2650818
-59642252
26797328
-22070046
48678547
-41311651
-6316307
-54266368
-68137639
-16278396
-31760332
8166153
8890615
-3383812
-67745929
19189297
-28293922
1999709
53648013
22733575
67201878
-28586606
-22231072
59135096
-4160665
-59738387
-23510490
38970834
56699860
5295403
-61489176
41843987
49249925
4570790
-36728331
49256420
-15692232
-11598117
17258430
-23252677
-36971555
27987282
-19865367
-49891174
44402756
50321030
-65336219
10542170
-17090359
-6361732
37142265
34342046
-65472713
-12282830
63545445
16379114
-44328153
50040370
-25210195
37625251
20654401
5633071
34929021
-10696933
-4297744
-56711008
62818810
-43073528
-61505260
-30723481
-32184168
9572050
-31479846
-35349325
-49284469
-36950241
31716415
55542435
-14359394
-27905000
-60339198
-10673446
50188699
3377189
13625297
44624455
8976733
45768242
-21978901
25651263
-15723204
38141744
43225746
55873782
-22468580
-4782926
-57357530
-18971826
-57667771
-19242120
46445249
10682278
-33468091
61918342
-18038619
47947655
41943939
-12779638
25464170
61636631
-7851022
26904964
673697
69482663
50241746
-54540759
37577427
-543825
29954949
-28735999
42429436
66136959
-20848593
49295498
-29033660
19170409
42371295
28656470
37361689
-10464752
59564828
19575136
4426381
50118877
-53108605
-36797155
14683205
-148886
34295694
23927231
50836036
58859018
-21569105
-59412381
-49329250
3832794
38250549
4390926
41194023
55829105
-61657091
-26755959
37315946
-16122653
51175363
-58001019
-58057878
-19970846
53591141
-22017334
65055137
22881659
29829553
-43826867
69937579
-4531542
54649178
-42262339
50006334
27611348
-48684814
-18446572
29228358
-39854574
-41111305
11753025
-35177076
-24384751
-64250367
-39690491
-56358264
-41139457
22837859
55425077
-68873539
1370794
-46754454
11126996
-71258833
40779758
-8050210
4963047
-31484922
27562772
-34563850
-48658008
-2595938
61004544
-24799420
70660065
8812945
59476238
-31482349
79149708
27568511
-46427122
-8804946
62610649
51531995
24682518
4548710
-47565058
-47484430
38933259
-25102097
-51092651
60816072
30424293
-39374907
-23117115
59161979
-30235147
14986675
-29952111
-9877788
6931985
-16629393
52411629
42172785
-585135
46786754
-12031442
20227580
54235262
37881531
61213011
-58152437
18557006
39817583
12678012
2856847
-26079401
37812257
-58423661
-23256681
-37880857
-48534184
10352956
-31865507
-29484034
38458892
45331862
-28863659
-48447207
47516784
-7628786
-852309
-28140607
616961
-22153708
62924626
-23521853
48629418
15962254
22813757
72387030
55830351
-41078734
49978662
54935855
-36817020
40126608
42291611
-8588685
-55801358
16263182
-36764557
-47188474
26327561
40070926
6292606
-15606511
30650103
-36419519
42851417
-41551563
-19262490
-72760379
34887207
-46614908
-76448300
44073639
38156550
10110607
-57289559
34563367
48779
-61903921
38743773
34249374
46139104
64622590
-39612139
10064149
21206517
-48016876
-24290992
-63703855
56355267
22064300
-51721721
10811897
-25629267
-28860613
-24901266
-18413477
64252923
40555124
-60314286
61513514
2878411
-36167812
-861624
63942459
9583998
-38963042
34998692
47794384
1762748
-57718554
55933161
55747771
-1529712
25116411
-15086412
68461561
-39437220
40170219
-58984188
-28615489
37332443
-32290293
-64325261
19444219
43698067
49154783
-35970690
-14370252
-35886027
-29131091
39227005
-40226961
-16026274
-74643355
-22329683
22815594
-25030714
23679791
-15669002
-47688938
49066635
-65165795
-48373501
13272840
25802279
-39127495
30204259
-66194952
-68277583
-34875813
31945967
34865052
-6730386
18233731
40702224
12865602
-21812109
42298648
19884839
-37647582
52868646
31374662
-3233333
50300565
-53220757
-37190276
-51630829
-9537736
-60450577
-24722857
4763875
14344299
-22351724
14526731
12626907
-68426952
-19058781
-35249036
24729672
-29324660
29807283
-49022311
7042927
48518338
27585159
61937115
-13667486
62398708
-33041478
62731534
55248992
-22100866
-29999023
41070032
-815181
-23471795
63623487
37379553
72081083
50766744
-58277273
-45976321
-32226632
6280005
56410295
21653533
20773960
2466720
-38623841
-46873099
-44719884
-42243669
4472980
49862808
4968022
-39661937
-59171303
-52218719
42952884
60325913
17324453
-47402784
-34555415
-62974636
52594297
-9746945
-59846798
-67935035
-31474812
-9398231
17835758
8581396
57444928
-38573334
-60556150
51713303
42681636
73454244
2674958
70649621
22749278
76031042
2973113
-15161340
53864328
68709772
19911395
14201872
68063339
52609087
31587664
50111637
-44754748
-60983348
-69090381
-3753551
-64480074
-81938517
-61179530
12321594
-50053508
17096224
-33832202
32606446
26814576
18141026
24816992
-65485664
23362971
-31974253
-51248913
-41632386
-33567729
-50876854
44145426
-22197689
58080378
27601913
14227310
-22370357
32140055
-60324999
18203175
-41423574
-11293067
41465986
37548211
67737359
-31425885
-13002576
-22701614
-10729408
66743801
27752556
68642384
15635038
-51223284
-54045850
46845835
14681837
2129893
26451959
3528734
65268289
32946608
25799529
-2013788
-58165394
-35519748
-67844538
5770215
-54253110
-38177896
32569370
-75904041
5324602
-72309080
-33951156
-28184693
-42449503
-61706892
49220500
-42336849
7031322
38181911
40323180
52502043
-34201441
30341634
-6555150
-33791406
68565385
79583740
-13090224
15990354
-26532891
11700055
21398320
-28585757
-27296713
-22041955
8546596
55910873
32153294
-44010595
39811270
4559756
-28435736
44953917
6982164
-5367108
47232110
-52466040
-68875312
25645072
-73458987
57792941
5838666
-26076587
-20798680
21377177
-59375300
12521667
6256693
27253959
-5266521
-35495446
-40535649
39174597
57761770
-51291797
-68438255
49477749
-1338037
-1122538
43561690
4867053
44844450
-47063338
-10845069
64887574
23679304
-35544727
-64380528
-27097554
43409577
5320749
65749762
38097256
-26213424
35171068
-57977224
-27181141
-10809983
-41162147
-20920903
18287360
22307034
44149733
-66876956
-68476214
-41391578
35209939
-19471325
62584531
35612796
-66995047
-64476626
61731951
10440098
-48618890
11911506
-29501446
-17621201
-18318387
-10724463
1629035
-17131441
33216763
-12479698
-48683871
-47253444
59787439
60672612
49722061
42327250
12579168
52334449
20326750
-14100813
-12378631
-41102890
-46448315
16937962
-48138797
15676101
-39521364
3087341
47775846
12681659
39871907
31200644
37577047
-11214040
-34518128
-12407467
-26889695
16931441
-50784092
45358348
-30578440
39962018
64861444
56617685
29911916
-52533010
-56308275
-28395197
28475973
19293075
52582914
-62226591
-14889790
31604192
47594110
-20657540
-67750753
-66033158
-72071227
28190615
-49814832
-44757290
-44307453
24296759
-2661726
-51980726
11337520
-9952170
-61321045
26993663
62049582
12983396
35549070
28207868
-56939352
-38472566
-20403903
34926010
15243158
19579312
38010088
-29469074
-35276242
42543085
-25248760
-15716536
-41485298
34236501
-7865867
-52902116
-51383361
-74456888
-46800296
-16129047
29464674
39561234
-63826489
-29998959
2831123
-61366866
8172601
-38793312
27964586
5307631
5068521
-59525427
-19117619
-39788894
-48631956
16933083
-29684370
-33045421
65804810
5361725
6378115
-37235191
-60329439
66474287
-56087235
67651114
-37130119
60205786
-57842460
59436940
-32700675
-35473090
38220581
-14334001
-6429833
-7190873
-14954376
-56341403
-69025452
-31186299
61370653
-38317627
22388369
-42371436
-41607310
19782234
-58342398
18510580
12601472
-61050673
31487569
16490547
40525064
50334907
-13123742
32772097
-43838357
-58849395
-23498614
59264859
-8032873
2636658
60795005
-1797044
-50380303
10465395
-32327411
-24282356
-65749755
30908626
6696577
-46027361
29168391
28975364
37426136
-47982139
68849238
37293858
22969259
-6801564
-48567216
45793985
18799408
58457081
13961905
69628622
-22037603
20493051
44030269
15599672
8828444
29647799
6490208
42681311
-14862026
-57732003
-59436477
-39081381
-35377927
-50897404
-20237492
-69621167
-5695739
22934923
36157052
-55442590
26018787
-12407105
-21312867
-13128145
50509254
645859
36737151
-19762005
29101159
-61542210
-51434523
-47803347
-41492623
55421765
-61287623
3919579
-21477936
41668776
71482492
-39756031
-28118355
-12901946
-61789733
17328725
9235814
-8419158
-58075078
7732797
26187949
7562405
2586086
61569112
41047003
-48967656
56080470
-143449
63682290
24182324
24774685
-9711299
-53177762
19074771
29672477
40101386
20911154
-58622022
-39354865
-4522254
-22369373
-17735457
-3075295
8490503
10911976
52175207
459415
62367709
-15753148
40247018
-31890022
63631506
39044878
71350139
-30234173
62244068
49271100
-26608890
24126319
67908077
-21029541
71746305
59376578
41064224
816693
-1664394
40767356
21342482
10585131
19663526
-54741621
49163487
-54276201
56621024
33343603
8156388
51864319
-69597982
29489207
-52167203
-60973962
-82002462
-75292739
29736661
-18909209
-54997553
661131
16185230
47990776
60107326
-35513116
-68416537
28529380
54706434
38956893
-3160340
75724692
-15924072
68994922
-34255597
19031492
-8720287
-57553706
65409127
-13718934
-26141681
19286416
-20848348
-7010619
-7018949
-28159273
-33625849
46044657
-60056289
-24065236
-29565986
37213789
-7725179
12456029
-11524022
-23608024
-18975147
14763254
53683586
-28617628
-664304
-23365608
-33697592
-63558916
24637014
-50167867
-27350280
62540785
22198191
6452016
7291115
63581479
-21723248
56928431
3770792
45970111
20581152
-24104557
-1727790
24789523
-34176387
-17547317
-20031405
-8267082
-56103488
-36322148
58169124
-66475683
36393673
-32225203
63437033
-23099308
49643533
15358605
-40961730
22391895
-57080324
15492406
-11079683
38242527
18010619
43193102
49631043
69046474
-51660273
-47144803
-53941827
35292187
10339931
-36175956
17491105
-60084925
-32516409
-46003587
36631201
-15329231
-55383677
-25376943
43630467
33790477
-62657167
15470631
58169777
-34152226
-8621492
40239596
-45499393
-55941896
13303178
-64241275
42679543
41269990
63868458
37890505
18338947
-47290072
-17170659
-30584227
-37400850
9345331
18554401
25799268
1199085
44252659
-28865490
-27758113
-10047225
65676340
-38500939
41122756
-17322111
17962582
-32638788
64207876
6889690
-17482412
33829049
-3322395
3380184
4264187
49629635
15896097
57300876
-24556553
-14106058
-20653640
37167365
28484725
-4184748
11532619
24924147
1253683
58861760
-26153626
-27296925
-40022964
51751491
-19283523
-43305997
61859649
17410865
-69249434
-57439129
17809020
-47154103
6717378
13689944
13049790
11220331
-19673560
3332307
-29866070
58428381
-50373763
-25539540
-17035674
-6847287
-27291777
20034791
-68655886
7488985
-25122922
26124342
6471281
26972957
48594181
-54021900
-1287123
18520484
-1435234
25840143
31286413
-16898940
60705563
-38586702
34395491
-46059462
-16294768
-388542
29975032
55531260
7948762
-55628021
55173898
35630665
48239495
-42184462
-2436232
-50176776
1082612
63176522
59275031
4834119
12624707
57370364
23322008
-33042486
34540051
-19122959
-63461247
-40090191
49871109
15543831
45688735
-5130018
64767769
-34015965
7669743
12579137
-11984687
47857540
49968060
-40135962
33581001
67379691
51747037
15501858
-38520716
-47695057
-48959479
13345013
-30847268
-52235867
-20600060
-11375582
-40515373
-6946738
21967589
-41321686
-73054286
-33610488
-45451290
3261871
-43255123
26408610
-36497312
-39648753
20949549
-27737595
2072627
-33558094
20520198
41539847
-38006580
38472234
-17298994
-7763031
36472884
40376473
-25213460
-11711901
38004165
-11863866
-16884995
-32601080
48350166
-9943254
1032299
44084268
-26559685
53865121
21815314
44201359
37310091
1055319
30657764
-60670537
34009809
65776698
-37006070
-65993336
-22974597
-47809910
51115076
15281254
24890044
-73102127
54547259
-5083122
-34034870
-23606159
2143673
-5581076
-63962655
-68323280
13714481
-63761415
40661939
-37156803
-46587212
27101576
44510513
62568840
61448854
14182843
6840075
-50764687
5141181
-39538477
-12641815
-46133906
67491578
-32612144
21855002
-16812452
-18125265
25764036
-18187857
-44001120
-4755032
53534267
47118246
-5746234
-40231538
-28194298
12745690
-17101495
4142047
-55027028
-50660384
39192685
48127017
56768774
937487
55197451
70710657
-43547931
32304122
-21354782
61762843
-40395917
817495
10707920
-10814452
15290796
-13065597
36867220
13767035
25058645
57730867
4109461
2163012
39493868
-62723449
-35477824
-55087730
-44901315
5770806
45901020
-69726679
51253907
61905263
65528781
18001513
-21491850
-28595594
-67116991
49496748
42333950
2780520
56064233
54245315
-48675763
-13411835
5051428
-67035656
-10079476
46690152
-29648970
2996057
55929848
30410690
-49045799
-47652613
64375310
-66500052
-23201266
-18364617
61628436
18101305
-34103641
62885473
31154620
-39217112
5152664
-36179751
-26416423
47519574
25377373
-16739109
55707842
-31391515
-7231472
57039035
-22272918
54890562
50029770
41596107
59810938
4864879
-51605551
-17339952
-20100635
32002384
17004390
-18908789
-14038535
-45627976
-27878406
-69832781
-43147846
-81610296
51372455
-12885193
46811187
-50085574
-26278977
-25995663
-463496
-57145609
5887201
-69225731
7157822
-44042407
-36460501
-2655322
59029074
-25813244
-41662372
20720541
-21773271
58081219
62360643
51887860
-29770551
70643277
4230469
35803297
5825540
57854719
79209758
37952419
39873606
11026384
68037989
-26135768
49324572
-56478252
-44945109
64131386
-42948564
38820234
-34416688
32875652
33051486
42151421
44557003
15033550
32850511
49356650
-24265282
12043295
-58844548
-49598869
-15832697
-49819845
-54481888
-59685500
10189859
-63958704
15833710
55928615
13728277
-29958413
-63225502
-45376827
57658661
62563504
66596526
7510002
56535363
23584698
15547178
-5136738
26879113
-29506510
-48194339
9398342
43834259
-41057862
45512865
-24693291
-19082726
6498150
29103738
31994636
66458226
-47558345
1819774
-12748648
37883858
6566041
-16392367
50375092
-42009065
-61348798
47634980
51096202
30363845
38641626
4270935
1024156
-18094966
-31853643
-8876547
-5945262
-47024480
-62904793
-44534803
-8842424
19484123
-73283996
-75867129
13198212
-14915449
-41025048
17648794
-18884647
-57128125
-22633294
46846782
20718443
9036620
49354715
-53380562
-3202519
33700307
-43708336
-41642994
-9078098
11878097
-25233397
-9824156
26428857
13523333
15837960
16437845
-29989077
-52910696
53119109
7612426
-5399840
14181825
11444899
-2657268
58787986
30606114
-22446670
11512926
8831645
-39619286
57864946
-65777773
233549
-16793566
-8934663
-71014797
37219686
-29498622
-55664869
-2922440
27450015
29826964
-18091811
-48364658
-60781026
61083211
19072707
-2806866
-16396174
-3364416
-3711440
-19782945
15190671
58215724
-25394661
59660318
33216073
25871020
60339446
48831926
61727174
29254449
-45825824
-4329705
18839163
5649335
-60945309
17677486
-61038243
-28990133
57124563
-33833244
-10608274
27314148
5318423
-55328666
-22331738
5177957
-34545068
-64747243
13637354
13781674
-32493848
-62294163
-56109384
-69819496
50826366
-51533718
-72935525
30537291
44491060
-65227059
64937366
7804279
58063566
74795650
-36896102
2608832
35694900
-41719130
-15973534
46160846
12027077
994551
-36132619
58719360
7851144
72440124
-38070092
5217660
-33820630
37069718
42809091
-43655170
-17029049
15905436
-40480187
-72483838
13281143
-25396448
22262054
40204102
-10136327
-46288415
1615332
25757490
-7238257
-37293903
-17572033
32187109
62117751
56349824
68837425
2442141
-38111152
44713621
-3850295
30928404
36992675
-37680415
-40715510
22551247
9340023
63363792
52289461
15917584
40258540
41579913
34282830
44412484
6638505
30738208
-15277411
-29293769
59830394
-44930814
-59210962
8308868
-10405850
7701724
-19293961
446639
4552527
33808397
53131938
-2075973
54207752
49261108
21795544
-25995891
65321965
32140207
-702706
24336863
-31237566
42822783
24146266
62060952
52657245
-6046195
48196221
19617087
57562775
65974783
-14232825
12825000
-44036533
-15416005
-27304880
-67053479
6054311
-79463364
-62424027
17043556
37241566
37196861
-32755317
-28671058
-16204762
-9044755
46609275
-36152931
-6001079
63473068
-50434607
28550765
14100691
-32808191
6912842
-31504801
44310835
-5554449
-47285486
-66943217
50484684
69956275
-7520921
-3920961
35730300
4311821
39512273
52540445
-14965879
46568702
102370
-57329774
-11020103
-5928854
-42415468
43047967
-1813690
41945086
56736357
46079563
-51244399
47539309
-53778638
-17615611
12222098
10931994
-16211510
-47295775
4905056
-13967424
-74996889
57096818
-35422567
-61512147
47347857
39085411
-48289517
787116
56262261
40864724
72544106
28274774
68531684
2872286
53007725
-8272753
-27268269
30471232
8459893
-50922689
-16739070
-30611052
31339126
6861227
33921114
-47859427
-63738829
2577795
32880742
40476479
-46957855
21596943
-23512984
18631853
35691136
11169905
-52684070
-22719369
-9630984
58190915
-8555474
63309972
-39654603
29508232
-52793434
-28597266
-64654853
6140976
57954682
21434586
-5136204
-39743556
6010871
-30017765
-63772379
-52499784
58543324
-71020512
-41748456
32267109
-29746690
-53352324
-65270144
-27112934
-21281753
9770285
12719232
28228194
28468910
37655326
-49558523
-26895530
-3333357
-29902186
67614493
63063146
-14592837
54999063
-17821287
-586913
-49015637
24845144
-26236570
-24041688
-12380240
-59180052
-15951957
17885029
53726658
-38806503
-764460
58127379
-32829162
66906767
30494090
51756181
49627506
-25407496
-28624785
-63167241
5426359
16073882
-22831722
-9247812
33326349
-41216323
-42991945
60228805
-19298629
3471269
-22880804
13216781
-68402224
13685240
36578375
-14477
-52995095
-54735382
51102168
-43280252
-49018923
-20026628
-16526422
-72203140
56846153
8826505
43324871
29021154
10208503
-34298776
6730873
44320260
43532303
-10256565
36831028
61892628
20523087
32402950
69500215
68540756
44297618
-8566717
5095191
62993128
-48640619
34948628
-15694975
53205366
30020663
-8404668
58078139
-24641680
41842742
29278801
9456152
46107777
-29852821
43864340
51301375
66741424
46730797
-30408189
34925450
6610295
-3453443
43763541
-32497118
-35629685
5813419
10092394
-59789217
4224487
6207006
-6591846
-60573668
25984712
51748477
56284601
58334000
24456854
-20833787
35027841
-35846314
47739903
-3683962
49071215
16560024
-7992818
11582624
-54887118
-30389679
-64373325
-5970127
-3316765
-20994143
38282192
-18659179
-31882711
-12596779
-21485800
-61725394
-75962047
-22903448
-61559087
-26293604
38836919
-3378194
-2164405
-29547505
43546018
-53029510
-41668828
-50336305
-30774181
22635607
-26691033
-18700748
29183833
-29025935
-55965269
23958862
-287030
42000431
21213346
-6974461
33026875
8927337
33498324
42818777
40906150
-47733802
-58161158
14101272
39990104
-10419294
46251389
13183300
-48520637
31390652
3307136
-7231306
67318470
-39220088
-9853934
-47036762
21929048
-17530983
4262902
30798734
-29993989
28087166
-4339127
-19911793
-60789217
26621032
55000278
20546874
14813346
23439974
3010928
-23637618
-32803775
-35068365
9140946
46833031
-45414214
20748225
-16654431
30150041
37081934
5356688
-56892995
21319468
59396712
69722012
-1416515
45830207
-35822885
-19233065
27377103
25433355
-4906365
60290957
-2712039
-22213628
-48353190
33159505
-47793275
34647942
-40099050
-53985948
17840754
12375831
34884298
49623298
12734760
46156130
61222484
-13957485
8714283
44627375
60621854
55754308
39341180
27755072
-14412168
4924374
17240496
-55785766
15098698
-38942140
-32168465
-49778045
-67476160
-28504200
15171716
-72192319
29137740
-12482788
-74065122
-3089196
18148740
49386675
-8301798
-37653051
-46333335
19073189
9563621
-43834377
-36114325
-32931644
10384632
-5154195
-24262582
63874986
-35251840
43945307
43072016
14758428
52958704
-24339945
6682012
-7426760
-27468639
-55851989
-31623300
55177705
-12882553
14614895
24454487
10915146
51503021
-61040875
65895824
9455721
-9931146
-64354761
-28652091
-26176361
-37939237
19295311
1304214
-68376636
14868153
-75627441
-58621865
-74833582
-19285514
41513744
-46150298
-54499970
-7302796
56846992
50197491
30208602
-48544020
-6025432
-7135424
-24159304
23763322
5464337
34609678
67706778
21118427
-44767670
-50038974
-24670398
-54501689
61428237
2063956
65723099
5365422
-7231629
-5158563
-12028209
69095751
46372032
62363511
77314150
-30120184
21345643
51499891
71156404
31914944
31324217
16783616
-42942459
-8889039
34143014
63134372
-17795004
-43132304
21243783
-67096434
-23065171
-55627283
46883167
43220201
-41622469
-59862155
26088945
-35567705
-72451044
-39181461
-54471162
3614480
6237881
-52588597
4139190
47959847
48125376
20471361
-61413423
45643332
69752487
38378694
-41996966
-19977112
-548143
-16901908
-27810432
38821466
-35183352
-49746037
-13305651
44245131
36825551
58795607
63368893
56072972
-14851179
-55059596
-45913513
14432105
14620935
-33874911
-36385625
30101946
-16981265
-57085113
20114230
-8048285
21356873
6293436
34340768
46438189
62989691
29842585
4774533
73216836
71015821
-33808803
7698763
-5778780
26291244
-11726419
1488132
-44886607
35854429
36202546
10289511
5078311
58824072
2529048
23458907
-3944631
-40954808
-29915450
56617480
14448803
-52546608
-40361242
-38185538
-57991996
43390739
32744903
-9997390
6747003
-41642710
-7759201
29596911
-14645799
-67419626
13389548
-64243042
-64372264
51850291
62841835
10294882
-6103785
-34422478
55788288
-19934959
23023992
55316164
46207282
-27452207
-33596162
35262575
59762816
44135630
-28853950
73079342
13795427
-20876846
54126813
-4424816
-42855299
-65664533
36062502
16974250
-70551990
34092021
-67589887
-73173780
35849841
-64370254
-8359737
37999561
-10207727
-33487550
57426887
-45145917
-69979140
-42406404
58274726
-35791079
47538430
61683075
10075688
74985213
-20089674
-35141675
-12915730
17820276
-4798802
-23688441
-18764844
13067032
-15470625
25532582
59795616
-46968508
12733059
-40688524
-41185315
60523907
23391880
46519796
51455544
68831612
44770535
31179375
1206215
-54494121
16788574
-36849344
18923519
6627383
27336653
42463908
-3165785
-9035524
56689629
-49877616
4946662
-45463879
58660229
-41889481
43426344
60895421
18334501
-43154419
64109482
-52196344
48142669
34417428
1656395
63270721
34101110
-16413564
48304399
10286490
7742042
37650871
65403864
-8586339
-35513808
68742413
4534984
-22239123
21108917
32153007
-51377712
11325761
-53772563
-7419233
4404675
13568698
-70394854
-15726534
29758492
-73487564
32883709
19379352
59441598
-36606922
28094895
36970388
-5186190
-58944914
37631079
2063226
-64773278
18711468
-19388002
-28528205
-59612504
-28973946
-29485076
51614952
-26280689
-19855606
-9701452
-16547092
29166504
-38387599
-60495806
-56687920
30108322
-52748864
-49270776
-13856103
2495225
11829202
12301908
-51874253
57270661
48883049
-45952101
-48528007
30923089
-57628403
-59550398
4607845
-6686248
-50185840
-5490865
45573032
-35075211
-7319957
40233642
19283178
9104596
-37508136
40256397
-22091972
51843959
47419379
-16808222
31755387
57196665
65555212
-10853888
58378870
36253826
-11226250
-26804746
-32225231
-51108263
49778170
16895098
37899654
-39035835
-65341448
14954121
58663666
52211123
-39541165
42709872
-39153010
-30770485
-72877539
35100307
-71386564
46011414
-44970152
17082456
35420708
-43318057
57409665
-44420504
-59610642
16961643
-69149878
44234339
4451920
53820010
70295690
-1130690
15300216
71066433
29891803
22476541
-4308937
70263753
-13748652
59772761
56922321
3267906
-57587716
-42318344
54012151
-57143065
21136078
32377983
5125746
38796098
-56462993
-68469587
37403886
35011500
36466630
7723416
-40751762
-58288495
-72066412
-57304036
29855351
39153207
-57308136
-24279700
-69810262
13553393
-26039028
12827335
42603765
39444869
68253413
20863582
58815404
-48022108
44851335
-1755759
-37852295
18158139
52637491
-22122240
-16451007
-40583913
-4859595
11514706
5848616
37343912
6595841
-42491477
40633029
25526456
-39808530
50875820
11789392
-23927442
-69803189
-57049322
46366734
38037862
55229682
68602910
-10319955
19060378
-25739789
-35623949
-40005096
38600801
-18135733
-25722733
-63941312
-62373887
14457513
-41635275
-13873427
-31899087
-76679220
-48689301
42366598
-24739042
-42378775
9663768
-2576811
62533448
-5824989
-2211488
-60945054
-7413762
-61644611
41503630
-17009615
-50258559
3876232
62929225
29920646
-58858883
-18315207
-15576849
57639386
66255014
13890152
15439230
42968400
1899485
-8244369
6138793
27162008
27920185
75551119
-47142319
12427077
58791938
-59727446
-34114538
18841218
838985
21779837
62842759
35282894
-35313744
31363936
-4776523
51923600
15577702
45805838
-15646657
-49918048
1143816
32984902
37291973
-8346417
6697814
45007156
-22715039
-10007299
-47738637
41124298
-24832738
-19757345
-70370752
-67085209
26450193
31659255
37599039
26581740
40546238
40255235
17874976
-27125857
31171732
49465432
-24596499
60556344
-57255339
68816406
44409687
-33465030
-34571594
68838164
-11932254
14699924
15712390
-50134578
-27826640
49415279
37506935
43953343
47913020
-3405769
-49624921
59496036
-5372095
63511394
38134935
52326304
55090393
-35808401
-62282391
8607474
-37000302
-16097181
8656829
17190744
39271805
-61387501
-5050304
-54546250
-20323560
11197960
944713
34511228
-37410668
-33715386
41383780
40933479
1028618
-5126812
7585580
-60819618
-15169764
-48463625
-63723551
30303373
-33493394
-46516534
-50340350
39451721
28456272
56733893
-16336161
-6873584
47876050
-12590583
-11101265
-9993099
-58271200
59205624
-48265780
56961492
7214693
10751143
56060455
7707324
-26201843
54277235
72744747
37199506
-47888396
61467984
59833352
-45350164
8901017
55858043
-4627708
61271707
-63003674
17012292
-38795578
-63094862
31896530
60680799
7872445
13110244
-7709730
-42767205
11514971
-37763559
-47819903
45183086
48466291
51325081
17350085
34646773
-12960485
64922713
60504117
25757011
30205295
30958731
60238545
-27633946
-46024550
17467022
-23745765
-11499828
30862636
-68566825
29574016
9869921
18544532
-20548602
-19155409
22511034
36362329
45234280
15021324
41316130
-37657826
-34944881
32010512
-39109800
-69511081
-4362024
-69103528
-58453648
41646733
56604227
7436625
62109650
46043185
20555374
15290468
-12245407
63594979
68339470
34466692
-50063551
-23860672
37496549
-52473764
-18884792
408447
-58561050
-70500258
56832404
27695417
19008000
-63072140
-36528542
20428806
-70153488
-20605116
-20951208
31999938
-4923781
-36755963
-53118311
-56705680
-47922429
-39959689
16712483
-15568460
-23234378
-20649166
26546772
-51396410
31531821
46840078
-32332431
63311070
62209957
14193633
72330408
-43340841
16906204
19618314
39628569
2619290
63393299
-36022465
16770260
4727127
14952986
-41537804
-64071974
-68467253
-76451140
48828187
42565942
14507910
-57159691
-15259645
13555277
60745157
-20286279
19793941
-17494116
-66672987
55014134
10053154
48427963
-39001611
24347156
49063804
-46432565
62749088
35175232
38953681
-47891439
64685502
64170586
39575906
-10056397
-26725228
-5890830
-7432231
-46873363
-10039525
48769374
-41400120
42933506
-69398776
-73148575
-77014274
36483168
-45018817
-67566954
-4986975
-20485671
-51433766
584955
-77255812
40645110
-52154540
25175630
53860784
40034722
-19711104
-20840902
34831933
16631936
77816086
-31956653
9818236
-6599966
4005474
-220025
-20901108
-58552862
-51065710
66691771
-8550020
-14801833
7632114
-8449761
23808700
-54272692
43332381
-58118787
21116428
9858825
-1423321
-67632062
-43523508
-66117287
43207411
-59078030
6718586
2365222
-32657660
-16955732
35296556
31814993
25890348
69454864
-57668032
-45277809
15513941
-65407194
-19542892
-46818624
17514388
-32198865
-66600686
-10447043
-4262385
-52670649
-48678082
20170485
34153270
-9162029
-17979261
-4980952
-33145444
-13843623
53610634
-4713325
42496935
-42936663
-27445259
21191365
-45139491
-3412240
-57574163
23380639
-41437964
-36889109
47766369
-37266202
8899561
-37768108
18425606
-10582094
69158911
26620557
-50173435
19445530
-12696860
-15032455
-6697954
-60254608
37039311
-41658959
-11769032
-66615449
-37087881
60134408
-2675310
-69693747
-46332644
-58097240
37049010
-50923547
-767784
51067408
-31614790
1368699
33847725
-47130702
10035468
-22403761
-55375777
-66128686
17854399
-49353832
-24385505
-50176661
-7640916
-44518735
23338311
-18984824
3188647
-40296593
1574214
31661794
-42480218
66414996
-12680479
-13487482
3555720
-1326592
-16975164
-28188548
-44788125
15374482
14763529
-34212188
-31723206
31338739
56170323
-6492082
-46051673
-64282982
19807489
-49216491
65174128
56876128
-31613581
-26335221
47099542
-56876277
-40978286
4734535
-59203746
-37939578
-5385060
54266209
66390136
40038755
-40747861
13883900
13126841
62578940
-19513322
-15650
-17212037
26340347
71557052
-28396653
25488326
-28405197
-8840107
6184857
-3604360
51634203
-53641552
32447582
-55461863
42139120
61025497
41017790
-47701232
18383690
15583235
62814831
-43757914
-13664435
-31426237
-52511826
-70610932
-30974212
44809185
19744873
10638734
-37336053
-101996
18016272
-16597700
28849699
-56424352
41195906
-17932372
-2767914
50833844
42461914
22913278
18481572
54004444
-5942315
-56850493
27006495
15760295
-42617075
-29245615
15567701
-58712575
-43317941
-50883198
-65925730
-62403167
-66954510
8414197
-54485173
-62838403
-40124761
-9613007
-33800289
-17985463
13831248
-57438421
64140224
-64906155
-15341733
34224437
-47066458
-46182343
-12147221
-46727409
45815401
-1907222
45480380
-45764515
-13328364
-13470914
19957956
32586217
78837690
25965598
43250596
23674399
-27902440
11825696
-26311507
-14695364
-7893200
66781996
6485777
65781838
43407946
-50170485
-14450546
-28844711
38949311
-57979690
6540999
-74819734
30944548
-12177605
-4966964
-62423219
56149577
-5734762
-58094268
49768164
60849014
31997923
-36996968
30377828
-45987560
-10939399
44510707
54212158
32748018
-49561563
24663036
-37224540
4941631
-459191
-51695283
-17760066
9442656
12553693
-41854210
-3554405
27304395
6344302
-55202488
-10071965
-56475270
-2258030
46634846
-52163153
-41360442
-60633282
31002161
-28866294
-28619167
11417215
-10685395
37878042
-36184254
-23463245
-58281651
32802425
-63865344
-39559683
25490244
23170283
3021517
43787570
48925908
7912221
51450677
70711503
45350734
9467331
705879
49465907
81319817
66313046
84230508
71175838
-28592975
-25156712
-26321736
41083099
58195839
5000397
-32168376
34344131
-62597025
-34624044
-14048160
-53600871
-763979
10096918
-18310836
2303836
29028124
-37060993
26155831
29778482
28215882
47082953
-4647694
-27131672
35931571
-51651883
-69337864
-73775394
4241388
-20265325
43537218
1482887
38346762
68122463
4652284
-51918476
-51685843
-25311213
5864881
-25004521
64499886
19430773
-59788846
31053436
9277508
11984911
29700364
-26150289
-46917780
55198834
33253478
26739674
-13054139
35837768
27713042
-3728949
-51569336
-20919855
53562344
33369195
25231269
-14586627
-59952695
2690208
-46723494
5131501
-6521434
-16049327
27125703
46712023
46590840
-19360180
3862434
32861378
-61582741
58116395
32776019
53603475
-23447082
21660593
30141676
-5699325
-42264698
48992761
17267515
-15319928
-9982795
-9264185
-45436768
25680782
65085143
-55727811
-69294847
15090799
-71407420
51857865
35021223
24681003
60345978
67952901
-6109419
-17344502
-40071602
-24853009
-27531512
-37767267
18385995
35818164
-40358663
-65980513
-608753
-36353282
-64839206
26678992
32642063
-48729837
10093911
-31292941
51980179
-25352490
14992743
-5438481
5142813
30273149
48801280
-9388154
6733761
47691270
65644182
48748443
74078848
-41931394
-34846797
-9963924
-48010154
59628415
-11217798
24513578
63851347
31690390
-24299098
40293374
47471906
-19766764
-18751389
13703649
-12468988
-20597606
63205509
-10121756
43250681
-35501965
29033133
40107471
-69158141
-24512256
-2650413
-6972793
10449912
47530036
34616225
2237469
13911462
18968586
11901757
-13139392
65265046
-11276613
-33333624
14916726
27072432
7073054
8111643
-40519177
63505802
-20176676
-23151008
36938690
-69040857
-10050825
-57074755
-48767217
16183777
-789501
-58866423
-392615
-26486079
-56771456
-36168559
51409279
-29383352
-1339209
10875943
32331310
47131691
-152539
73344950
18511075
842156
-39504814
-5844382
51313114
-15071141
-10213613
56886081
41777847
49697947
43972426
57691263
44522437
-10943858
11057788
3386803
-11768511
24459148
-31389891
-38948871
-71612806
-16134224
-63638391
-13370311
-81499775
39847366
33869666
-58873725
26068787
30761666
-26256520
-12289710
-5523101
-41311674
-14667477
-48798617
-8984417
17878826
-35266736
-12817836
-45461450
47199650
-60502753
-60681023
43724646
25532051
3452961
61506194
-35993668
-39646051
68240104
19263062
-40881974
14031776
44088801
65473752
73559763
40190299
21318986
12211288
-34127673
-54541485
31909494
-12263520
13796185
16508212
-29825473
-1261596
-32902705
-3849868
1944199
-54868290
-60269768
21226970
-26064713
-35808897
-10407632
-50347735
-51116255
7996000
-70595920
-56755801
-9952464
4385370
29817719
35668556
42412610
-23031062
-16869006
-34869974
-221177
-13407944
-21112598
70899406
71936036
-22503181
-48582346
26444354
-56710859
41640653
-41905855
-46418895
33716308
-63846600
-68654805
59914661
23024848
2827813
-12390955
-56873329
-24082611
-12156732
-21368537
-33666278
-35510084
49964429
51594582
-10917416
-3883800
7964351
-52125475
-64605393
6115760
8123912
-13142451
-68991721
-6033749
-69930184
-67280221
-18703203
-69298249
-50006557
18472334
-5234299
19477730
-49254645
7042541
-21320670
3099466
28831625
-11982672
-4853099
-59196687
7586908
-31380424
69714962
-40407673
52557879
25802489
60453831
80214438
-49552378
52351929
42007441
1669582
-48597322
62092851
-52088956
-6392923
44234466
-33825566
-36944376
-1344714
6182315
56705016
3650298
-42103165
22708148
19426076
35563100
-28181172
-20801308
-10830350
5870101
20784548
-62905852
-5206035
-41735625
940171
-19520513
-322258
-21213349
-26125139
28016564
-60082661
-2103306
7956744
4065766
-26894152
-45217084
10280247
-53399878
-24266851
-55931050
4071796
7963629
37387295
-31305530
8806916
-30943940
-35067746
-55047733
-31686551
-16901943
-5761271
-44372744
30398777
-22206155
-31060103
-18903515
11534370
-31047510
14543971
3949490
52770849
5323707
-31973674
34659754
27563953
69875839
9953807
-19151128
59562465
35230607
39807425
-45254266
-42408329
34477734
53672801
47385066
-50537590
51838576
21523911
-43493405
-5791182
-37562409
12283879
34125296
62048603
14806914
36680928
-68196179
7560498
33550077
-19591566
56306521
-9681509
-35609325
-31215009
50151706
-14705638
15020254
31772074
-38034114
29561293
-67735380
-49143708
-28259512
-22036270
-38863140
-29971102
-54906892
588844
58804598
