0
8
8
8
8
8
8
8
8
9
9
9
9
9
9
9
9
9
9
9
9
9
9
9
9
9
9
9
9
9
9
9
9
9
9
9
9
9
9
9
9
9
9
9
9
9
9
9
9
9
9
9
9
9
9
9
9
9
9
9
9
9
9
9
9
9
9
9
9
9
9
9
9
9
9
9
9
9
9
9
9
9
9
9
9
9
9
9
9
9
9
9
9
9
9
9
9
9
9
9
9
9
9
9
9
9
9
9
9
9
9
9
9
9
9
9
9
9
9
9
9
9
9
9
9
9
9
9
9
9
9
9
9
9
9
9
9
9
9
9
9
9
9
9
9
9
9
9
9
9
9
9
9
9
9
9
9
9
9
9
9
9
9
9
9
9
9
9
9
9
9
9
9
9
9
9
9
9
9
9
9
9
9
9
9
9
9
9
9
9
9
9
9
9
9
9
9
9
9
9
9
9
9
9
9
9
9
9
9
9
9
9
9
9
9
9
9
9
9
9
9
9
9
9
9
9
9
9
9
9
9
9
9
9
9
9
9
9
9
9
9
9
9
9
9
9
9
9
9
9
9
9
9
9
9
9
10
10
10
10
10
10
10
10
10
10
10
10
10
10
10
10
10
10
10
10
10
10
10
10
10
10
10
10
10
10
10
10
10
10
10
10
10
10
10
10
10
10
10
10
10
10
10
10
10
10
10
10
10
10
10
10
10
10
10
10
10
10
10
10
10
10
10
10
10
10
10
10
10
10
10
10
10
10
10
10
10
10
10
10
10
10
10
10
10
10
10
10
10
10
10
10
10
10
10
10
10
10
10
10
10
10
10
10
10
10
10
10
10
10
10
10
10
10
10
10
10
10
10
10
10
10
10
10
10
10
10
10
10
10
10
10
10
10
10
10
10
10
10
10
10
10
10
10
10
10
10
10
10
10
10
10
10
10
10
10
10
10
10
10
10
10
10
10
10
10
10
10
10
10
10
10
10
10
10
10
10
10
10
10
10
10
10
10
10
10
10
10
10
10
10
10
10
10
10
10
10
10
10
10
10
10
10
10
10
10
10
10
10
10
10
10
10
10
10
10
10
10
10
11
11
11
11
11
11
11
11
11
11
11
11
11
11
11
11
11
11
11
11
11
11
11
11
11
11
11
11
11
11
11
11
11
11
11
11
11
11
11
11
11
11
11
11
11
11
11
11
11
11
11
11
11
11
11
11
11
11
11
11
11
11
11
11
11
11
11
11
11
11
11
11
11
11
11
11
11
11
11
11
11
11
11
11
11
11
11
11
11
11
11
11
11
11
11
11
11
11
11
11
11
11
11
11
11
11
11
11
11
11
11
11
11
11
11
11
11
11
11
11
11
11
11
11
11
11
11
11
11
11
11
11
11
11
11
11
11
11
11
11
11
11
11
11
11
11
11
11
11
11
11
11
11
11
11
11
11
11
11
11
11
11
11
11
11
11
11
11
11
11
11
11
11
11
11
11
11
11
11
11
11
11
11
11
11
11
11
11
11
11
11
11
11
11
11
11
11
11
11
11
11
11
12
12
12
12
12
12
12
12
12
12
12
12
12
12
12
12
12
12
12
12
12
12
12
12
12
12
12
12
12
12
12
12
12
12
12
12
12
12
12
12
12
12
12
12
12
12
12
12
12
12
12
12
12
12
12
12
12
12
12
12
12
12
12
12
12
12
12
12
12
12
12
12
12
12
12
12
12
12
12
12
12
12
12
12
12
12
12
12
12
12
12
12
12
12
12
12
12
12
12
12
12
12
12
12
12
12
12
12
12
12
12
12
12
12
12
12
12
12
12
12
12
12
12
12
12
12
12
12
12
12
12
12
12
12
12
12
12
12
12
12
12
12
12
12
12
12
12
12
12
12
12
12
12
12
12
12
12
12
12
12
12
12
12
12
12
12
12
12
12
12
12
12
12
12
12
12
12
12
12
12
12
12
12
12
12
13
13
13
13
13
13
13
13
13
13
13
13
13
13
13
13
13
13
13
13
13
13
13
13
13
13
13
13
13
13
13
13
13
13
13
13
13
13
13
13
13
13
13
13
13
13
13
13
13
13
13
13
13
13
13
13
13
13
13
13
13
13
13
13
13
13
13
13
13
13
13
13
13
13
13
13
13
13
13
13
13
13
13
13
13
13
13
13
13
13
13
13
13
13
13
13
13
13
13
13
13
13
13
13
13
13
13
13
13
13
13
13
13
13
13
13
13
13
13
13
13
13
13
13
13
13
13
13
13
13
13
13
13
13
13
13
13
13
13
13
13
13
13
13
13
13
13
13
13
13
13
13
13
13
13
13
13
13
13
13
13
13
13
13
13
13
13
13
13
13
13
14
14
14
14
14
14
14
14
14
14
14
14
14
14
14
14
14
14
14
14
14
14
14
14
14
14
14
14
14
14
14
14
14
14
14
14
14
14
14
14
14
14
14
14
14
14
14
14
14
14
14
14
14
14
14
14
14
14
14
14
14
14
14
14
14
14
14
14
14
14
14
14
14
14
14
14
14
14
14
14
14
14
14
14
14
14
14
14
14
14
14
14
14
14
14
14
14
14
14
14
14
14
14
14
14
14
14
14
14
14
14
14
14
14
14
14
14
14
14
14
14
14
14
14
14
14
14
14
14
14
14
14
14
14
14
14
14
14
14
14
14
14
14
14
14
14
14
14
14
14
14
14
14
14
14
14
14
14
14
15
15
15
15
15
15
15
15
15
15
15
15
15
15
15
15
15
15
15
15
15
15
15
15
15
15
15
15
15
15
15
15
15
15
15
15
15
15
15
15
15
15
15
15
15
15
15
15
15
15
15
15
15
15
15
15
15
15
15
15
15
15
15
15
15
15
15
15
15
15
15
15
15
15
15
15
15
15
15
15
15
15
15
15
15
15
15
15
15
15
15
15
15
15
15
15
15
15
15
15
15
15
15
15
15
15
15
15
15
15
15
15
15
15
15
15
15
15
15
15
15
15
15
15
15
15
15
15
15
15
15
15
15
15
15
15
15
15
15
15
15
15
15
15
15
15
15
15
15
16
16
16
16
16
16
16
16
16
16
16
16
16
16
16
16
16
16
16
16
16
16
16
16
16
16
16
16
16
16
16
16
16
16
16
16
16
16
16
16
16
16
16
16
16
16
16
16
16
16
16
16
16
16
16
16
16
16
16
16
16
16
16
16
16
16
16
16
16
16
16
16
16
16
16
16
16
16
16
16
16
16
16
16
16
16
16
16
16
16
16
16
16
16
16
16
16
16
16
16
16
16
16
16
16
16
16
16
16
16
16
16
16
16
16
16
16
16
16
16
16
16
16
16
16
16
16
16
16
16
16
16
16
16
16
16
16
16
16
17
17
17
17
17
17
17
17
17
17
17
17
17
17
17
17
17
17
17
17
17
17
17
17
17
17
17
17
17
17
17
17
17
17
17
17
17
17
17
17
17
17
17
17
17
17
17
17
17
17
17
17
17
17
17
17
17
17
17
17
17
17
17
17
17
17
17
17
17
17
17
17
17
17
17
17
17
17
17
17
17
17
17
17
17
17
17
17
17
17
17
17
17
17
17
17
17
17
17
17
17
17
17
17
17
17
17
17
17
17
17
17
17
17
17
17
17
17
17
17
17
17
17
17
17
17
17
17
17
17
18
18
18
18
18
18
18
18
18
18
18
18
18
18
18
18
18
18
18
18
18
18
18
18
18
18
18
18
18
18
18
18
18
18
18
18
18
18
18
18
18
18
18
18
18
18
18
18
18
18
18
18
18
18
18
18
18
18
18
18
18
18
18
18
18
18
18
18
18
18
18
18
18
18
18
18
18
18
18
18
18
18
18
18
18
18
18
18
18
18
18
18
18
18
18
18
18
18
18
18
18
18
18
18
18
18
18
18
18
18
18
18
18
18
18
18
18
18
18
18
18
18
18
18
19
19
19
19
19
19
19
19
19
19
19
19
19
19
19
19
19
19
19
19
19
19
19
19
19
19
19
19
19
19
19
19
19
19
19
19
19
19
19
19
19
19
19
19
19
19
19
19
19
19
19
19
19
19
19
19
19
19
19
19
19
19
19
19
19
19
19
19
19
19
19
19
19
19
19
19
19
19
19
19
19
19
19
19
19
19
19
19
19
19
19
19
19
19
19
19
19
19
19
19
19
19
19
19
19
19
19
19
19
19
19
19
19
19
19
19
19
20
20
20
20
20
20
20
20
20
20
20
20
20
20
20
20
20
20
20
20
20
20
20
20
20
20
20
20
20
20
20
20
20
20
20
20
20
20
20
20
20
20
20
20
20
20
20
20
20
20
20
20
20
20
20
20
20
20
20
20
20
20
20
20
20
20
20
20
20
20
20
20
20
20
20
20
20
20
20
20
20
20
20
20
20
20
20
20
20
20
20
20
20
20
20
20
20
20
20
20
20
20
20
20
20
20
20
20
20
20
20
21
21
21
21
21
21
21
21
21
21
21
21
21
21
21
21
21
21
21
21
21
21
21
21
21
21
21
21
21
21
21
21
21
21
21
21
21
21
21
21
21
21
21
21
21
21
21
21
21
21
21
21
21
21
21
21
21
21
21
21
21
21
21
21
21
21
21
21
21
21
21
21
21
21
21
21
21
21
21
21
21
21
21
21
21
21
21
21
21
21
21
21
21
21
21
21
21
21
21
21
21
21
21
21
21
21
22
22
22
22
22
22
22
22
22
22
22
22
22
22
22
22
22
22
22
22
22
22
22
22
22
22
22
22
22
22
22
22
22
22
22
22
22
22
22
22
22
22
22
22
22
22
22
22
22
22
22
22
22
22
22
22
22
22
22
22
22
22
22
22
22
22
22
22
22
22
22
22
22
22
22
22
22
22
22
22
22
22
22
22
22
22
22
22
22
22
22
22
22
22
22
22
22
22
22
22
22
23
23
23
23
23
23
23
23
23
23
23
23
23
23
23
23
23
23
23
23
23
23
23
23
23
23
23
23
23
23
23
23
23
23
23
23
23
23
23
23
23
23
23
23
23
23
23
23
23
23
23
23
23
23
23
23
23
23
23
23
23
23
23
23
23
23
23
23
23
23
23
23
23
23
23
23
23
23
23
23
23
23
23
23
23
23
23
23
23
23
23
23
23
23
23
23
23
24
24
24
24
24
24
24
24
24
24
24
24
24
24
24
24
24
24
24
24
24
24
24
24
24
24
24
24
24
24
24
24
24
24
24
24
24
24
24
24
24
24
24
24
24
24
24
24
24
24
24
24
24
24
24
24
24
24
24
24
24
24
24
24
24
24
24
24
24
24
24
24
24
24
24
24
24
24
24
24
24
24
24
24
24
24
24
24
24
24
24
24
24
25
25
25
25
25
25
25
25
25
25
25
25
25
25
25
25
25
25
25
25
25
25
25
25
25
25
25
25
25
25
25
25
25
25
25
25
25
25
25
25
25
25
25
25
25
25
25
25
25
25
25
25
25
25
25
25
25
25
25
25
25
25
25
25
25
25
25
25
25
25
25
25
25
25
25
25
25
25
25
25
25
25
25
25
25
25
25
25
25
26
26
26
26
26
26
26
26
26
26
26
26
26
26
26
26
26
26
26
26
26
26
26
26
26
26
26
26
26
26
26
26
26
26
26
26
26
26
26
26
26
26
26
26
26
26
26
26
26
26
26
26
26
26
26
26
26
26
26
26
26
26
26
26
26
26
26
26
26
26
26
26
26
26
26
26
26
26
26
26
26
26
26
26
26
27
27
27
27
27
27
27
27
27
27
27
27
27
27
27
27
27
27
27
27
27
27
27
27
27
27
27
27
27
27
27
27
27
27
27
27
27
27
27
27
27
27
27
27
27
27
27
27
27
27
27
27
27
27
27
27
27
27
27
27
27
27
27
27
27
27
27
27
27
27
27
27
27
27
27
27
27
27
27
27
27
27
28
28
28
28
28
28
28
28
28
28
28
28
28
28
28
28
28
28
28
28
28
28
28
28
28
28
28
28
28
28
28
28
28
28
28
28
28
28
28
28
28
28
28
28
28
28
28
28
28
28
28
28
28
28
28
28
28
28
28
28
28
28
28
28
28
28
28
28
28
28
28
28
28
28
28
28
28
28
28
28
29
29
29
29
29
29
29
29
29
29
29
29
29
29
29
29
29
29
29
29
29
29
29
29
29
29
29
29
29
29
29
29
29
29
29
29
29
29
29
29
29
29
29
29
29
29
29
29
29
29
29
29
29
29
29
29
29
29
29
29
29
29
29
29
29
29
29
29
29
29
29
29
29
29
29
29
29
30
30
30
30
30
30
30
30
30
30
30
30
30
30
30
30
30
30
30
30
30
30
30
30
30
30
30
30
30
30
30
30
30
30
30
30
30
30
30
30
30
30
30
30
30
30
30
30
30
30
30
30
30
30
30
30
30
30
30
30
30
30
30
30
30
30
30
30
30
30
30
30
30
30
31
31
31
31
31
31
31
31
31
31
31
31
31
31
31
31
31
31
31
31
31
31
31
31
31
31
31
31
31
31
31
31
31
31
31
31
31
31
31
31
31
31
31
31
31
31
31
31
31
31
31
31
31
31
31
31
31
31
31
31
31
31
31
31
31
31
31
31
31
31
31
32
32
32
32
32
32
32
32
32
32
32
32
32
32
32
32
32
32
32
32
32
32
32
32
32
32
32
32
32
32
32
32
32
32
32
32
32
32
32
32
32
32
32
32
32
32
32
32
32
32
32
32
32
32
32
32
32
32
32
32
32
32
32
32
32
32
32
32
32
32
33
33
33
33
33
33
33
33
33
33
33
33
33
33
33
33
33
33
33
33
33
33
33
33
33
33
33
33
33
33
33
33
33
33
33
33
33
33
33
33
33
33
33
33
33
33
33
33
33
33
33
33
33
33
33
33
33
33
33
33
33
33
33
33
33
33
33
34
34
34
34
34
34
34
34
34
34
34
34
34
34
34
34
34
34
34
34
34
34
34
34
34
34
34
34
34
34
34
34
34
34
34
34
34
34
34
34
34
34
34
34
34
34
34
34
34
34
34
34
34
34
34
34
34
34
34
34
34
34
34
34
34
34
35
35
35
35
35
35
35
35
35
35
35
35
35
35
35
35
35
35
35
35
35
35
35
35
35
35
35
35
35
35
35
35
35
35
35
35
35
35
35
35
35
35
35
35
35
35
35
35
35
35
35
35
35
35
35
35
35
35
35
35
35
35
35
36
36
36
36
36
36
36
36
36
36
36
36
36
36
36
36
36
36
36
36
36
36
36
36
36
36
36
36
36
36
36
36
36
36
36
36
36
36
36
36
36
36
36
36
36
36
36
36
36
36
36
36
36
36
36
36
36
36
36
36
36
36
37
37
37
37
37
37
37
37
37
37
37
37
37
37
37
37
37
37
37
37
37
37
37
37
37
37
37
37
37
37
37
37
37
37
37
37
37
37
37
37
37
37
37
37
37
37
37
37
37
37
37
37
37
37
37
37
37
37
37
37
38
38
38
38
38
38
38
38
38
38
38
38
38
38
38
38
38
38
38
38
38
38
38
38
38
38
38
38
38
38
38
38
38
38
38
38
38
38
38
38
38
38
38
38
38
38
38
38
38
38
38
38
38
38
38
38
38
38
38
39
39
39
39
39
39
39
39
39
39
39
39
39
39
39
39
39
39
39
39
39
39
39
39
39
39
39
39
39
39
39
39
39
39
39
39
39
39
39
39
39
39
39
39
39
39
39
39
39
39
39
39
39
39
39
39
39
40
40
40
40
40
40
40
40
40
40
40
40
40
40
40
40
40
40
40
40
40
40
40
40
40
40
40
40
40
40
40
40
40
40
40
40
40
40
40
40
40
40
40
40
40
40
40
40
40
40
40
40
40
40
40
41
41
41
41
41
41
41
41
41
41
41
41
41
41
41
41
41
41
41
41
41
41
41
41
41
41
41
41
41
41
41
41
41
41
41
41
41
41
41
41
41
41
41
41
41
41
41
41
41
41
41
41
41
41
41
42
42
42
42
42
42
42
42
42
42
42
42
42
42
42
42
42
42
42
42
42
42
42
42
42
42
42
42
42
42
42
42
42
42
42
42
42
42
42
42
42
42
42
42
42
42
42
42
42
42
42
42
43
43
43
43
43
43
43
43
43
43
43
43
43
43
43
43
43
43
43
43
43
43
43
43
43
43
43
43
43
43
43
43
43
43
43
43
43
43
43
43
43
43
43
43
43
43
43
43
43
43
43
43
44
44
44
44
44
44
44
44
44
44
44
44
44
44
44
44
44
44
44
44
44
44
44
44
44
44
44
44
44
44
44
44
44
44
44
44
44
44
44
44
44
44
44
44
44
44
44
44
44
44
44
45
45
45
45
45
45
45
45
45
45
45
45
45
45
45
45
45
45
45
45
45
45
45
45
45
45
45
45
45
45
45
45
45
45
45
45
45
45
45
45
45
45
45
45
45
45
45
45
45
46
46
46
46
46
46
46
46
46
46
46
46
46
46
46
46
46
46
46
46
46
46
46
46
46
46
46
46
46
46
46
46
46
46
46
46
46
46
46
46
46
46
46
46
46
46
46
46
47
47
47
47
47
47
47
47
47
47
47
47
47
47
47
47
47
47
47
47
47
47
47
47
47
47
47
47
47
47
47
47
47
47
47
47
47
47
47
47
47
47
47
47
47
47
47
47
48
48
48
48
48
48
48
48
48
48
48
48
48
48
48
48
48
48
48
48
48
48
48
48
48
48
48
48
48
48
48
48
48
48
48
48
48
48
48
48
48
48
48
48
48
48
49
49
49
49
49
49
49
49
49
49
49
49
49
49
49
49
49
49
49
49
49
49
49
49
49
49
49
49
49
49
49
49
49
49
49
49
49
49
49
49
49
49
49
49
49
50
50
50
50
50
50
50
50
50
50
50
50
50
50
50
50
50
50
50
50
50
50
50
50
50
50
50
50
50
50
50
50
50
50
50
50
50
50
50
50
50
50
50
50
50
51
51
51
51
51
51
51
51
51
51
51
51
51
51
51
51
51
51
51
51
51
51
51
51
51
51
51
51
51
51
51
51
51
51
51
51
51
51
51
51
51
51
51
51
52
52
52
52
52
52
52
52
52
52
52
52
52
52
52
52
52
52
52
52
52
52
52
52
52
52
52
52
52
52
52
52
52
52
52
52
52
52
52
52
52
52
53
53
53
53
53
53
53
53
53
53
53
53
53
53
53
53
53
53
53
53
53
53
53
53
53
53
53
53
53
53
53
53
53
53
53
53
53
53
53
53
53
53
54
54
54
54
54
54
54
54
54
54
54
54
54
54
54
54
54
54
54
54
54
54
54
54
54
54
54
54
54
54
54
54
54
54
54
54
54
54
54
54
54
55
55
55
55
55
55
55
55
55
55
55
55
55
55
55
55
55
55
55
55
55
55
55
55
55
55
55
55
55
55
55
55
55
55
55
55
55
55
55
55
55
56
56
56
56
56
56
56
56
56
56
56
56
56
56
56
56
56
56
56
56
56
56
56
56
56
56
56
56
56
56
56
56
56
56
56
56
56
56
56
56
57
57
57
57
57
57
57
57
57
57
57
57
57
57
57
57
57
57
57
57
57
57
57
57
57
57
57
57
57
57
57
57
57
57
57
57
57
57
57
58
58
58
58
58
58
58
58
58
58
58
58
58
58
58
58
58
58
58
58
58
58
58
58
58
58
58
58
58
58
58
58
58
58
58
58
58
58
59
59
59
59
59
59
59
59
59
59
59
59
59
59
59
59
59
59
59
59
59
59
59
59
59
59
59
59
59
59
59
59
59
59
59
59
59
59
60
60
60
60
60
60
60
60
60
60
60
60
60
60
60
60
60
60
60
60
60
60
60
60
60
60
60
60
60
60
60
60
60
60
60
60
60
61
61
61
61
61
61
61
61
61
61
61
61
61
61
61
61
61
61
61
61
61
61
61
61
61
61
61
61
61
61
61
61
61
61
61
61
62
62
62
62
62
62
62
62
62
62
62
62
62
62
62
62
62
62
62
62
62
62
62
62
62
62
62
62
62
62
62
62
62
62
62
62
63
63
63
63
63
63
63
63
63
63
63
63
63
63
63
63
63
63
63
63
63
63
63
63
63
63
63
63
63
63
63
63
63
63
63
64
64
64
64
64
64
64
64
64
64
64
64
64
64
64
64
64
64
64
64
64
64
64
64
64
64
64
64
64
64
64
64
64
64
64
65
65
65
65
65
65
65
65
65
65
65
65
65
65
65
65
65
65
65
65
65
65
65
65
65
65
65
65
65
65
65
65
65
65
66
66
66
66
66
66
66
66
66
66
66
66
66
66
66
66
66
66
66
66
66
66
66
66
66
66
66
66
66
66
66
66
66
66
67
67
67
67
67
67
67
67
67
67
67
67
67
67
67
67
67
67
67
67
67
67
67
67
67
67
67
67
67
67
67
67
67
68
68
68
68
68
68
68
68
68
68
68
68
68
68
68
68
68
68
68
68
68
68
68
68
68
68
68
68
68
68
68
68
68
69
69
69
69
69
69
69
69
69
69
69
69
69
69
69
69
69
69
69
69
69
69
69
69
69
69
69
69
69
69
69
69
70
70
70
70
70
70
70
70
70
70
70
70
70
70
70
70
70
70
70
70
70
70
70
70
70
70
70
70
70
70
70
70
71
71
71
71
71
71
71
71
71
71
71
71
71
71
71
71
71
71
71
71
71
71
71
71
71
71
71
71
71
71
71
72
72
72
72
72
72
72
72
72
72
72
72
72
72
72
72
72
72
72
72
72
72
72
72
72
72
72
72
72
72
72
73
73
73
73
73
73
73
73
73
73
73
73
73
73
73
73
73
73
73
73
73
73
73
73
73
73
73
73
73
73
74
74
74
74
74
74
74
74
74
74
74
74
74
74
74
74
74
74
74
74
74
74
74
74
74
74
74
74
74
74
74
75
75
75
75
75
75
75
75
75
75
75
75
75
75
75
75
75
75
75
75
75
75
75
75
75
75
75
75
75
76
76
76
76
76
76
76
76
76
76
76
76
76
76
76
76
76
76
76
76
76
76
76
76
76
76
76
76
76
77
77
77
77
77
77
77
77
77
77
77
77
77
77
77
77
77
77
77
77
77
77
77
77
77
77
77
77
77
78
78
78
78
78
78
78
78
78
78
78
78
78
78
78
78
78
78
78
78
78
78
78
78
78
78
78
78
78
79
79
79
79
79
79
79
79
79
79
79
79
79
79
79
79
79
79
79
79
79
79
79
79
79
79
79
79
80
80
80
80
80
80
80
80
80
80
80
80
80
80
80
80
80
80
80
80
80
80
80
80
80
80
80
80
81
81
81
81
81
81
81
81
81
81
81
81
81
81
81
81
81
81
81
81
81
81
81
81
81
81
81
82
82
82
82
82
82
82
82
82
82
82
82
82
82
82
82
82
82
82
82
82
82
82
82
82
82
82
83
83
83
83
83
83
83
83
83
83
83
83
83
83
83
83
83
83
83
83
83
83
83
83
83
83
83
84
84
84
84
84
84
84
84
84
84
84
84
84
84
84
84
84
84
84
84
84
84
84
84
84
84
84
85
85
85
85
85
85
85
85
85
85
85
85
85
85
85
85
85
85
85
85
85
85
85
85
85
85
86
86
86
86
86
86
86
86
86
86
86
86
86
86
86
86
86
86
86
86
86
86
86
86
86
86
87
87
87
87
87
87
87
87
87
87
87
87
87
87
87
87
87
87
87
87
87
87
87
87
87
88
88
88
88
88
88
88
88
88
88
88
88
88
88
88
88
88
88
88
88
88
88
88
88
88
89
89
89
89
89
89
89
89
89
89
89
89
89
89
89
89
89
89
89
89
89
89
89
89
89
90
90
90
90
90
90
90
90
90
90
90
90
90
90
90
90
90
90
90
90
90
90
90
90
90
91
91
91
91
91
91
91
91
91
91
91
91
91
91
91
91
91
91
91
91
91
91
91
91
91
92
92
92
92
92
92
92
92
92
92
92
92
92
92
92
92
92
92
92
92
92
92
92
92
93
93
93
93
93
93
93
93
93
93
93
93
93
93
93
93
93
93
93
93
93
93
93
93
94
94
94
94
94
94
94
94
94
94
94
94
94
94
94
94
94
94
94
94
94
94
94
95
95
95
95
95
95
95
95
95
95
95
95
95
95
95
95
95
95
95
95
95
95
95
95
96
96
96
96
96
96
96
96
96
96
96
96
96
96
96
96
96
96
96
96
96
96
96
97
97
97
97
97
97
97
97
97
97
97
97
97
97
97
97
97
97
97
97
97
97
97
98
98
98
98
98
98
98
98
98
98
98
98
98
98
98
98
98
98
98
98
98
98
99
99
99
99
99
99
99
99
99
99
99
99
99
99
99
99
99
99
99
99
99
99
99
100
100
100
100
100
100
100
100
100
100
100
100
100
100
100
100
100
100
100
100
100
100
101
101
101
101
101
101
101
101
101
101
101
101
101
101
101
101
101
101
101
101
101
101
102
102
102
102
102
102
102
102
102
102
102
102
102
102
102
102
102
102
102
102
102
102
103
103
103
103
103
103
103
103
103
103
103
103
103
103
103
103
103
103
103
103
103
103
104
104
104
104
104
104
104
104
104
104
104
104
104
104
104
104
104
104
104
104
104
105
105
105
105
105
105
105
105
105
105
105
105
105
105
105
105
105
105
105
105
105
106
106
106
106
106
106
106
106
106
106
106
106
106
106
106
106
106
106
106
106
106
107
107
107
107
107
107
107
107
107
107
107
107
107
107
107
107
107
107
107
107
107
108
108
108
108
108
108
108
108
108
108
108
108
108
108
108
108
108
108
108
108
108
109
109
109
109
109
109
109
109
109
109
109
109
109
109
109
109
109
109
109
109
110
110
110
110
110
110
110
110
110
110
110
110
110
110
110
110
110
110
110
110
111
111
111
111
111
111
111
111
111
111
111
111
111
111
111
111
111
111
111
111
112
112
112
112
112
112
112
112
112
112
112
112
112
112
112
112
112
112
112
112
113
113
113
113
113
113
113
113
113
113
113
113
113
113
113
113
113
113
113
113
114
114
114
114
114
114
114
114
114
114
114
114
114
114
114
114
114
114
114
115
115
115
115
115
115
115
115
115
115
115
115
115
115
115
115
115
115
115
115
116
116
116
116
116
116
116
116
116
116
116
116
116
116
116
116
116
116
116
117
117
117
117
117
117
117
117
117
117
117
117
117
117
117
117
117
117
117
118
118
118
118
118
118
118
118
118
118
118
118
118
118
118
118
118
118
118
119
119
119
119
119
119
119
119
119
119
119
119
119
119
119
119
119
119
120
120
120
120
120
120
120
120
120
120
120
120
120
120
120
120
120
120
120
121
121
121
121
121
121
121
121
121
121
121
121
121
121
121
121
121
121
122
122
122
122
122
122
122
122
122
122
122
122
122
122
122
122
122
122
123
123
123
123
123
123
123
123
123
123
123
123
123
123
123
123
123
123
124
124
124
124
124
124
124
124
124
124
124
124
124
124
124
124
124
124
125
125
125
125
125
125
125
125
125
125
125
125
125
125
125
125
125
125
126
126
126
126
126
126
126
126
126
126
126
126
126
126
126
126
126
126
127
127
127
127
127
127
127
127
127
127
127
127
127
127
127
127
127
128
128
128
128
128
128
128
128
128
128
128
128
128
128
128
128
128
128
129
129
129
129
129
129
129
129
129
129
129
129
129
129
129
129
129
130
130
130
130
130
130
130
130
130
130
130
130
130
130
130
130
130
131
131
131
131
131
131
131
131
131
131
131
131
131
131
131
131
131
132
132
132
132
132
132
132
132
132
132
132
132
132
132
132
132
132
133
133
133
133
133
133
133
133
133
133
133
133
133
133
133
133
133
134
134
134
134
134
134
134
134
134
134
134
134
134
134
134
134
135
135
135
135
135
135
135
135
135
135
135
135
135
135
135
135
135
136
136
136
136
136
136
136
136
136
136
136
136
136
136
136
136
137
137
137
137
137
137
137
137
137
137
137
137
137
137
137
137
138
138
138
138
138
138
138
138
138
138
138
138
138
138
138
138
139
139
139
139
139
139
139
139
139
139
139
139
139
139
139
139
140
140
140
140
140
140
140
140
140
140
140
140
140
140
140
140
141
141
141
141
141
141
141
141
141
141
141
141
141
141
141
141
142
142
142
142
142
142
142
142
142
142
142
142
142
142
142
142
143
143
143
143
143
143
143
143
143
143
143
143
143
143
143
144
144
144
144
144
144
144
144
144
144
144
144
144
144
144
144
145
145
145
145
145
145
145
145
145
145
145
145
145
145
145
146
146
146
146
146
146
146
146
146
146
146
146
146
146
146
147
147
147
147
147
147
147
147
147
147
147
147
147
147
147
148
148
148
148
148
148
148
148
148
148
148
148
148
148
148
149
149
149
149
149
149
149
149
149
149
149
149
149
149
149
150
150
150
150
150
150
150
150
150
150
150
150
150
150
150
151
151
151
151
151
151
151
151
151
151
151
151
151
151
151
152
152
152
152
152
152
152
152
152
152
152
152
152
152
153
153
153
153
153
153
153
153
153
153
153
153
153
153
153
154
154
154
154
154
154
154
154
154
154
154
154
154
154
155
155
155
155
155
155
155
155
155
155
155
155
155
155
155
156
156
156
156
156
156
156
156
156
156
156
156
156
156
157
157
157
157
157
157
157
157
157
157
157
157
157
157
158
158
158
158
158
158
158
158
158
158
158
158
158
158
159
159
159
159
159
159
159
159
159
159
159
159
159
159
160
160
160
160
160
160
160
160
160
160
160
160
160
160
161
161
161
161
161
161
161
161
161
161
161
161
161
161
162
162
162
162
162
162
162
162
162
162
162
162
162
162
163
163
163
163
163
163
163
163
163
163
163
163
163
164
164
164
164
164
164
164
164
164
164
164
164
164
164
165
165
165
165
165
165
165
165
165
165
165
165
165
166
166
166
166
166
166
166
166
166
166
166
166
166
166
167
167
167
167
167
167
167
167
167
167
167
167
167
168
168
168
168
168
168
168
168
168
168
168
168
168
169
169
169
169
169
169
169
169
169
169
169
169
169
170
170
170
170
170
170
170
170
170
170
170
170
170
170
171
171
171
171
171
171
171
171
171
171
171
171
171
172
172
172
172
172
172
172
172
172
172
172
172
173
173
173
173
173
173
173
173
173
173
173
173
173
174
174
174
174
174
174
174
174
174
174
174
174
174
175
175
175
175
175
175
175
175
175
175
175
175
175
176
176
176
176
176
176
176
176
176
176
176
176
177
177
177
177
177
177
177
177
177
177
177
177
177
178
178
178
178
178
178
178
178
178
178
178
178
179
179
179
179
179
179
179
179
179
179
179
179
179
180
180
180
180
180
180
180
180
180
180
180
180
181
181
181
181
181
181
181
181
181
181
181
181
181
182
182
182
182
182
182
182
182
182
182
182
182
183
183
183
183
183
183
183
183
183
183
183
183
184
184
184
184
184
184
184
184
184
184
184
184
185
185
185
185
185
185
185
185
185
185
185
185
186
186
186
186
186
186
186
186
186
186
186
186
187
187
187
187
187
187
187
187
187
187
187
187
188
188
188
188
188
188
188
188
188
188
188
188
189
189
189
189
189
189
189
189
189
189
189
190
190
190
190
190
190
190
190
190
190
190
190
191
191
191
191
191
191
191
191
191
191
191
191
192
192
192
192
192
192
192
192
192
192
192
193
193
193
193
193
193
193
193
193
193
193
193
194
194
194
194
194
194
194
194
194
194
194
195
195
195
195
195
195
195
195
195
195
195
195
196
196
196
196
196
196
196
196
196
196
196
197
197
197
197
197
197
197
197
197
197
197
198
198
198
198
198
198
198
198
198
198
198
198
199
199
199
199
199
199
199
199
199
199
199
200
200
200
200
200
200
200
200
200
200
200
201
201
201
201
201
201
201
201
201
201
201
202
202
202
202
202
202
202
202
202
202
202
203
203
203
203
203
203
203
203
203
203
203
204
204
204
204
204
204
204
204
204
204
204
205
205
205
205
205
205
205
205
205
205
205
206
206
206
206
206
206
206
206
206
206
207
207
207
207
207
207
207
207
207
207
207
208
208
208
208
208
208
208
208
208
208
208
209
209
209
209
209
209
209
209
209
209
209
210
210
210
210
210
210
210
210
210
210
211
211
211
211
211
211
211
211
211
211
211
212
212
212
212
212
212
212
212
212
212
213
213
213
213
213
213
213
213
213
213
213
214
214
214
214
214
214
214
214
214
214
215
215
215
215
215
215
215
215
215
215
216
216
216
216
216
216
216
216
216
216
216
217
217
217
217
217
217
217
217
217
217
218
218
218
218
218
218
218
218
218
218
219
219
219
219
219
219
219
219
219
219
220
220
220
220
220
220
220
220
220
220
221
221
221
221
221
221
221
221
221
221
222
222
222
222
222
222
222
222
222
222
223
223
223
223
223
223
223
223
223
223
224
224
224
224
224
224
224
224
224
224
225
225
225
225
225
225
225
225
225
225
226
226
226
226
226
226
226
226
226
226
227
227
227
227
227
227
227
227
227
227
228
228
228
228
228
228
228
228
228
228
229
229
229
229
229
229
229
229
229
230
230
230
230
230
230
230
230
230
230
231
231
231
231
231
231
231
231
231
231
232
232
232
232
232
232
232
232
232
233
233
233
233
233
233
233
233
233
233
234
234
234
234
234
234
234
234
234
235
235
235
235
235
235
235
235
235
235
236
236
236
236
236
236
236
236
236
237
237
237
237
237
237
237
237
237
237
238
238
238
238
238
238
238
238
238
239
239
239
239
239
239
239
239
239
240
240
240
240
240
240
240
240
240
241
241
241
241
241
241
241
241
241
241
242
242
242
242
242
242
242
242
242
243
243
243
243
243
243
243
243
243
244
244
244
244
244
244
244
244
244
245
245
245
245
245
245
245
245
245
246
246
246
246
246
246
246
246
246
247
247
247
247
247
247
247
247
247
248
248
248
248
248
248
248
248
248
249
249
249
249
249
249
249
249
249
250
250
250
250
250
250
250
250
250
251
251
251
251
251
251
251
251
251
252
252
252
252
252
252
252
252
252
253
253
253
253
253
253
253
253
254
254
254
254
254
254
254
254
254
255
255
255
255
255
255
255
255
255
256
256
256
256
256
256
256
256
256
257
257
257
257
257
257
257
257
258
258
258
258
258
258
258
258
258
259
259
259
259
259
259
259
259
260
260
260
260
260
260
260
260
260
261
261
261
261
261
261
261
261
261
262
262
262
262
262
262
262
262
263
263
263
263
263
263
263
263
263
264
264
264
264
264
264
264
264
265
265
265
265
265
265
265
265
266
266
266
266
266
266
266
266
266
267
267
267
267
267
267
267
267
268
268
268
268
268
268
268
268
269
269
269
269
269
269
269
269
269
270
270
270
270
270
270
270
270
271
271
271
271
271
271
271
271
272
272
272
272
272
272
272
272
273
273
273
273
273
273
273
273
274
274
274
274
274
274
274
274
275
275
275
275
275
275
275
275
275
276
276
276
276
276
276
276
276
277
277
277
277
277
277
277
277
278
278
278
278
278
278
278
278
279
279
279
279
279
279
279
279
280
280
280
280
280
280
280
280
281
281
281
281
281
281
281
282
282
282
282
282
282
282
282
283
283
283
283
283
283
283
283
284
284
284
284
284
284
284
284
285
285
285
285
285
285
285
285
286
286
286
286
286
286
286
286
287
287
287
287
287
287
287
288
288
288
288
288
288
288
288
289
289
289
289
289
289
289
289
290
290
290
290
290
290
290
291
291
291
291
291
291
291
291
292
292
292
292
292
292
292
292
293
293
293
293
293
293
293
294
294
294
294
294
294
294
294
295
295
295
295
295
295
295
296
296
296
296
296
296
296
296
297
297
297
297
297
297
297
298
298
298
298
298
298
298
298
299
299
299
299
299
299
299
300
300
300
300
300
300
300
300
301
301
301
301
301
301
301
302
302
302
302
302
302
302
303
303
303
303
303
303
303
303
304
304
304
304
304
304
304
305
305
305
305
305
305
305
306
306
306
306
306
306
306
306
307
307
307
307
307
307
307
308
308
308
308
308
308
308
309
309
309
309
309
309
309
310
310
310
310
310
310
310
311
311
311
311
311
311
311
311
312
312
312
312
312
312
312
313
313
313
313
313
313
313
314
314
314
314
314
314
314
315
315
315
315
315
315
315
316
316
316
316
316
316
316
317
317
317
317
317
317
317
318
318
318
318
318
318
318
319
319
319
319
319
319
319
320
320
320
320
320
320
320
321
321
321
321
321
321
321
322
322
322
322
322
322
322
323
323
323
323
323
323
323
324
324
324
324
324
324
324
325
325
325
325
325
325
326
326
326
326
326
326
326
327
327
327
327
327
327
327
328
328
328
328
328
328
328
329
329
329
329
329
329
329
330
330
330
330
330
330
331
331
331
331
331
331
331
332
332
332
332
332
332
332
333
333
333
333
333
333
334
334
334
334
334
334
334
335
335
335
335
335
335
335
336
336
336
336
336
336
337
337
337
337
337
337
337
338
338
338
338
338
338
339
339
339
339
339
339
339
340
340
340
340
340
340
340
341
341
341
341
341
341
342
342
342
342
342
342
342
343
343
343
343
343
343
344
344
344
344
344
344
344
345
345
345
345
345
345
346
346
346
346
346
346
347
347
347
347
347
347
347
348
348
348
348
348
348
349
349
349
349
349
349
349
350
350
350
350
350
350
351
351
351
351
351
351
352
352
352
352
352
352
352
353
353
353
353
353
353
354
354
354
354
354
354
355
355
355
355
355
355
356
356
356
356
356
356
356
357
357
357
357
357
357
358
358
358
358
358
358
359
359
359
359
359
359
360
360
360
360
360
360
361
361
361
361
361
361
361
362
362
362
362
362
362
363
363
363
363
363
363
364
364
364
364
364
364
365
365
365
365
365
365
366
366
366
366
366
366
367
367
367
367
367
367
368
368
368
368
368
368
369
369
369
369
369
369
370
370
370
370
370
370
371
371
371
371
371
371
372
372
372
372
372
372
373
373
373
373
373
373
374
374
374
374
374
374
375
375
375
375
375
375
376
376
376
376
376
376
377
377
377
377
377
377
378
378
378
378
378
378
379
379
379
379
379
379
380
380
380
380
380
380
381
381
381
381
381
382
382
382
382
382
382
383
383
383
383
383
383
384
384
384
384
384
384
385
385
385
385
385
385
386
386
386
386
386
387
387
387
387
387
387
388
388
388
388
388
388
389
389
389
389
389
389
390
390
390
390
390
391
391
391
391
391
391
392
392
392
392
392
392
393
393
393
393
393
394
394
394
394
394
394
395
395
395
395
395
396
396
396
396
396
396
397
397
397
397
397
397
398
398
398
398
398
399
399
399
399
399
399
400
400
400
400
400
401
401
401
401
401
401
402
402
402
402
402
402
403
403
403
403
403
404
404
404
404
404
404
405
405
405
405
405
406
406
406
406
406
407
407
407
407
407
407
408
408
408
408
408
409
409
409
409
409
409
410
410
410
410
410
411
411
411
411
411
411
412
412
412
412
412
413
413
413
413
413
414
414
414
414
414
414
415
415
415
415
415
416
416
416
416
416
416
417
417
417
417
417
418
418
418
418
418
419
419
419
419
419
420
420
420
420
420
420
421
421
421
421
421
422
422
422
422
422
423
423
423
423
423
423
424
424
424
424
424
425
425
425
425
425
426
426
426
426
426
427
427
427
427
427
428
428
428
428
428
428
429
429
429
429
429
430
430
430
430
430
431
431
431
431
431
432
432
432
432
432
433
433
433
433
433
434
434
434
434
434
434
435
435
435
435
435
436
436
436
436
436
437
437
437
437
437
438
438
438
438
438
439
439
439
439
439
440
440
440
440
440
441
441
441
441
441
442
442
442
442
442
443
443
443
443
443
444
444
444
444
444
445
445
445
445
445
446
446
446
446
446
447
447
447
447
447
448
448
448
448
448
449
449
449
449
449
450
450
450
450
450
451
451
451
451
451
452
452
452
452
452
453
453
453
453
453
454
454
454
454
454
455
455
455
455
455
456
456
456
456
457
457
457
457
457
458
458
458
458
458
459
459
459
459
459
460
460
460
460
460
461
461
461
461
461
462
462
462
462
463
463
463
463
463
464
464
464
464
464
465
465
465
465
465
466
466
466
466
466
467
467
467
467
468
468
468
468
468
469
469
469
469
469
470
470
470
470
470
471
471
471
471
472
472
472
472
472
473
473
473
473
473
474
474
474
474
475
475
475
475
475
476
476
476
476
476
477
477
477
477
478
478
478
478
478
479
479
479
479
479
480
480
480
480
481
481
481
481
481
482
482
482
482
482
483
483
483
483
484
484
484
484
484
485
485
485
485
486
486
486
486
486
487
487
487
487
487
488
488
488
488
489
489
489
489
489
490
490
490
490
491
491
491
491
491
492
492
492
492
493
493
493
493
493
494
494
494
494
495
495
495
495
495
496
496
496
496
497
497
497
497
497
498
498
498
498
499
499
499
499
499
500
500
500
500
501
501
501
501
502
502
502
502
502
503
503
503
503
504
504
504
504
504
505
505
505
505
506
506
506
506
506
507
507
507
507
508
508
508
508
509
509
509
509
509
510
510
510
510
511
511
511
511
512
512
512
512
512
513
513
513
513
514
514
514
514
515
515
515
515
515
516
516
516
516
517
517
517
517
518
518
518
518
518
519
519
519
519
520
520
520
520
521
521
521
521
522
522
522
522
522
523
523
523
523
524
524
524
524
525
525
525
525
526
526
526
526
526
527
527
527
527
528
528
528
528
529
529
529
529
530
530
530
530
531
531
531
531
531
532
532
532
532
533
533
533
533
534
534
534
534
535
535
535
535
536
536
536
536
536
537
537
537
537
538
538
538
538
539
539
539
539
540
540
540
540
541
541
541
541
542
542
542
542
543
543
543
543
544
544
544
544
545
545
545
545
546
546
546
546
546
547
547
547
547
548
548
548
548
549
549
549
549
550
550
550
550
551
551
551
551
552
552
552
552
553
553
553
553
554
554
554
554
555
555
555
555
556
556
556
556
557
557
557
557
558
558
558
558
559
559
559
559
560
560
560
560
561
561
561
561
562
562
562
562
563
563
563
563
564
564
564
564
565
565
565
565
566
566
566
567
567
567
567
568
568
568
568
569
569
569
569
570
570
570
570
571
571
571
571
572
572
572
572
573
573
573
573
574
574
574
574
575
575
575
575
576
576
576
577
577
577
577
578
578
578
578
579
579
579
579
580
580
580
580
581
581
581
581
582
582
582
583
583
583
583
584
584
584
584
585
585
585
585
586
586
586
586
587
587
587
588
588
588
588
589
589
589
589
590
590
590
590
591
591
591
591
592
592
592
593
593
593
593
594
594
594
594
595
595
595
595
596
596
596
597
597
597
597
598
598
598
598
599
599
599
600
600
600
600
601
601
601
601
602
602
602
603
603
603
603
604
604
604
604
605
605
605
605
606
606
606
607
607
607
607
608
608
608
608
609
609
609
610
610
610
610
611
611
611
612
612
612
612
613
613
613
613
614
614
614
615
615
615
615
616
616
616
616
617
617
617
618
618
618
618
619
619
619
620
620
620
620
621
621
621
621
622
622
622
623
623
623
623
624
624
624
625
625
625
625
626
626
626
627
627
627
627
628
628
628
629
629
629
629
630
630
630
631
631
631
631
632
632
632
632
633
633
633
634
634
634
634
635
635
635
636
636
636
636
637
637
637
638
638
638
638
639
639
639
640
640
640
641
641
641
641
642
642
642
643
643
643
643
644
644
644
645
645
645
645
646
646
646
647
647
647
647
648
648
648
649
649
649
649
650
650
650
651
651
651
652
652
652
652
653
653
653
654
654
654
654
655
655
655
656
656
656
657
657
657
657
658
658
658
659
659
659
660
660
660
660
661
661
661
662
662
662
662
663
663
663
664
664
664
665
665
665
665
666
666
666
667
667
667
668
668
668
668
669
669
669
670
670
670
671
671
671
671
672
672
672
673
673
673
674
674
674
675
675
675
675
676
676
676
677
677
677
678
678
678
678
679
679
679
680
680
680
681
681
681
682
682
682
682
683
683
683
684
684
684
685
685
685
686
686
686
686
687
687
687
688
688
688
689
689
689
690
690
690
690
691
691
691
692
692
692
693
693
693
694
694
694
695
695
695
695
696
696
696
697
697
697
698
698
698
699
699
699
700
700
700
700
701
701
701
702
702
702
703
703
703
704
704
704
705
705
705
706
706
706
706
707
707
707
708
708
708
709
709
709
710
710
710
711
711
711
712
712
712
713
713
713
714
714
714
714
715
715
715
716
716
716
717
717
717
718
718
718
719
719
719
720
720
720
721
721
721
722
722
722
723
723
723
724
724
724
724
725
725
725
726
726
726
727
727
727
728
728
728
729
729
729
730
730
730
731
731
731
732
732
732
733
733
733
734
734
734
735
735
735
736
736
736
737
737
737
738
738
738
739
739
739
740
740
740
741
741
741
742
742
742
743
743
743
744
744
744
745
745
745
746
746
746
747
747
747
748
748
748
749
749
749
750
750
750
751
751
751
752
752
752
753
753
753
754
754
754
755
755
755
756
756
756
757
757
757
758
758
759
759
759
760
760
760
761
761
761
762
762
762
763
763
763
764
764
764
765
765
765
766
766
766
767
767
767
768
768
768
769
769
770
770
770
771
771
771
772
772
772
773
773
773
774
774
774
775
775
775
776
776
776
777
777
778
778
778
779
779
779
780
780
780
781
781
781
782
782
782
783
783
783
784
784
785
785
785
786
786
786
787
787
787
788
788
788
789
789
789
790
790
791
791
791
792
792
792
793
793
793
794
794
794
795
795
796
796
796
797
797
797
798
798
798
799
799
799
800
800
801
801
801
802
802
802
803
803
803
804
804
805
805
805
806
806
806
807
807
807
808
808
809
809
809
810
810
810
811
811
811
812
812
813
813
813
814
814
814
815
815
815
816
816
817
817
817
818
818
818
819
819
820
820
820
821
821
821
822
822
822
823
823
824
824
824
825
825
825
826
826
827
827
827
828
828
828
829
829
830
830
830
831
831
831
832
832
833
833
833
834
834
834
835
835
836
836
836
837
837
837
838
838
839
839
839
840
840
840
841
841
842
842
842
843
843
843
844
844
845
845
845
846
846
846
847
847
848
848
848
849
849
850
850
850
851
851
851
852
852
853
853
853
854
854
855
855
855
856
856
856
857
857
858
858
858
859
859
860
860
860
861
861
861
862
862
863
863
863
864
864
865
865
865
866
866
867
867
867
868
868
868
869
869
870
870
870
871
871
872
872
872
873
873
874
874
874
875
875
876
876
876
877
877
877
878
878
879
879
879
880
880
881
881
881
882
882
883
883
883
884
884
885
885
885
886
886
887
887
887
888
888
889
889
889
890
890
891
891
891
892
892
893
893
893
894
894
895
895
895
896
896
897
897
897
898
898
899
899
899
900
900
901
901
901
902
902
903
903
904
904
904
905
905
906
906
906
907
907
908
908
908
909
909
910
910
910
911
911
912
912
913
913
913
914
914
915
915
915
916
916
917
917
917
918
918
919
919
920
920
920
921
921
922
922
922
923
923
924
924
924
925
925
926
926
927
927
927
928
928
929
929
929
930
930
931
931
932
932
932
933
933
934
934
935
935
935
936
936
937
937
937
938
938
939
939
940
940
940
941
941
942
942
943
943
943
944
944
945
945
946
946
946
947
947
948
948
948
949
949
950
950
951
951
951
952
952
953
953
954
954
954
955
955
956
956
957
957
957
958
958
959
959
960
960
961
961
961
962
962
963
963
964
964
964
965
965
966
966
967
967
967
968
968
969
969
970
970
970
971
971
972
972
973
973
974
974
974
975
975
976
976
977
977
977
978
978
979
979
980
980
981
981
981
982
982
983
983
984
984
985
985
985
986
986
987
987
988
988
989
989
989
990
990
991
991
992
992
993
993
993
994
994
995
995
996
996
997
997
997
998
998
999
999
1000
1000
1001
1001
1002
1002
1002
1003
1003
1004
1004
1005
1005
1006
1006
1006
1007
1007
1008
1008
1009
1009
1010
1010
1011
1011
1011
1012
1012
1013
1013
1014
1014
1015
1015
1016
1016
1017
1017
1017
1018
1018
1019
1019
1020
1020
1021
1021
1022
1022
1022
1023
1023
1024
1024
1025
1025
1026
1026
1027
1027
1028
1028
1028
1029
1029
1030
1030
1031
1031
1032
1032
1033
1033
1034
1034
1034
1035
1035
1036
1036
1037
1037
1038
1038
1039
1039
1040
1040
1041
1041
1041
1042
1042
1043
1043
1044
1044
1045
1045
1046
1046
1047
1047
1048
1048
1049
1049
1049
1050
1050
1051
1051
1052
1052
1053
1053
1054
1054
1055
1055
1056
1056
1057
1057
1058
1058
1058
1059
1059
1060
1060
1061
1061
1062
1062
1063
1063
1064
1064
1065
1065
1066
1066
1067
1067
1068
1068
1069
1069
1069
1070
1070
1071
1071
1072
1072
1073
1073
1074
1074
1075
1075
1076
1076
1077
1077
1078
1078
1079
1079
1080
1080
1081
1081
1082
1082
1083
1083
1084
1084
1085
1085
1085
1086
1086
1087
1087
1088
1088
1089
1089
1090
1090
1091
1091
1092
1092
1093
1093
1094
1094
1095
1095
1096
1096
1097
1097
1098
1098
1099
1099
1100
1100
1101
1101
1102
1102
1103
1103
1104
1104
1105
1105
1106
1106
1107
1107
1108
1108
1109
1109
1110
1110
1111
1111
1112
1112
1113
1113
1114
1114
1115
1115
1116
1116
1117
1117
1118
1118
1119
1119
1120
1120
1121
1121
1122
1122
1123
1123
1124
1124
1125
1125
1126
1126
1127
1127
1128
1128
1129
1129
1130
1130
1131
1131
1132
1132
1133
1133
1134
1134
1135
1135
1136
1136
1137
1137
1138
1138
1139
1140
1140
1141
1141
1142
1142
1143
1143
1144
1144
1145
1145
1146
1146
1147
1147
1148
1148
1149
1149
1150
1150
1151
1151
1152
1152
1153
1153
1154
1154
1155
1156
1156
1157
1157
1158
1158
1159
1159
1160
1160
1161
1161
1162
1162
1163
1163
1164
1164
1165
1165
1166
1166
1167
1168
1168
1169
1169
1170
1170
1171
1171
1172
1172
1173
1173
1174
1174
1175
1175
1176
1176
1177
1178
1178
1179
1179
1180
1180
1181
1181
1182
1182
1183
1183
1184
1184
1185
1186
1186
1187
1187
1188
1188
1189
1189
1190
1190
1191
1191
1192
1192
1193
1194
1194
1195
1195
1196
1196
1197
1197
1198
1198
1199
1199
1200
1201
1201
1202
1202
1203
1203
1204
1204
1205
1205
1206
1206
1207
1208
1208
1209
1209
1210
1210
1211
1211
1212
1212
1213
1214
1214
1215
1215
1216
1216
1217
1217
1218
1218
1219
1220
1220
1221
1221
1222
1222
1223
1223
1224
1225
1225
1226
1226
1227
1227
1228
1228
1229
1229
1230
1231
1231
1232
1232
1233
1233
1234
1234
1235
1236
1236
1237
1237
1238
1238
1239
1239
1240
1241
1241
1242
1242
1243
1243
1244
1245
1245
1246
1246
1247
1247
1248
1248
1249
1250
1250
1251
1251
1252
1252
1253
1253
1254
1255
1255
1256
1256
1257
1257
1258
1259
1259
1260
1260
1261
1261
1262
1263
1263
1264
1264
1265
1265
1266
1267
1267
1268
1268
1269
1269
1270
1271
1271
1272
1272
1273
1273
1274
1275
1275
1276
1276
1277
1277
1278
1279
1279
1280
1280
1281
1281
1282
1283
1283
1284
1284
1285
1285
1286
1287
1287
1288
1288
1289
1290
1290
1291
1291
1292
1292
1293
1294
1294
1295
1295
1296
1296
1297
1298
1298
1299
1299
1300
1301
1301
1302
1302
1303
1304
1304
1305
1305
1306
1306
1307
1308
1308
1309
1309
1310
1311
1311
1312
1312
1313
1314
1314
1315
1315
1316
1316
1317
1318
1318
1319
1319
1320
1321
1321
1322
1322
1323
1324
1324
1325
1325
1326
1327
1327
1328
1328
1329
1330
1330
1331
1331
1332
1333
1333
1334
1334
1335
1336
1336
1337
1337
1338
1339
1339
1340
1340
1341
1342
1342
1343
1343
1344
1345
1345
1346
1346
1347
1348
1348
1349
1349
1350
1351
1351
1352
1352
1353
1354
1354
1355
1356
1356
1357
1357
1358
1359
1359
1360
1360
1361
1362
1362
1363
1363
1364
1365
1365
1366
1367
1367
1368
1368
1369
1370
1370
1371
1371
1372
1373
1373
1374
1375
1375
1376
1376
1377
1378
1378
1379
1380
1380
1381
1381
1382
1383
1383
1384
1384
1385
1386
1386
1387
1388
1388
1389
1389
1390
1391
1391
1392
1393
1393
1394
1394
1395
1396
1396
1397
1398
1398
1399
1400
1400
1401
1401
1402
1403
1403
1404
1405
1405
1406
1406
1407
1408
1408
1409
1410
1410
1411
1412
1412
1413
1413
1414
1415
1415
1416
1417
1417
1418
1419
1419
1420
1420
1421
1422
1422
1423
1424
1424
1425
1426
1426
1427
1427
1428
1429
1429
1430
1431
1431
1432
1433
1433
1434
1435
1435
1436
1436
1437
1438
1438
1439
1440
1440
1441
1442
1442
1443
1444
1444
1445
1446
1446
1447
1448
1448
1449
1449
1450
1451
1451
1452
1453
1453
1454
1455
1455
1456
1457
1457
1458
1459
1459
1460
1461
1461
1462
1463
1463
1464
1465
1465
1466
1467
1467
1468
1468
1469
1470
1470
1471
1472
1472
1473
1474
1474
1475
1476
1476
1477
1478
1478
1479
1480
1480
1481
1482
1482
1483
1484
1484
1485
1486
1486
1487
1488
1488
1489
1490
1490
1491
1492
1492
1493
1494
1494
1495
1496
1496
1497
1498
1499
1499
1500
1501
1501
1502
1503
1503
1504
1505
1505
1506
1507
1507
1508
1509
1509
1510
1511
1511
1512
1513
1513
1514
1515
1515
1516
1517
1518
1518
1519
1520
1520
1521
1522
1522
1523
1524
1524
1525
1526
1526
1527
1528
1528
1529
1530
1531
1531
1532
1533
1533
1534
1535
1535
1536
1537
1537
1538
1539
1540
1540
1541
1542
1542
1543
1544
1544
1545
1546
1546
1547
1548
1549
1549
1550
1551
1551
1552
1553
1553
1554
1555
1556
1556
1557
1558
1558
1559
1560
1560
1561
1562
1563
1563
1564
1565
1565
1566
1567
1567
1568
1569
1570
1570
1571
1572
1572
1573
1574
1575
1575
1576
1577
1577
1578
1579
1579
1580
1581
1582
1582
1583
1584
1584
1585
1586
1587
1587
1588
1589
1589
1590
1591
1592
1592
1593
1594
1594
1595
1596
1597
1597
1598
1599
1599
1600
1601
1602
1602
1603
1604
1605
1605
1606
1607
1607
1608
1609
1610
1610
1611
1612
1612
1613
1614
1615
1615
1616
1617
1618
1618
1619
1620
1620
1621
1622
1623
1623
1624
1625
1626
1626
1627
1628
1629
1629
1630
1631
1631
1632
1633
1634
1634
1635
1636
1637
1637
1638
1639
1640
1640
1641
1642
1643
1643
1644
1645
1645
1646
1647
1648
1648
1649
1650
1651
1651
1652
1653
1654
1654
1655
1656
1657
1657
1658
1659
1660
1660
1661
1662
1663
1663
1664
1665
1666
1666
1667
1668
1669
1669
1670
1671
1672
1672
1673
1674
1675
1675
1676
1677
1678
1678
1679
1680
1681
1681
1682
1683
1684
1684
1685
1686
1687
1687
1688
1689
1690
1690
1691
1692
1693
1694
1694
1695
1696
1697
1697
1698
1699
1700
1700
1701
1702
1703
1703
1704
1705
1706
1707
1707
1708
1709
1710
1710
1711
1712
1713
1713
1714
1715
1716
1717
1717
1718
1719
1720
1720
1721
1722
1723
1723
1724
1725
1726
1727
1727
1728
1729
1730
1730
1731
1732
1733
1734
1734
1735
1736
1737
1737
1738
1739
1740
1741
1741
1742
1743
1744
1745
1745
1746
1747
1748
1748
1749
1750
1751
1752
1752
1753
1754
1755
1756
1756
1757
1758
1759
1759
1760
1761
1762
1763
1763
1764
1765
1766
1767
1767
1768
1769
1770
1771
1771
1772
1773
1774
1775
1775
1776
1777
1778
1779
1779
1780
1781
1782
1783
1783
1784
1785
1786
1787
1787
1788
1789
1790
1791
1791
1792
1793
1794
1795
1795
1796
1797
1798
1799
1800
1800
1801
1802
1803
1804
1804
1805
1806
1807
1808
1808
1809
1810
1811
1812
1813
1813
1814
1815
1816
1817
1817
1818
1819
1820
1821
1821
1822
1823
1824
1825
1826
1826
1827
1828
1829
1830
1831
1831
1832
1833
1834
1835
1835
1836
1837
1838
1839
1840
1840
1841
1842
1843
1844
1845
1845
1846
1847
1848
1849
1850
1850
1851
1852
1853
1854
1855
1855
1856
1857
1858
1859
1860
1860
1861
1862
1863
1864
1865
1865
1866
1867
1868
1869
1870
1870
1871
1872
1873
1874
1875
1876
1876
1877
1878
1879
1880
1881
1881
1882
1883
1884
1885
1886
1887
1887
1888
1889
1890
1891
1892
1892
1893
1894
1895
1896
1897
1898
1898
1899
1900
1901
1902
1903
1904
1904
1905
1906
1907
1908
1909
1910
1910
1911
1912
1913
1914
1915
1916
1916
1917
1918
1919
1920
1921
1922
1922
1923
1924
1925
1926
1927
1928
1929
1929
1930
1931
1932
1933
1934
1935
1936
1936
1937
1938
1939
1940
1941
1942
1942
1943
1944
1945
1946
1947
1948
1949
1949
1950
1951
1952
1953
1954
1955
1956
1957
1957
1958
1959
1960
1961
1962
1963
1964
1964
1965
1966
1967
1968
1969
1970
1971
1972
1972
1973
1974
1975
1976
1977
1978
1979
1980
1980
1981
1982
1983
1984
1985
1986
1987
1988
1988
1989
1990
1991
1992
1993
1994
1995
1996
1997
1997
1998
1999
2000
2001
2002
2003
2004
2005
2006
2006
2007
2008
2009
2010
2011
2012
2013
2014
2015
2015
2016
2017
2018
2019
2020
2021
2022
2023
2024
2025
2025
2026
2027
2028
2029
2030
2031
2032
2033
2034
2035
2035
2036
2037
2038
2039
2040
2041
2042
2043
2044
2045
2046
2047
2047
2048
2049
2050
2051
2052
2053
2054
2055
2056
2057
2058
2059
2059
2060
2061
2062
2063
2064
2065
2066
2067
2068
2069
2070
2071
2072
2072
2073
2074
2075
2076
2077
2078
2079
2080
2081
2082
2083
2084
2085
2086
2086
2087
2088
2089
2090
2091
2092
2093
2094
2095
2096
2097
2098
2099
2100
2101
2102
2102
2103
2104
2105
2106
2107
2108
2109
2110
2111
2112
2113
2114
2115
2116
2117
2118
2119
2120
2121
2121
2122
2123
2124
2125
2126
2127
2128
2129
2130
2131
2132
2133
2134
2135
2136
2137
2138
2139
2140
2141
2142
2143
2144
2145
2145
2146
2147
2148
2149
2150
2151
2152
2153
2154
2155
2156
2157
2158
2159
2160
2161
2162
2163
2164
2165
2166
2167
2168
2169
2170
2171
2172
2173
2174
2175
2176
2177
2178
2179
2180
2180
2181
2182
2183
2184
2185
2186
2187
2188
2189
2190
2191
2192
2193
2194
2195
2196
2197
2198
2199
2200
2201
2202
2203
2204
2205
2206
2207
2208
2209
2210
2211
2212
2213
2214
2215
2216
2217
2218
2219
2220
2221
2222
2223
2224
2225
2226
2227
2228
2229
2230
2231
2232
2233
2234
2235
2236
2237
2238
2239
2240
2241
2242
2243
2244
2245
2246
2247
2248
2249
2250
2251
2252
2253
2254
2255
2256
2257
2258
2259
2260
2261
2262
2263
2264
2265
2266
2267
2269
2270
2271
2272
2273
2274
2275
2276
2277
2278
2279
2280
2281
2282
2283
2284
2285
2286
2287
2288
2289
2290
2291
2292
2293
2294
2295
2296
2297
2298
2299
2300
2301
2302
2303
2304
2306
2307
2308
2309
2310
2311
2312
2313
2314
2315
2316
2317
2318
2319
2320
2321
2322
2323
2324
2325
2326
2327
2328
2330
2331
2332
2333
2334
2335
2336
2337
2338
2339
2340
2341
2342
2343
2344
2345
2346
2347
2348
2349
2351
2352
2353
2354
2355
2356
2357
2358
2359
2360
2361
2362
2363
2364
2365
2366
2368
2369
2370
2371
2372
2373
2374
2375
2376
2377
2378
2379
2380
2381
2382
2384
2385
2386
2387
2388
2389
2390
2391
2392
2393
2394
2395
2396
2398
2399
2400
2401
2402
2403
2404
2405
2406
2407
2408
2409
2411
2412
2413
2414
2415
2416
2417
2418
2419
2420
2421
2422
2424
2425
2426
2427
2428
2429
2430
2431
2432
2433
2434
2436
2437
2438
2439
2440
2441
2442
2443
2444
2445
2447
2448
2449
2450
2451
2452
2453
2454
2455
2456
2458
2459
2460
2461
2462
2463
2464
2465
2466
2468
2469
2470
2471
2472
2473
2474
2475
2476
2478
2479
2480
2481
2482
2483
2484
2485
2486
2488
2489
2490
2491
2492
2493
2494
2495
2497
2498
2499
2500
2501
2502
2503
2504
2506
2507
2508
2509
2510
2511
2512
2513
2515
2516
2517
2518
2519
2520
2521
2523
2524
2525
2526
2527
2528
2529
2530
2532
2533
2534
2535
2536
2537
2538
2540
2541
2542
2543
2544
2545
2546
2548
2549
2550
2551
2552
2553
2554
2556
2557
2558
2559
2560
2561
2563
2564
2565
2566
2567
2568
2569
2571
2572
2573
2574
2575
2576
2578
2579
2580
2581
2582
2583
2585
2586
2587
2588
2589
2590
2592
2593
2594
2595
2596
2597
2599
2600
2601
2602
2603
2604
2606
2607
2608
2609
2610
2611
2613
2614
2615
2616
2617
2618
2620
2621
2622
2623
2624
2626
2627
2628
2629
2630
2631
2633
2634
2635
2636
2637
2639
2640
2641
2642
2643
2644
2646
2647
2648
2649
2650
2652
2653
2654
2655
2656
2658
2659
2660
2661
2662
2664
2665
2666
2667
2668
2670
2671
2672
2673
2674
2676
2677
2678
2679
2680
2682
2683
2684
2685
2686
2688
2689
2690
2691
2692
2694
2695
2696
2697
2699
2700
2701
2702
2703
2705
2706
2707
2708
2710
2711
2712
2713
2714
2716
2717
2718
2719
2720
2722
2723
2724
2725
2727
2728
2729
2730
2732
2733
2734
2735
2736
2738
2739
2740
2741
2743
2744
2745
2746
2748
2749
2750
2751
2752
2754
2755
2756
2757
2759
2760
2761
2762
2764
2765
2766
2767
2769
2770
2771
2772
2774
2775
2776
2777
2779
2780
2781
2782
2784
2785
2786
2787
2789
2790
2791
2792
2794
2795
2796
2797
2799
2800
2801
2802
2804
2805
2806
2807
2809
2810
2811
2813
2814
2815
2816
2818
2819
2820
2821
2823
2824
2825
2826
2828
2829
2830
2832
2833
2834
2835
2837
2838
2839
2841
2842
2843
2844
2846
2847
2848
2849
2851
2852
2853
2855
2856
2857
2858
2860
2861
2862
2864
2865
2866
2867
2869
2870
2871
2873
2874
2875
2877
2878
2879
2880
2882
2883
2884
2886
2887
2888
2889
2891
2892
2893
2895
2896
2897
2899
2900
2901
2903
2904
2905
2906
2908
2909
2910
2912
2913
2914
2916
2917
2918
2920
2921
2922
2923
2925
2926
2927
2929
2930
2931
2933
2934
2935
2937
2938
2939
2941
2942
2943
2945
2946
2947
2949
2950
2951
2953
2954
2955
2957
2958
2959
2960
2962
2963
2965
2966
2967
2969
2970
2971
2973
2974
2975
2977
2978
2979
2981
2982
2983
2985
2986
2987
2989
2990
2991
2993
2994
2995
2997
2998
2999
3001
3002
3003
3005
3006
3007
3009
3010
3012
3013
3014
3016
3017
3018
3020
3021
3022
3024
3025
3026
3028
3029
3031
3032
3033
3035
3036
3037
3039
3040
3041
3043
3044
3046
3047
3048
3050
3051
3052
3054
3055
3057
3058
3059
3061
3062
3063
3065
3066
3068
3069
3070
3072
3073
3074
3076
3077
3079
3080
3081
3083
3084
3086
3087
3088
3090
3091
3093
3094
3095
3097
3098
3099
3101
3102
3104
3105
3106
3108
3109
3111
3112
3113
3115
3116
3118
3119
3120
3122
3123
3125
3126
3127
3129
3130
3132
3133
3135
3136
3137
3139
3140
3142
3143
3144
3146
3147
3149
3150
3151
3153
3154
3156
3157
3159
3160
3161
3163
3164
3166
3167
3169
3170
3171
3173
3174
3176
3177
3179
3180
3181
3183
3184
3186
3187
3189
3190
3191
3193
3194
3196
3197
3199
3200
3201
3203
3204
3206
3207
3209
3210
3212
3213
3214
3216
3217
3219
3220
3222
3223
3225
3226
3227
3229
3230
3232
3233
3235
3236
3238
3239
3241
3242
3243
3245
3246
3248
3249
3251
3252
3254
3255
3257
3258
3260
3261
3263
3264
3265
3267
3268
3270
3271
3273
3274
3276
3277
3279
3280
3282
3283
3285
3286
3288
3289
3291
3292
3293
3295
3296
3298
3299
3301
3302
3304
3305
3307
3308
3310
3311
3313
3314
3316
3317
3319
3320
3322
3323
3325
3326
3328
3329
3331
3332
3334
3335
3337
3338
3340
3341
3343
3344
3346
3347
3349
3350
3352
3353
3355
3356
3358
3359
3361
3362
3364
3365
3367
3368
3370
3371
3373
3374
3376
3377
3379
3381
3382
3384
3385
3387
3388
3390
3391
3393
3394
3396
3397
3399
3400
3402
3403
3405
3406
3408
3410
3411
3413
3414
3416
3417
3419
3420
3422
3423
3425
3426
3428
3430
3431
3433
3434
3436
3437
3439
3440
3442
3443
3445
3447
3448
3450
3451
3453
3454
3456
3457
3459
3460
3462
3464
3465
3467
3468
3470
3471
3473
3475
3476
3478
3479
3481
3482
3484
3485
3487
3489
3490
3492
3493
3495
3496
3498
3500
3501
3503
3504
3506
3508
3509
3511
3512
3514
3515
3517
3519
3520
3522
3523
3525
3526
3528
3530
3531
3533
3534
3536
3538
3539
3541
3542
3544
3546
3547
3549
3550
3552
3554
3555
3557
3558
3560
3562
3563
3565
3566
3568
3570
3571
3573
3574
3576
3578
3579
3581
3582
3584
3586
3587
3589
3591
3592
3594
3595
3597
3599
3600
3602
3603
3605
3607
3608
3610
3612
3613
3615
3616
3618
3620
3621
3623
3625
3626
3628
3629
3631
3633
3634
3636
3638
3639
3641
3643
3644
3646
3647
3649
3651
3652
3654
3656
3657
3659
3661
3662
3664
3666
3667
3669
3670
3672
3674
3675
3677
3679
3680
3682
3684
3685
3687
3689
3690
3692
3694
3695
3697
3699
3700
3702
3704
3705
3707
3709
3710
3712
3714
3715
3717
3719
3720
3722
3724
3725
3727
3729
3730
3732
3734
3735
3737
3739
3740
3742
3744
3746
3747
3749
3751
3752
3754
3756
3757
3759
3761
3762
3764
3766
3768
3769
3771
3773
3774
3776
3778
3779
3781
3783
3784
3786
3788
3790
3791
3793
3795
3796
3798
3800
3802
3803
3805
3807
3808
3810
3812
3814
3815
3817
3819
3820
3822
3824
3826
3827
3829
3831
3832
3834
3836
3838
3839
3841
3843
3845
3846
3848
3850
3851
3853
3855
3857
3858
3860
3862
3864
3865
3867
3869
3871
3872
3874
3876
3878
3879
3881
3883
3884
3886
3888
3890
3891
3893
3895
3897
3898
3900
3902
3904
3906
3907
3909
3911
3913
3914
3916
3918
3920
3921
3923
3925
3927
3928
3930
3932
3934
3935
3937
3939
3941
3943
3944
3946
3948
3950
3951
3953
3955
3957
3959
3960
3962
3964
3966
3967
3969
3971
3973
3975
3976
3978
3980
3982
3984
3985
3987
3989
3991
3993
3994
3996
3998
4000
4002
4003
4005
4007
4009
4011
4012
4014
4016
4018
4020
4021
4023
4025
4027
4029
4030
4032
4034
4036
4038
4039
4041
4043
4045
4047
4049
4050
4052
4054
4056
4058
4060
4061
4063
4065
4067
4069
4070
4072
4074
4076
4078
4080
4081
4083
4085
4087
4089
4091
4093
4094
4096
4098
4100
4102
4104
4105
4107
4109
4111
4113
4115
4117
4118
4120
4122
4124
4126
4128
4129
4131
4133
4135
4137
4139
4141
4143
4144
4146
4148
4150
4152
4154
4156
4157
4159
4161
4163
4165
4167
4169
4171
4172
4174
4176
4178
4180
4182
4184
4186
4187
4189
4191
4193
4195
4197
4199
4201
4203
4204
4206
4208
4210
4212
4214
4216
4218
4220
4222
4223
4225
4227
4229
4231
4233
4235
4237
4239
4241
4242
4244
4246
4248
4250
4252
4254
4256
4258
4260
4262
4263
4265
4267
4269
4271
4273
4275
4277
4279
4281
4283
4285
4287
4288
4290
4292
4294
4296
4298
4300
4302
4304
4306
4308
4310
4312
4314
4316
4318
4319
4321
4323
4325
4327
4329
4331
4333
4335
4337
4339
4341
4343
4345
4347
4349
4351
4353
4355
4357
4358
4360
4362
4364
4366
4368
4370
4372
4374
4376
4378
4380
4382
4384
4386
4388
4390
4392
4394
4396
4398
4400
4402
4404
4406
4408
4410
4412
4414
4416
4418
4420
4422
4424
4426
4428
4430
4432
4434
4436
4438
4440
4442
4444
4446
4448
4450
4452
4454
4456
4458
4460
4462
4464
4466
4468
4470
4472
4474
4476
4478
4480
4482
4484
4486
4488
4490
4492
4494
4496
4498
4500
4502
4504
4506
4508
4510
4512
4514
4516
4518
4520
4522
4524
4526
4528
4530
4532
4534
4536
4538
4541
4543
4545
4547
4549
4551
4553
4555
4557
4559
4561
4563
4565
4567
4569
4571
4573
4575
4577
4580
4582
4584
4586
4588
4590
4592
4594
4596
4598
4600
4602
4604
4606
4608
4611
4613
4615
4617
4619
4621
4623
4625
4627
4629
4631
4633
4635
4638
4640
4642
4644
4646
4648
4650
4652
4654
4656
4658
4661
4663
4665
4667
4669
4671
4673
4675
4677
4679
4682
4684
4686
4688
4690
4692
4694
4696
4698
4701
4703
4705
4707
4709
4711
4713
4715
4717
4720
4722
4724
4726
4728
4730
4732
4734
4737
4739
4741
4743
4745
4747
4749
4752
4754
4756
4758
4760
4762
4764
4767
4769
4771
4773
4775
4777
4779
4782
4784
4786
4788
4790
4792
4794
4797
4799
4801
4803
4805
4807
4810
4812
4814
4816
4818
4820
4823
4825
4827
4829
4831
4833
4836
4838
4840
4842
4844
4846
4849
4851
4853
4855
4857
4860
4862
4864
4866
4868
4871
4873
4875
4877
4879
4882
4884
4886
4888
4890
4892
4895
4897
4899
4901
4904
4906
4908
4910
4912
4915
4917
4919
4921
4923
4926
4928
4930
4932
4934
4937
4939
4941
4943
4946
4948
4950
4952
4954
4957
4959
4961
4963
4966
4968
4970
4972
4975
4977
4979
4981
4984
4986
4988
4990
4993
4995
4997
4999
5001
5004
5006
5008
5011
5013
5015
5017
5020
5022
5024
5026
5029
5031
5033
5035
5038
5040
5042
5044
5047
5049
5051
5053
5056
5058
5060
5063
5065
5067
5069
5072
5074
5076
5079
5081
5083
5085
5088
5090
5092
5095
5097
5099
5101
5104
5106
5108
5111
5113
5115
5118
5120
5122
5124
5127
5129
5131
5134
5136
5138
5141
5143
5145
5148
5150
5152
5154
5157
5159
5161
5164
5166
5168
5171
5173
5175
5178
5180
5182
5185
5187
5189
5192
5194
5196
5199
5201
5203
5206
5208
5210
5213
5215
5217
5220
5222
5224
5227
5229
5232
5234
5236
5239
5241
5243
5246
5248
5250
5253
5255
5257
5260
5262
5265
5267
5269
5272
5274
5276
5279
5281
5284
5286
5288
5291
5293
5295
5298
5300
5303
5305
5307
5310
5312
5315
5317
5319
5322
5324
5327
5329
5331
5334
5336
5339
5341
5343
5346
5348
5351
5353
5355
5358
5360
5363
5365
5367
5370
5372
5375
5377
5379
5382
5384
5387
5389
5392
5394
5396
5399
5401
5404
5406
5409
5411
5413
5416
5418
5421
5423
5426
5428
5431
5433
5435
5438
5440
5443
5445
5448
5450
5453
5455
5457
5460
5462
5465
5467
5470
5472
5475
5477
5480
5482
5485
5487
5489
5492
5494
5497
5499
5502
5504
5507
5509
5512
5514
5517
5519
5522
5524
5527
5529
5532
5534
5537
5539
5542
5544
5547
5549
5552
5554
5557
5559
5562
5564
5567
5569
5572
5574
5577
5579
5582
5584
5587
5589
5592
5594
5597
5599
5602
5604
5607
5609
5612
5614
5617
5619
5622
5624
5627
5629
5632
5635
5637
5640
5642
5645
5647
5650
5652
5655
5657
5660
5662
5665
5668
5670
5673
5675
5678
5680
5683
5685
5688
5691
5693
5696
5698
5701
5703
5706
5709
5711
5714
5716
5719
5721
5724
5726
5729
5732
5734
5737
5739
5742
5745
5747
5750
5752
5755
5757
5760
5763
5765
5768
5770
5773
5776
5778
5781
5783
5786
5789
5791
5794
5796
5799
5802
5804
5807
5810
5812
5815
5817
5820
5823
5825
5828
5830
5833
5836
5838
5841
5844
5846
5849
5851
5854
5857
5859
5862
5865
5867
5870
5873
5875
5878
5880
5883
5886
5888
5891
5894
5896
5899
5902
5904
5907
5910
5912
5915
5918
5920
5923
5926
5928
5931
5934
5936
5939
5942
5944
5947
5950
5952
5955
5958
5960
5963
5966
5968
5971
5974
5976
5979
5982
5985
5987
5990
5993
5995
5998
6001
6003
6006
6009
6011
6014
6017
6020
6022
6025
6028
6030
6033
6036
6039
6041
6044
6047
6049
6052
6055
6058
6060
6063
6066
6069
6071
6074
6077
6079
6082
6085
6088
6090
6093
6096
6099
6101
6104
6107
6110
6112
6115
6118
6121
6123
6126
6129
6132
6134
6137
6140
6143
6145
6148
6151
6154
6157
6159
6162
6165
6168
6170
6173
6176
6179
6181
6184
6187
6190
6193
6195
6198
6201
6204
6207
6209
6212
6215
6218
6221
6223
6226
6229
6232
6235
6237
6240
6243
6246
6249
6251
6254
6257
6260
6263
6265
6268
6271
6274
6277
6280
6282
6285
6288
6291
6294
6297
6299
6302
6305
6308
6311
6314
6316
6319
6322
6325
6328
6331
6333
6336
6339
6342
6345
6348
6351
6353
6356
6359
6362
6365
6368
6371
6373
6376
6379
6382
6385
6388
6391
6394
6396
6399
6402
6405
6408
6411
6414
6417
6419
6422
6425
6428
6431
6434
6437
6440
6443
6445
6448
6451
6454
6457
6460
6463
6466
6469
6472
6475
6477
6480
6483
6486
6489
6492
6495
6498
6501
6504
6507
6510
6513
6515
6518
6521
6524
6527
6530
6533
6536
6539
6542
6545
6548
6551
6554
6557
6560
6562
6565
6568
6571
6574
6577
6580
6583
6586
6589
6592
6595
6598
6601
6604
6607
6610
6613
6616
6619
6622
6625
6628
6631
6634
6637
6640
6643
6646
6649
6652
6655
6658
6661
6664
6667
6670
6673
6676
6679
6682
6685
6688
6691
6694
6697
6700
6703
6706
6709
6712
6715
6718
6721
6724
6727
6730
6733
6736
6739
6742
6745
6748
6751
6754
6757
6760
6763
6766
6769
6772
6775
6778
6782
6785
6788
6791
6794
6797
6800
6803
6806
6809
6812
6815
6818
6821
6824
6827
6830
6834
6837
6840
6843
6846
6849
6852
6855
6858
6861
6864
6867
6871
6874
6877
6880
6883
6886
6889
6892
6895
6898
6902
6905
6908
6911
6914
6917
6920
6923
6926
6929
6933
6936
6939
6942
6945
6948
6951
6954
6958
6961
6964
6967
6970
6973
6976
6980
6983
6986
6989
6992
6995
6998
7002
7005
7008
7011
7014
7017
7020
7024
7027
7030
7033
7036
7039
7043
7046
7049
7052
7055
7058
7062
7065
7068
7071
7074
7078
7081
7084
7087
7090
7093
7097
7100
7103
7106
7109
7113
7116
7119
7122
7125
7129
7132
7135
7138
7141
7145
7148
7151
7154
7158
7161
7164
7167
7170
7174
7177
7180
7183
7187
7190
7193
7196
7200
7203
7206
7209
7212
7216
7219
7222
7225
7229
7232
7235
7238
7242
7245
7248
7252
7255
7258
7261
7265
7268
7271
7274
7278
7281
7284
7287
7291
7294
7297
7301
7304
7307
7310
7314
7317
7320
7324
7327
7330
7334
7337
7340
7343
7347
7350
7353
7357
7360
7363
7367
7370
7373
7377
7380
7383
7386
7390
7393
7396
7400
7403
7406
7410
7413
7416
7420
7423
7426
7430
7433
7436
7440
7443
7446
7450
7453
7457
7460
7463
7467
7470
7473
7477
7480
7483
7487
7490
7494
7497
7500
7504
7507
7510
7514
7517
7521
7524
7527
7531
7534
7537
7541
7544
7548
7551
7554
7558
7561
7565
7568
7571
7575
7578
7582
7585
7588
7592
7595
7599
7602
7606
7609
7612
7616
7619
7623
7626
7630
7633
7636
7640
7643
7647
7650
7654
7657
7660
7664
7667
7671
7674
7678
7681
7685
7688
7692
7695
7698
7702
7705
7709
7712
7716
7719
7723
7726
7730
7733
7737
7740
7744
7747
7751
7754
7758
7761
7765
7768
7772
7775
7779
7782
7786
7789
7793
7796
7800
7803
7807
7810
7814
7817
7821
7824
7828
7831
7835
7838
7842
7845
7849
7852
7856
7859
7863
7866
7870
7874
7877
7881
7884
7888
7891
7895
7898
7902
7905
7909
7913
7916
7920
7923
7927
7930
7934
7938
7941
7945
7948
7952
7955
7959
7963
7966
7970
7973
7977
7980
7984
7988
7991
7995
7998
8002
8006
8009
8013
8016
8020
8024
8027
8031
8035
8038
8042
8045
8049
8053
8056
8060
8063
8067
8071
8074
8078
8082
8085
8089
8093
8096
8100
8103
8107
8111
8114
8118
8122
8125
8129
8133
8136
8140
8144
8147
8151
8155
8158
8162
8166
8169
8173
8177
8180
8184
8188
8191
8195
8199
8202
8206
8210
8214
8217
8221
8225
8228
8232
8236
8239
8243
8247
8251
8254
8258
8262
8265
8269
8273
8277
8280
8284
8288
8291
8295
8299
8303
8306
8310
8314
8318
8321
8325
8329
8333
8336
8340
8344
8348
8351
8355
8359
8363
8366
8370
8374
8378
8381
8385
8389
8393
8397
8400
8404
8408
8412
8415
8419
8423
8427
8431
8434
8438
8442
8446
8450
8453
8457
8461
8465
8469
8472
8476
8480
8484
8488
8491
8495
8499
8503
8507
8511
8514
8518
8522
8526
8530
8534
8537
8541
8545
8549
8553
8557
8560
8564
8568
8572
8576
8580
8584
8587
8591
8595
8599
8603
8607
8611
8615
8618
8622
8626
8630
8634
8638
8642
8646
8649
8653
8657
8661
8665
8669
8673
8677
8681
8685
8688
8692
8696
8700
8704
8708
8712
8716
8720
8724
8728
8732
8735
8739
8743
8747
8751
8755
8759
8763
8767
8771
8775
8779
8783
8787
8791
8795
8799
8803
8807
8810
8814
8818
8822
8826
8830
8834
8838
8842
8846
8850
8854
8858
8862
8866
8870
8874
8878
8882
8886
8890
8894
8898
8902
8906
8910
8914
8918
8922
8926
8930
8934
8938
8942
8946
8950
8954
8958
8962
8966
8970
8974
8978
8982
8987
8991
8995
8999
9003
9007
9011
9015
9019
9023
9027
9031
9035
9039
9043
9047
9051
9056
9060
9064
9068
9072
9076
9080
9084
9088
9092
9096
9100
9105
9109
9113
9117
9121
9125
9129
9133
9137
9141
9146
9150
9154
9158
9162
9166
9170
9174
9178
9183
9187
9191
9195
9199
9203
9207
9212
9216
9220
9224
9228
9232
9236
9241
9245
9249
9253
9257
9261
9266
9270
9274
9278
9282
9286
9291
9295
9299
9303
9307
9312
9316
9320
9324
9328
9332
9337
9341
9345
9349
9354
9358
9362
9366
9370
9375
9379
9383
9387
9391
9396
9400
9404
9408
9413
9417
9421
9425
9430
9434
9438
9442
9447
9451
9455
9459
9464
9468
9472
9476
9481
9485
9489
9493
9498
9502
9506
9510
9515
9519
9523
9528
9532
9536
9540
9545
9549
9553
9558
9562
9566
9571
9575
9579
9583
9588
9592
9596
9601
9605
9609
9614
9618
9622
9627
9631
9635
9640
9644
9648
9653
9657
9661
9666
9670
9674
9679
9683
9687
9692
9696
9701
9705
9709
9714
9718
9722
9727
9731
9735
9740
9744
9749
9753
9757
9762
9766
9771
9775
9779
9784
9788
9793
9797
9801
9806
9810
9815
9819
9823
9828
9832
9837
9841
9846
9850
9854
9859
9863
9868
9872
9877
9881
9886
9890
9894
9899
9903
9908
9912
9917
9921
9926
9930
9935
9939
9943
9948
9952
9957
9961
9966
9970
9975
9979
9984
9988
9993
9997
10002
10006
10011
10015
10020
10024
10029
10033
10038
10042
10047
10051
10056
10060
10065
10069
10074
10079
10083
10088
10092
10097
10101
10106
10110
10115
10119
10124
10129
10133
10138
10142
10147
10151
10156
10160
10165
10170
10174
10179
10183
10188
10192
10197
10202
10206
10211
10215
10220
10225
10229
10234
10238
10243
10248
10252
10257
10261
10266
10271
10275
10280
10285
10289
10294
10298
10303
10308
10312
10317
10322
10326
10331
10336
10340
10345
10350
10354
10359
10364
10368
10373
10377
10382
10387
10391
10396
10401
10406
10410
10415
10420
10424
10429
10434
10438
10443
10448
10452
10457
10462
10467
10471
10476
10481
10485
10490
10495
10500
10504
10509
10514
10518
10523
10528
10533
10537
10542
10547
10552
10556
10561
10566
10571
10575
10580
10585
10590
10594
10599
10604
10609
10613
10618
10623
10628
10633
10637
10642
10647
10652
10657
10661
10666
10671
10676
10680
10685
10690
10695
10700
10705
10709
10714
10719
10724
10729
10733
10738
10743
10748
10753
10758
10762
10767
10772
10777
10782
10787
10792
10796
10801
10806
10811
10816
10821
10826
10830
10835
10840
10845
10850
10855
10860
10865
10869
10874
10879
10884
10889
10894
10899
10904
10909
10914
10918
10923
10928
10933
10938
10943
10948
10953
10958
10963
10968
10973
10978
10983
10987
10992
10997
11002
11007
11012
11017
11022
11027
11032
11037
11042
11047
11052
11057
11062
11067
11072
11077
11082
11087
11092
11097
11102
11107
11112
11117
11122
11127
11132
11137
11142
11147
11152
11157
11162
11167
11172
11177
11182
11187
11192
11197
11202
11207
11212
11217
11222
11227
11232
11237
11242
11247
11252
11258
11263
11268
11273
11278
11283
11288
11293
11298
11303
11308
11313
11318
11324
11329
11334
11339
11344
11349
11354
11359
11364
11369
11375
11380
11385
11390
11395
11400
11405
11410
11416
11421
11426
11431
11436
11441
11446
11452
11457
11462
11467
11472
11477
11483
11488
11493
11498
11503
11508
11514
11519
11524
11529
11534
11539
11545
11550
11555
11560
11565
11571
11576
11581
11586
11591
11597
11602
11607
11612
11618
11623
11628
11633
11638
11644
11649
11654
11659
11665
11670
11675
11680
11686
11691
11696
11701
11707
11712
11717
11723
11728
11733
11738
11744
11749
11754
11760
11765
11770
11775
11781
11786
11791
11797
11802
11807
11813
11818
11823
11828
11834
11839
11844
11850
11855
11860
11866
11871
11876
11882
11887
11892
11898
11903
11909
11914
11919
11925
11930
11935
11941
11946
11951
11957
11962
11968
11973
11978
11984
11989
11995
12000
12005
12011
12016
12022
12027
12032
12038
12043
12049
12054
12059
12065
12070
12076
12081
12087
12092
12097
12103
12108
12114
12119
12125
12130
12136
12141
12147
12152
12157
12163
12168
12174
12179
12185
12190
12196
12201
12207
12212
12218
12223
12229
12234
12240
12245
12251
12256
12262
12267
12273
12278
12284
12289
12295
12300
12306
12312
12317
12323
12328
12334
12339
12345
12350
12356
12361
12367
12373
12378
12384
12389
12395
12400
12406
12412
12417
12423
12428
12434
12439
12445
12451
12456
12462
12468
12473
12479
12484
12490
12496
12501
12507
12512
12518
12524
12529
12535
12541
12546
12552
12558
12563
12569
12574
12580
12586
12591
12597
12603
12608
12614
12620
12625
12631
12637
12643
12648
12654
12660
12665
12671
12677
12682
12688
12694
12700
12705
12711
12717
12722
12728
12734
12740
12745
12751
12757
12762
12768
12774
12780
12785
12791
12797
12803
12809
12814
12820
12826
12832
12837
12843
12849
12855
12860
12866
12872
12878
12884
12889
12895
12901
12907
12913
12918
12924
12930
12936
12942
12948
12953
12959
12965
12971
12977
12982
12988
12994
13000
13006
13012
13018
13023
13029
13035
13041
13047
13053
13059
13064
13070
13076
13082
13088
13094
13100
13106
13112
13117
13123
13129
13135
13141
13147
13153
13159
13165
13171
13177
13183
13188
13194
13200
13206
13212
13218
13224
13230
13236
13242
13248
13254
13260
13266
13272
13278
13284
13290
13296
13302
13308
13314
13320
13326
13332
13338
13344
13350
13356
13362
13368
13374
13380
13386
13392
13398
13404
13410
13416
13422
13428
13434
13440
13446
13452
13458
13464
13470
13476
13482
13488
13494
13501
13507
13513
13519
13525
13531
13537
13543
13549
13555
13561
13567
13574
13580
13586
13592
13598
13604
13610
13616
13622
13629
13635
13641
13647
13653
13659
13665
13672
13678
13684
13690
13696
13702
13709
13715
13721
13727
13733
13739
13746
13752
13758
13764
13770
13776
13783
13789
13795
13801
13808
13814
13820
13826
13832
13839
13845
13851
13857
13864
13870
13876
13882
13888
13895
13901
13907
13913
13920
13926
13932
13939
13945
13951
13957
13964
13970
13976
13982
13989
13995
14001
14008
14014
14020
14027
14033
14039
14046
14052
14058
14064
14071
14077
14083
14090
14096
14102
14109
14115
14122
14128
14134
14141
14147
14153
14160
14166
14172
14179
14185
14192
14198
14204
14211
14217
14223
14230
14236
14243
14249
14256
14262
14268
14275
14281
14288
14294
14300
14307
14313
14320
14326
14333
14339
14346
14352
14358
14365
14371
14378
14384
14391
14397
14404
14410
14417
14423
14430
14436
14443
14449
14456
14462
14469
14475
14482
14488
14495
14501
14508
14514
14521
14527
14534
14540
14547
14553
14560
14567
14573
14580
14586
14593
14599
14606
14613
14619
14626
14632
14639
14645
14652
14659
14665
14672
14678
14685
14692
14698
14705
14711
14718
14725
14731
14738
14745
14751
14758
14764
14771
14778
14784
14791
14798
14804
14811
14818
14824
14831
14838
14844
14851
14858
14864
14871
14878
14884
14891
14898
14905
14911
14918
14925
14931
14938
14945
14952
14958
14965
14972
14978
14985
14992
14999
15005
15012
15019
15026
15032
15039
15046
15053
15060
15066
15073
15080
15087
15093
15100
15107
15114
15121
15127
15134
15141
15148
15155
15161
15168
15175
15182
15189
15196
15202
15209
15216
15223
15230
15237
15244
15250
15257
15264
15271
15278
15285
15292
15298
15305
15312
15319
15326
15333
15340
15347
15354
15360
15367
15374
15381
15388
15395
15402
15409
15416
15423
15430
15437
15444
15451
15457
15464
15471
15478
15485
15492
15499
15506
15513
15520
15527
15534
15541
15548
15555
15562
15569
15576
15583
15590
15597
15604
15611
15618
15625
15632
15639
15646
15653
15660
15667
15674
15682
15689
15696
15703
15710
15717
15724
15731
15738
15745
15752
15759
15766
15773
15781
15788
15795
15802
15809
15816
15823
15830
15837
15845
15852
15859
15866
15873
15880
15887
15895
15902
15909
15916
15923
15930
15937
15945
15952
15959
15966
15973
15981
15988
15995
16002
16009
16017
16024
16031
16038
16045
16053
16060
16067
16074
16082
16089
16096
16103
16110
16118
16125
16132
16139
16147
16154
16161
16169
16176
16183
16190
16198
16205
16212
16219
16227
16234
16241
16249
16256
16263
16271
16278
16285
16293
16300
16307
16315
16322
16329
16337
16344
16351
16359
16366
16373
16381
16388
16395
16403
16410
16418
16425
16432
16440
16447
16455
16462
16469
16477
16484
16492
16499
16507
16514
16521
16529
16536
16544
16551
16559
16566
16573
16581
16588
16596
16603
16611
16618
16626
16633
16641
16648
16656
16663
16671
16678
16686
16693
16701
16708
16716
16723
16731
16738
16746
16753
16761
16768
16776
16783
16791
16799
16806
16814
16821
16829
16836
16844
16852
16859
16867
16874
16882
16889
16897
16905
16912
16920
16927
16935
16943
16950
16958
16966
16973
16981
16988
16996
17004
17011
17019
17027
17034
17042
17050
17057
17065
17073
17080
17088
17096
17103
17111
17119
17127
17134
17142
17150
17157
17165
17173
17181
17188
17196
17204
17211
17219
17227
17235
17243
17250
17258
17266
17274
17281
17289
17297
17305
17312
17320
17328
17336
17344
17351
17359
17367
17375
17383
17390
17398
17406
17414
17422
17430
17437
17445
17453
17461
17469
17477
17485
17492
17500
17508
17516
17524
17532
17540
17548
17555
17563
17571
17579
17587
17595
17603
17611
17619
17627
17635
17643
17650
17658
17666
17674
17682
17690
17698
17706
17714
17722
17730
17738
17746
17754
17762
17770
17778
17786
17794
17802
17810
17818
17826
17834
17842
17850
17858
17866
17874
17882
17890
17898
17906
17914
17922
17931
17939
17947
17955
17963
17971
17979
17987
17995
18003
18011
18019
18028
18036
18044
18052
18060
18068
18076
18084
18093
18101
18109
18117
18125
18133
18141
18150
18158
18166
18174
18182
18190
18199
18207
18215
18223
18231
18240
18248
18256
18264
18272
18281
18289
18297
18305
18314
18322
18330
18338
18346
18355
18363
18371
18380
18388
18396
18404
18413
18421
18429
18437
18446
18454
18462
18471
18479
18487
18496
18504
18512
18521
18529
18537
18546
18554
18562
18571
18579
18587
18596
18604
18612
18621
18629
18638
18646
18654
18663
18671
18680
18688
18696
18705
18713
18722
18730
18738
18747
18755
18764
18772
18781
18789
18798
18806
18814
18823
18831
18840
18848
18857
18865
18874
18882
18891
18899
18908
18916
18925
18933
18942
18950
18959
18967
18976
18984
18993
19002
19010
19019
19027
19036
19044
19053
19061
19070
19079
19087
19096
19104
19113
19122
19130
19139
19147
19156
19165
19173
19182
19190
19199
19208
19216
19225
19234
19242
19251
19260
19268
19277
19286
19294
19303
19312
19320
19329
19338
19346
19355
19364
19372
19381
19390
19399
19407
19416
19425
19434
19442
19451
19460
19469
19477
19486
19495
19504
19512
19521
19530
19539
19548
19556
19565
19574
19583
19592
19600
19609
19618
19627
19636
19645
19653
19662
19671
19680
19689
19698
19706
19715
19724
19733
19742
19751
19760
19769
19777
19786
19795
19804
19813
19822
19831
19840
19849
19858
19867
19876
19884
19893
19902
19911
19920
19929
19938
19947
19956
19965
19974
19983
19992
20001
20010
20019
20028
20037
20046
20055
20064
20073
20082
20091
20100
20109
20118
20127
20136
20145
20155
20164
20173
20182
20191
20200
20209
20218
20227
20236
20245
20255
20264
20273
20282
20291
20300
20309
20318
20328
20337
20346
20355
20364
20373
20382
20392
20401
20410
20419
20428
20438
20447
20456
20465
20474
20484
20493
20502
20511
20520
20530
20539
20548
20557
20567
20576
20585
20594
20604
20613
20622
20631
20641
20650
20659
20669
20678
20687
20696
20706
20715
20724
20734
20743
20752
20762
20771
20780
20790
20799
20808
20818
20827
20837
20846
20855
20865
20874
20883
20893
20902
20912
20921
20931
20940
20949
20959
20968
20978
20987
20996
21006
21015
21025
21034
21044
21053
21063
21072
21082
21091
21101
21110
21120
21129
21139
21148
21158
21167
21177
21186
21196
21205
21215
21224
21234
21243
21253
21263
21272
21282
21291
21301
21310
21320
21330
21339
21349
21358
21368
21378
21387
21397
21407
21416
21426
21435
21445
21455
21464
21474
21484
21493
21503
21513
21522
21532
21542
21551
21561
21571
21580
21590
21600
21610
21619
21629
21639
21649
21658
21668
21678
21687
21697
21707
21717
21727
21736
21746
21756
21766
21775
21785
21795
21805
21815
21824
21834
21844
21854
21864
21874
21883
21893
21903
21913
21923
21933
21943
21952
21962
21972
21982
21992
22002
22012
22022
22032
22041
22051
22061
22071
22081
22091
22101
22111
22121
22131
22141
22151
22161
22171
22181
22191
22201
22211
22221
22231
22241
22251
22261
22271
22281
22291
22301
22311
22321
22331
22341
22351
22361
22371
22381
22391
22401
22411
22421
22431
22442
22452
22462
22472
22482
22492
22502
22512
22522
22533
22543
22553
22563
22573
22583
22593
22604
22614
22624
22634
22644
22655
22665
22675
22685
22695
22706
22716
22726
22736
22746
22757
22767
22777
22787
22798
22808
22818
22828
22839
22849
22859
22870
22880
22890
22900
22911
22921
22931
22942
22952
22962
22973
22983
22993
23004
23014
23024
23035
23045
23055
23066
23076
23087
23097
23107
23118
23128
23138
23149
23159
23170
23180
23191
23201
23211
23222
23232
23243
23253
23264
23274
23285
23295
23306
23316
23327
23337
23348
23358
23369
23379
23390
23400
23411
23421
23432
23442
23453
23463
23474
23484
23495
23506
23516
23527
23537
23548
23558
23569
23580
23590
23601
23612
23622
23633
23643
23654
23665
23675
23686
23697
23707
23718
23729
23739
23750
23761
23771
23782
23793
23803
23814
23825
23836
23846
23857
23868
23878
23889
23900
23911
23921
23932
23943
23954
23965
23975
23986
23997
24008
24018
24029
24040
24051
24062
24072
24083
24094
24105
24116
24127
24138
24148
24159
24170
24181
24192
24203
24214
24225
24235
24246
24257
24268
24279
24290
24301
24312
24323
24334
24345
24356
24367
24378
24389
24400
24411
24421
24432
24443
24454
24465
24476
24487
24498
24510
24521
24532
24543
24554
24565
24576
24587
24598
24609
24620
24631
24642
24653
24664
24675
24687
24698
24709
24720
24731
24742
24753
24764
24775
24787
24798
24809
24820
24831
24842
24854
24865
24876
24887
24898
24910
24921
24932
24943
24954
24966
24977
24988
24999
25011
25022
25033
25044
25056
25067
25078
25089
25101
25112
25123
25135
25146
25157
25169
25180
25191
25203
25214
25225
25237
25248
25259
25271
25282
25293
25305
25316
25328
25339
25350
25362
25373
25384
25396
25407
25419
25430
25442
25453
25465
25476
25487
25499
25510
25522
25533
25545
25556
25568
25579
25591
25602
25614
25625
25637
25648
25660
25671
25683
25695
25706
25718
25729
25741
25752
25764
25776
25787
25799
25810
25822
25834
25845
25857
25869
25880
25892
25903
25915
25927
25938
25950
25962
25973
25985
25997
26009
26020
26032
26044
26055
26067
26079
26090
26102
26114
26126
26138
26149
26161
26173
26185
26196
26208
26220
26232
26243
26255
26267
26279
26291
26303
26314
26326
26338
26350
26362
26374
26385
26397
26409
26421
26433
26445
26457
26469
26481
26493
26504
26516
26528
26540
26552
26564
26576
26588
26600
26612
26624
26636
26648
26660
26672
26684
26696
26708
26720
26732
26744
26756
26768
26780
26792
26804
26816
26828
26840
26852
26864
26877
26889
26901
26913
26925
26937
26949
26961
26973
26986
26998
27010
27022
27034
27046
27058
27071
27083
27095
27107
27119
27132
27144
27156
27168
27180
27193
27205
27217
27229
27242
27254
27266
27278
27291
27303
27315
27328
27340
27352
27364
27377
27389
27401
27414
27426
27438
27451
27463
27475
27488
27500
27512
27525
27537
27550
27562
27574
27587
27599
27612
27624
27637
27649
27661
27674
27686
27699
27711
27724
27736
27749
27761
27774
27786
27799
27811
27824
27836
27849
27861
27874
27886
27899
27911
27924
27936
27949
27962
27974
27987
27999
28012
28024
28037
28050
28062
28075
28088
28100
28113
28125
28138
28151
28163
28176
28189
28201
28214
28227
28240
28252
28265
28278
28290
28303
28316
28329
28341
28354
28367
28380
28392
28405
28418
28431
28443
28456
28469
28482
28495
28508
28520
28533
28546
28559
28572
28585
28597
28610
28623
28636
28649
28662
28675
28688
28701
28713
28726
28739
28752
28765
28778
28791
28804
28817
28830
28843
28856
28869
28882
28895
28908
28921
28934
28947
28960
28973
28986
28999
29012
29025
29038
29051
29064
29077
29090
29103
29116
29130
29143
29156
29169
29182
29195
29208
29221
29235
29248
29261
29274
29287
29300
29314
29327
29340
29353
29366
29380
29393
29406
29419
29432
29446
29459
29472
29485
29499
29512
29525
29539
29552
29565
29578
29592
29605
29618
29632
29645
29658
29672
29685
29698
29712
29725
29738
29752
29765
29779
29792
29805
29819
29832
29846
29859
29872
29886
29899
29913
29926
29940
29953
29967
29980
29994
30007
30021
30034
30048
30061
30075
30088
30102
30115
30129
30142
30156
30170
30183
30197
30210
30224
30237
30251
30265
30278
30292
30306
30319
30333
30346
30360
30374
30387
30401
30415
30428
30442
30456
30470
30483
30497
30511
30524
30538
30552
30566
30579
30593
30607
30621
30634
30648
30662
30676
30690
30703
30717
30731
30745
30759
30773
30786
30800
30814
30828
30842
30856
30869
30883
30897
30911
30925
30939
30953
30967
30981
30995
31009
31023
31036
31050
31064
31078
31092
31106
31120
31134
31148
31162
31176
31190
31204
31218
31233
31247
31261
31275
31289
31303
31317
31331
31345
31359
31373
31387
31402
31416
31430
31444
31458
31472
31486
31501
31515
31529
31543
31557
31571
31586
31600
31614
31628
31643
31657
31671
31685
31700
31714
31728
31742
31757
31771
31785
31800
31814
31828
31842
31857
31871
31885
31900
31914
31928
31943
31957
31972
31986
32000
32015
32029
32044
32058
32072
32087
32101
32116
32130
32145
32159
32174
32188
32202
32217
32231
32246
32260
32275
32289
32304
32319
32333
32348
32362
32377
32391
32406
32420
32435
32450
32464
32479
32493
32508
32523
32537
32552
32567
32581
32596
32610
32625
32640
32655
32669
32684
32699
32713
32728
32743
32757
32772
32787
32802
32817
32831
32846
32861
32876
32890
32905
32920
32935
32950
32964
32979
32994
33009
33024
33039
33054
33068
33083
33098
33113
33128
33143
33158
33173
33188
33203
33217
33232
33247
33262
33277
33292
33307
33322
33337
33352
33367
33382
33397
33412
33427
33442
33457
33472
33487
33502
33518
33533
33548
33563
33578
33593
33608
33623
33638
33653
33669
33684
33699
33714
33729
33744
33760
33775
33790
33805
33820
33836
33851
33866
33881
33896
33912
33927
33942
33958
33973
33988
34003
34019
34034
34049
34065
34080
34095
34111
34126
34141
34157
34172
34187
34203
34218
34233
34249
34264
34280
34295
34311
34326
34341
34357
34372
34388
34403
34419
34434
34450
34465
34481
34496
34512
34527
34543
34558
34574
34589
34605
34621
34636
34652
34667
34683
34699
34714
34730
34745
34761
34777
34792
34808
34824
34839
34855
34871
34886
34902
34918
34933
34949
34965
34980
34996
35012
35028
35044
35059
35075
35091
35107
35122
35138
35154
35170
35186
35201
35217
35233
35249
35265
35281
35297
35312
35328
35344
35360
35376
35392
35408
35424
35440
35456
35472
35488
35504
35519
35535
35551
35567
35583
35600
35616
35632
35648
35664
35680
35696
35712
35728
35744
35760
35776
35792
35808
35824
35840
35857
35873
35889
35905
35921
35937
35953
35970
35986
36002
36018
36034
36051
36067
36083
36099
36115
36132
36148
36164
36181
36197
36213
36229
36246
36262
36278
36295
36311
36327
36344
36360
36376
36393
36409
36425
36442
36458
36475
36491
36507
36524
36540
36557
36573
36590
36606
36623
36639
36656
36672
36688
36705
36721
36738
36755
36771
36788
36804
36821
36837
36854
36870
36887
36904
36920
36937
36953
36970
36987
37003
37020
37037
37053
37070
37087
37103
37120
37137
37153
37170
37187
37204
37220
37237
37254
37271
37287
37304
37321
37338
37354
37371
37388
37405
37422
37439
37455
37472
37489
37506
37523
37540
37557
37573
37590
37607
37624
37641
37658
37675
37692
37709
37726
37743
37760
37777
37794
37811
37828
37845
37862
37879
37896
37913
37930
37947
37964
37981
37998
38015
38033
38050
38067
38084
38101
38118
38135
38152
38170
38187
38204
38221
38238
38256
38273
38290
38307
38324
38342
38359
38376
38393
38411
38428
38445
38463
38480
38497
38514
38532
38549
38566
38584
38601
38619
38636
38653
38671
38688
38705
38723
38740
38758
38775
38793
38810
38827
38845
38862
38880
38897
38915
38932
38950
38967
38985
39002
39020
39038
39055
39073
39090
39108
39125
39143
39161
39178
39196
39214
39231
39249
39267
39284
39302
39320
39337
39355
39373
39390
39408
39426
39443
39461
39479
39497
39515
39532
39550
39568
39586
39603
39621
39639
39657
39675
39693
39710
39728
39746
39764
39782
39800
39818
39836
39854
39872
39889
39907
39925
39943
39961
39979
39997
40015
40033
40051
40069
40087
40105
40123
40141
40159
40178
40196
40214
40232
40250
40268
40286
40304
40322
40340
40359
40377
40395
40413
40431
40449
40468
40486
40504
40522
40541
40559
40577
40595
40614
40632
40650
40668
40687
40705
40723
40742
40760
40778
40797
40815
40833
40852
40870
40888
40907
40925
40944
40962
40980
40999
41017
41036
41054
41073
41091
41110
41128
41147
41165
41184
41202
41221
41239
41258
41276
41295
41314
41332
41351
41369
41388
41407
41425
41444
41462
41481
41500
41518
41537
41556
41574
41593
41612
41631
41649
41668
41687
41706
41724
41743
41762
41781
41799
41818
41837
41856
41875
41894
41912
41931
41950
41969
41988
42007
42026
42044
42063
42082
42101
42120
42139
42158
42177
42196
42215
42234
42253
42272
42291
42310
42329
42348
42367
42386
42405
42424
42443
42463
42482
42501
42520
42539
42558
42577
42597
42616
42635
42654
42673
42692
42711
42731
42750
42769
42788
42808
42827
42846
42866
42885
42904
42923
42943
42962
42981
43001
43020
43039
43059
43078
43097
43117
43136
43156
43175
43194
43214
43233
43253
43272
43292
43311
43331
43350
43370
43389
43409
43428
43448
43467
43487
43506
43526
43546
43565
43585
43604
43624
43644
43663
43683
43702
43722
43742
43762
43781
43801
43821
43840
43860
43880
43899
43919
43939
43959
43979
43998
44018
44038
44058
44078
44097
44117
44137
44157
44177
44197
44217
44236
44256
44276
44296
44316
44336
44356
44376
44396
44416
44436
44456
44476
44496
44516
44536
44556
44576
44596
44616
44636
44656
44676
44696
44716
44737
44757
44777
44797
44817
44837
44857
44878
44898
44918
44938
44958
44979
44999
45019
45039
45060
45080
45100
45120
45141
45161
45181
45202
45222
45242
45263
45283
45303
45324
45344
45365
45385
45405
45426
45446
45467
45487
45508
45528
45549
45569
45589
45610
45631
45651
45672
45692
45713
45733
45754
45775
45795
45816
45836
45857
45877
45898
45919
45940
45960
45981
46002
46022
46043
46064
46084
46105
46126
46147
46167
46188
46209
46230
46250
46271
46292
46313
46334
46354
46375
46396
46417
46438
46459
46480
46501
46522
46543
46563
46584
46605
46626
46647
46668
46689
46710
46731
46752
46773
46794
46815
46836
46857
46879
46900
46921
46942
46963
46984
47005
47026
47048
47069
47090
47111
47132
47154
47175
47196
47217
47238
47260
47281
47302
47323
47345
47366
47387
47409
47430
47451
47473
47494
47515
47537
47558
47580
47601
47622
47644
47665
47687
47708
47730
47751
47773
47794
47816
47837
47858
47880
47902
47923
47945
47966
47988
48009
48031
48053
48074
48096
48117
48139
48161
48182
48204
48226
48248
48269
48291
48313
48334
48356
48378
48400
48421
48443
48465
48487
48509
48530
48552
48574
48596
48618
48640
48661
48683
48705
48727
48749
48771
48793
48815
48837
48859
48881
48903
48925
48947
48969
48991
49013
49035
49057
49079
49101
49123
49145
49167
49190
49212
49234
49256
49278
49300
49323
49345
49367
49389
49411
49433
49456
49478
49500
49523
49545
49567
49589
49612
49634
49656
49679
49701
49723
49746
49768
49791
49813
49835
49858
49880
49903
49925
49948
49970
49992
50015
50037
50060
50083
50105
50128
50150
50173
50195
50218
50240
50263
50286
50308
50331
50354
50376
50399
50422
50444
50467
50490
50512
50535
50558
50580
50603
50626
50649
50672
50694
50717
50740
50763
50786
50808
50831
50854
50877
50900
50923
50946
50969
50992
51015
51037
51060
51083
51106
51129
51152
51175
51198
51221
51245
51268
51291
51314
51337
51360
51383
51406
51429
51452
51475
51499
51522
51545
51568
51591
51614
51638
51661
51684
51707
51731
51754
51777
51801
51824
51847
51870
51894
51917
51940
51964
51987
52011
52034
52058
52081
52104
52128
52151
52175
52198
52221
52245
52269
52292
52316
52339
52363
52386
52410
52433
52457
52480
52504
52528
52551
52575
52599
52622
52646
52670
52693
52717
52741
52764
52788
52812
52836
52860
52883
52907
52931
52955
52979
53002
53026
53050
53074
53098
53122
53146
53170
53193
53217
53241
53265
53289
53313
53337
53361
53385
53409
53433
53457
53481
53505
53529
53553
53578
53602
53626
53650
53674
53698
53722
53747
53771
53795
53819
53843
53867
53892
53916
53940
53964
53989
54013
54037
54062
54086
54110
54135
54159
54183
54208
54232
54256
54281
54305
54330
54354
54379
54403
54428
54452
54476
54501
54525
54550
54575
54599
54624
54648
54673
54698
54722
54747
54771
54796
54820
54845
54870
54895
54919
54944
54969
54994
55018
55043
55068
55092
55117
55142
55167
55192
55217
55241
55266
55291
55316
55341
55366
55390
55415
55440
55465
55490
55515
55540
55565
55590
55615
55640
55665
55690
55715
55740
55765
55791
55816
55841
55866
55891
55916
55941
55966
55992
56017
56042
56067
56093
56118
56143
56168
56194
56219
56244
56269
56295
56320
56345
56371
56396
56421
56447
56472
56498
56523
56548
56574
56599
56625
56650
56676
56701
56727
56752
56778
56803
56829
56854
56880
56905
56931
56957
56982
57008
57034
57059
57085
57111
57136
57162
57188
57213
57239
57265
57291
57317
57342
57368
57394
57420
57446
57471
57497
57523
57549
57575
57601
57627
57653
57679
57705
57730
57756
57782
57808
57834
57860
57886
57912
57939
57965
57991
58017
58043
58069
58095
58121
58147
58173
58200
58226
58252
58278
58304
58331
58357
58383
58409
58436
58462
58488
58514
58541
58567
58594
58620
58646
58673
58699
58726
58752
58778
58805
58831
58858
58884
58911
58937
58964
58990
59017
59043
59070
59096
59123
59149
59176
59203
59229
59256
59283
59309
59336
59363
59389
59416
59443
59470
59496
59523
59550
59577
59604
59630
59657
59684
59711
59738
59764
59791
59818
59845
59872
59899
59926
59953
59980
60007
60034
60061
60088
60115
60142
60169
60196
60223
60250
60277
60305
60332
60359
60386
60413
60440
60467
60495
60522
60549
60576
60604
60631
60658
60685
60713
60740
60767
60795
60822
60849
60877
60904
60932
60959
60986
61014
61041
61069
61096
61124
61151
61179
61206
61234
61261
61289
61316
61344
61372
61399
61427
61454
61482
61510
61537
61565
61593
61621
61648
61676
61704
61731
61759
61787
61815
61843
61870
61898
61926
61954
61982
62010
62038
62065
62093
62121
62149
62177
62205
62233
62261
62289
62317
62345
62373
62401
62429
62457
62486
62514
62542
62570
62598
62626
62654
62683
62711
62739
62767
62795
62824
62852
62880
62909
62937
62965
62993
63022
63050
63078
63107
63135
63164
63192
63221
63249
63277
63306
63334
63363
63391
63420
63448
63477
63505
63534
63563
63591
63620
63648
63677
63706
63734
63763
63792
63820
63849
63878
63907
63935
63964
63993
64022
64050
64079
64108
64137
64166
64195
64223
64252
64281
64310
64339
64368
64397
64426
64455
64484
64513
64542
64571
64600
64629
64658
64687
64716
64745
64775
64804
64833
64862
64891
64920
64950
64979
65008
65037
65067
65096
65125
65154
65184
65213
65242
65272
65301
65331
65360
65389
65419
65448
65477
65507
65536
65566
65595
65625
65654
65684
65714
65743
65773
65802
65832
65861
65891
65921
65950
65980
66010
66039
66069
66099
66129
66158
66188
66218
66247
66277
66307
66337
66367
66397
66427
66457
66486
66516
66546
66576
66606
66636
66666
66696
66726
66756
66786
66816
66846
66876
66906
66936
66966
66997
67027
67057
67087
67117
67148
67178
67208
67238
67268
67299
67329
67359
67389
67420
67450
67481
67511
67541
67572
67602
67632
67663
67693
67724
67754
67785
67815
67846
67876
67907
67937
67968
67998
68029
68059
68090
68121
68151
68182
68213
68244
68274
68305
68336
68366
68397
68428
68459
68489
68520
68551
68582
68613
68644
68675
68705
68736
68767
68798
68829
68860
68891
68922
68953
68984
69015
69046
69077
69108
69139
69170
69201
69233
69264
69295
69326
69357
69389
69420
69451
69482
69513
69545
69576
69607
69639
69670
69701
69733
69764
69795
69827
69858
69890
69921
69952
69984
70015
70047
70079
70110
70142
70173
70205
70236
70268
70299
70331
70363
70394
70426
70458
70489
70521
70553
70585
70616
70648
70680
70711
70743
70775
70807
70839
70871
70903
70935
70967
70998
71030
71062
71094
71126
71158
71190
71222
71254
71286
71318
71351
71383
71415
71447
71479
71511
71543
71575
71608
71640
71672
71704
71737
71769
71801
71833
71866
71898
71930
71963
71995
72028
72060
72092
72125
72157
72190
72222
72254
72287
72320
72352
72385
72417
72450
72483
72515
72548
72580
72613
72645
72678
72711
72744
72776
72809
72842
72875
72907
72940
72973
73006
73039
73071
73104
73137
73170
73203
73236
73269
73302
73335
73368
73401
73434
73467
73500
73533
73566
73599
73632
73666
73699
73732
73765
73798
73831
73864
73898
73931
73964
73998
74031
74064
74097
74131
74164
74197
74231
74264
74298
74331
74365
74398
74432
74465
74498
74532
74565
74599
74632
74666
74700
74733
74767
74801
74834
74868
74902
74935
74969
75003
75036
75070
75104
75138
75172
75205
75239
75273
75307
75341
75375
75408
75442
75476
75510
75544
75578
75612
75646
75680
75714
75748
75782
75816
75850
75885
75919
75953
75987
76021
76056
76090
76124
76158
76193
76227
76261
76295
76330
76364
76398
76433
76467
76502
76536
76570
76605
76639
76674
76708
76743
76777
76812
76846
76881
76916
76950
76985
77019
77054
77089
77123
77158
77193
77228
77262
77297
77332
77367
77401
77436
77471
77506
77541
77576
77610
77645
77680
77715
77750
77785
77820
77855
77890
77925
77960
77995
78030
78066
78101
78136
78171
78206
78241
78276
78312
78347
78382
78417
78453
78488
78523
78559
78594
78629
78665
78700
78735
78771
78806
78842
78877
78913
78948
78984
79019
79055
79090
79126
79161
79197
79233
79268
79304
79340
79375
79411
79447
79483
79518
79554
79590
79626
79661
79697
79733
79769
79805
79841
79877
79913
79949
79985
80020
80056
80092
80129
80165
80201
80237
80273
80309
80345
80381
80417
80454
80490
80526
80562
80598
80635
80671
80707
80744
80780
80816
80853
80889
80925
80962
80998
81035
81071
81108
81144
81181
81217
81254
81290
81327
81363
81400
81436
81473
81510
81546
81583
81620
81657
81693
81730
81767
81803
81840
81877
81914
81951
81988
82025
82062
82098
82135
82172
82209
82246
82283
82320
82357
82394
82431
82468
82506
82543
82580
82617
82654
82691
82728
82766
82803
82840
82877
82915
82952
82989
83027
83064
83101
83139
83176
83213
83251
83288
83326
83363
83401
83438
83476
83513
83551
83588
83626
83664
83701
83739
83777
83815
83852
83890
83928
83965
84003
84041
84078
84116
84154
84192
84230
84268
84306
84344
84382
84420
84458
84496
84533
84572
84610
84648
84686
84724
84762
84800
84838
84877
84915
84953
84991
85029
85068
85106
85144
85183
85221
85259
85297
85336
85374
85412
85451
85489
85528
85566
85605
85643
85682
85721
85759
85798
85836
85875
85913
85952
85991
86029
86068
86107
86146
86184
86223
86262
86301
86339
86378
86417
86456
86495
86534
86573
86612
86651
86690
86729
86768
86807
86846
86885
86924
86963
87002
87041
87080
87120
87159
87198
87237
87276
87315
87355
87394
87434
87473
87512
87552
87591
87630
87670
87709
87749
87788
87828
87867
87907
87946
87986
88025
88065
88105
88144
88184
88223
88263
88303
88343
88382
88422
88462
88502
88542
88581
88621
88661
88701
88741
88781
88821
88861
88901
88941
88981
89021
89061
89101
89141
89181
89221
89261
89301
89341
89382
89422
89462
89502
89543
89583
89623
89663
89704
89744
89784
89825
89865
89906
89946
89987
90027
90068
90108
90149
90189
90230
90270
90311
90352
90392
90433
90474
90514
90555
90596
90636
90677
90718
90759
90800
90841
90881
90922
90963
91004
91045
91086
91127
91168
91209
91250
91291
91332
91373
91414
91456
91497
91538
91579
91620
91661
91702
91744
91785
91826
91868
91909
91950
91992
92033
92074
92116
92157
92199
92240
92282
92323
92365
92406
92448
92490
92531
92573
92614
92656
92697
92739
92781
92823
92865
92906
92948
92990
93032
93074
93115
93157
93199
93241
93283
93325
93367
93409
93451
93493
93535
93577
93619
93661
93703
93746
93788
93830
93872
93915
93957
93999
94041
94084
94126
94168
94210
94253
94295
94338
94380
94423
94465
94508
94550
94593
94635
94678
94720
94763
94806
94848
94891
94934
94976
95019
95062
95105
95147
95190
95233
95276
95319
95362
95405
95448
95490
95533
95576
95619
95662
95705
95748
95791
95834
95878
95921
95964
96007
96050
96094
96137
96180
96223
96266
96310
96353
96396
96440
96483
96527
96570
96614
96657
96700
96744
96787
96831
96874
96918
96962
97005
97049
97093
97136
97180
97224
97267
97311
97355
97399
97443
97486
97530
97574
97618
97662
97706
97750
97794
97837
97882
97926
97970
98014
98058
98102
98146
98190
98235
98279
98323
98367
98411
98456
98500
98544
98589
98633
98677
98722
98766
98810
98855
98899
98944
98988
99033
99078
99122
99167
99211
99256
99301
99345
99390
99434
99479
99524
99569
99614
99659
99703
99748
99793
99838
99883
99928
99972
100017
100063
100108
100153
100198
100243
100288
100333
100378
100423
100468
100513
100559
100604
100649
100695
100740
100785
100831
100876
100921
100967
101012
101057
101103
101148
101194
101240
101285
101331
101376
101422
101467
101513
101559
101604
101650
101696
101742
101787
101833
101879
101925
101971
102017
102062
102108
102154
102200
102246
102292
102338
102384
102430
102476
102522
102569
102615
102661
102707
102753
102799
102846
102892
102938
102985
103031
103077
103124
103170
103216
103263
103309
103356
103402
103449
103495
103542
103588
103635
103682
103728
103775
103821
103868
103915
103962
104009
104055
104102
104149
104196
104243
104290
104336
104383
104430
104477
104524
104571
104618
104666
104713
104760
104807
104854
104901
104948
104995
105043
105090
105137
105185
105232
105279
105327
105374
105421
105469
105516
105563
105611
105659
105706
105754
105801
105849
105897
105944
105992
106039
106087
106135
106182
106230
106278
106326
106374
106422
106470
106517
106565
106613
106661
106709
106757
106805
106853
106901
106949
106998
107046
107094
107142
107190
107238
107286
107335
107383
107431
107480
107528
107577
107625
107673
107722
107770
107818
107867
107916
107964
108013
108061
108110
108159
108207
108256
108305
108353
108402
108451
108499
108548
108597
108646
108695
108744
108793
108842
108891
108940
108988
109037
109087
109136
109185
109234
109283
109332
109382
109431
109480
109529
109578
109627
109677
109726
109776
109825
109875
109924
109973
110023
110072
110122
110171
110221
110270
110320
110370
110419
110469
110519
110569
110618
110668
110718
110767
110817
110867
110917
110967
111017
111067
111117
111167
111217
111267
111317
111367
111417
111467
111517
111567
111618
111668
111718
111768
111819
111869
111919
111969
112020
112070
112121
112171
112222
112272
112323
112373
112424
112474
112525
112575
112626
112677
112727
112778
112829
112880
112931
112981
113032
113083
113134
113185
113235
113286
113337
113388
113440
113491
113542
113593
113644
113695
113746
113797
113848
113899
113951
114002
114053
114105
114156
114207
114259
114310
114361
114413
114464
114516
114567
114619
114671
114722
114774
114825
114877
114929
114980
115032
115084
115135
115187
115239
115291
115343
115395
115447
115499
115551
115602
115654
115706
115758
115811
115863
115915
115967
116019
116071
116124
116176
116228
116280
116332
116385
116437
116490
116542
116595
116647
116700
116752
116805
116857
116909
116962
117015
117067
117120
117173
117226
117278
117331
117384
117437
117489
117542
117595
117648
117701
117754
117807
117860
117913
117966
118019
118072
118125
118178
118231
118284
118338
118391
118444
118498
118551
118604
118658
118711
118764
118818
118871
118924
118978
119032
119085
119139
119193
119246
119300
119353
119407
119461
119514
119568
119622
119676
119730
119784
119837
119891
119945
119999
120053
120107
120161
120215
120269
120323
120378
120432
120486
120540
120594
120649
120703
120757
120811
120865
120920
120974
121029
121083
121138
121192
121247
121301
121356
121410
121465
121520
121574
121629
121684
121739
121793
121848
121903
121958
122013
122067
122122
122177
122232
122287
122342
122397
122453
122508
122563
122618
122673
122728
122783
122838
122894
122949
123004
123060
123115
123171
123226
123281
123337
123392
123447
123503
123559
123614
123670
123726
123781
123837
123893
123948
124004
124060
124115
124171
124227
124283
124339
124395
124451
124507
124563
124619
124675
124731
124787
124843
124899
124956
125012
125068
125125
125181
125237
125293
125350
125406
125462
125519
125575
125632
125688
125745
125802
125858
125915
125971
126028
126085
126141
126198
126255
126312
126369
126426
126482
126539
126596
126653
126710
126767
126824
126881
126938
126995
127052
127110
127167
127224
127281
127339
127396
127453
127510
127567
127625
127682
127740
127797
127855
127913
127970
128028
128085
128143
128200
128258
128315
128373
128431
128489
128547
128605
128663
128720
128778
128836
128894
128952
129010
129068
129126
129184
129242
129301
129359
129417
129475
129533
129591
129650
129708
129766
129825
129883
129942
130000
130059
130117
130176
130234
130293
130351
130410
130469
130527
130586
130645
130704
130763
130821
130880
130939
130998
131056
131115
131175
131234
131293
131352
131411
131470
131529
131588
131647
131707
131766
131825
131884
131944
132003
132063
132122
132182
132241
132300
132360
132419
132479
132538
132598
132658
132718
132777
132837
132897
132957
133016
133076
133136
133196
133256
133316
133376
133436
133496
133556
133616
133676
133736
133796
133856
133916
133977
134037
134097
134158
134218
134279
134339
134399
134460
134520
134581
134641
134702
134762
134823
134884
134944
135005
135066
135127
135187
135248
135309
135370
135430
135492
135553
135614
135675
135736
135797
135858
135919
135980
136041
136102
136163
136225
136286
136347
136409
136470
136532
136593
136654
136716
136777
136839
136900
136962
137024
137085
137147
137209
137270
137332
137394
137456
137517
137579
137641
137703
137765
137827
137889
137951
138013
138075
138137
138199
138262
138324
138386
138448
138511
138573
138635
138698
138760
138822
138885
138947
139010
139072
139135
139197
139260
139323
139385
139448
139511
139574
139636
139699
139762
139825
139887
139951
140014
140077
140140
140203
140266
140329
140392
140455
140518
140581
140644
140708
140771
140835
140898
140961
141025
141088
141152
141215
141279
141342
141405
141469
141533
141597
141661
141724
141788
141852
141916
141979
142043
142107
142171
142235
142299
142363
142427
142491
142555
142619
142684
142748
142812
142876
142940
143004
143069
143133
143198
143262
143327
143391
143456
143520
143585
143649
143713
143778
143843
143908
143973
144037
144102
144167
144232
144297
144362
144426
144491
144556
144621
144687
144752
144817
144882
144947
145012
145078
145143
145208
145273
145338
145404
145470
145535
145601
145666
145732
145797
145863
145928
145994
146059
146125
146191
146257
146323
146388
146454
146520
146586
146652
146718
146784
146849
146916
146982
147048
147114
147181
147247
147313
147379
147445
147512
147578
147644
147711
147777
147844
147910
147977
148044
148110
148177
148243
148310
148377
148443
148510
148577
148644
148711
148778
148845
148912
148979
149046
149112
149179
149246
149314
149381
149448
149516
149583
149650
149717
149785
149852
149919
149987
150054
150122
150189
150257
150325
150392
150460
150528
150595
150663
150731
150798
150866
150934
151002
151070
151138
151206
151274
151342
151410
151478
151546
151614
151682
151751
151819
151887
151956
152024
152093
152161
152230
152298
152366
152435
152503
152572
152641
152709
152778
152847
152916
152984
153053
153122
153191
153260
153328
153397
153467
153536
153605
153674
153743
153812
153881
153951
154020
154089
154158
154227
154297
154367
154436
154506
154575
154645
154714
154784
154853
154923
154992
155062
155132
155202
155272
155342
155412
155481
155551
155621
155691
155761
155831
155901
155971
156042
156112
156182
156253
156323
156393
156463
156534
156604
156674
156745
156815
156886
156957
157027
157098
157169
157239
157310
157381
157451
157522
157593
157664
157735
157806
157877
157948
158019
158090
158161
158232
158303
158374
158446
158517
158589
158660
158731
158803
158874
158946
159017
159089
159160
159232
159303
159375
159447
159519
159590
159662
159734
159806
159878
159950
160021
160093
160165
160237
160310
160382
160454
160526
160598
160671
160743
160815
160887
160959
161032
161104
161177
161250
161322
161395
161467
161540
161613
161685
161758
161830
161903
161976
162049
162122
162195
162268
162341
162414
162487
162560
162633
162706
162779
162853
162926
162999
163073
163146
163220
163293
163366
163440
163513
163587
163660
163734
163808
163881
163955
164029
164103
164177
164250
164324
164398
164472
164546
164620
164694
164768
164842
164917
164991
165065
165139
165213
165288
165362
165436
165511
165585
165660
165734
165809
165884
165958
166033
166107
166182
166257
166331
166406
166481
166556
166631
166706
166781
166856
166931
167006
167081
167156
167231
167307
167382
167458
167533
167608
167684
167759
167835
167910
167985
168061
168136
168212
168288
168364
168440
168515
168591
168667
168743
168819
168895
168970
169046
169122
169199
169275
169351
169427
169503
169580
169656
169732
169808
169885
169961
170037
170114
170191
170267
170344
170421
170497
170574
170651
170727
170804
170881
170958
171035
171112
171189
171266
171343
171420
171497
171574
171651
171728
171805
171883
171960
172038
172115
172193
172270
172348
172425
172503
172580
172658
172735
172813
172891
172969
173046
173124
173202
173280
173358
173436
173514
173592
173670
173748
173826
173905
173983
174061
174140
174218
174296
174375
174453
174531
174610
174688
174767
174846
174924
175003
175082
175161
175239
175318
175397
175476
175554
175633
175713
175792
175871
175950
176029
176108
176188
176267
176346
176425
176504
176584
176663
176743
176823
176902
176982
177061
177141
177221
177300
177380
177459
177539
177619
177699
177779
177859
177940
178020
178100
178180
178260
178340
178420
178500
178580
178661
178741
178822
178902
178983
179063
179144
179224
179305
179385
179466
179547
179628
179709
179790
179870
179951
180032
180113
180194
180275
180356
180437
180518
180600
180681
180762
180844
180925
181007
181088
181169
181251
181332
181413
181495
181577
181659
181741
181822
181904
181986
182068
182150
182231
182313
182395
182477
182560
182642
182724
182806
182889
182971
183053
183135
183217
183300
183382
183465
183547
183630
183713
183796
183878
183961
184044
184126
184209
184292
184374
184458
184541
184624
184707
184790
184873
184956
185039
185123
185206
185289
185372
185456
185539
185623
185706
185790
185874
185957
186041
186124
186208
186292
186375
186459
186543
186627
186711
186795
186879
186963
187048
187132
187216
187300
187384
187468
187553
187637
187722
187806
187891
187975
188060
188144
188229
188313
188398
188483
188568
188653
188737
188822
188907
188992
189077
189162
189247
189332
189417
189503
189588
189673
189759
189844
189930
190015
190100
190186
190271
190357
190442
190528
190614
190700
190786
190872
190957
191043
191129
191215
191301
191387
191473
191559
191645
191732
191818
191904
191991
192077
192163
192250
192336
192422
192509
192596
192682
192769
192856
192943
193030
193116
193203
193290
193377
193464
193551
193638
193725
193812
193900
193987
194074
194161
194249
194336
194423
194511
194598
194686
194773
194861
194949
195037
195124
195212
195300
195388
195475
195563
195651
195739
195827
195916
196004
196092
196180
196268
196357
196445
196533
196621
196710
196798
196887
196976
197064
197153
197242
197331
197419
197508
197597
197685
197774
197863
197952
198042
198131
198220
198309
198398
198488
198577
198666
198755
198844
198934
199023
199113
199203
199293
199382
199472
199562
199651
199741
199831
199920
200010
200100
200191
200281
200371
200461
200551
200641
200732
200822
200912
201002
201093
201183
201274
201365
201455
201546
201637
201727
201818
201909
201999
202090
202181
202272
202363
202454
202545
202637
202728
202819
202910
203001
203092
203183
203275
203366
203458
203550
203641
203733
203825
203916
204008
204100
204191
204283
204375
204467
204559
204651
204743
204835
204928
205020
205112
205204
205296
205388
205481
205573
205666
205759
205851
205944
206037
206129
206222
206314
206407
206500
206593
206686
206779
206872
206965
207058
207151
207245
207338
207431
207524
207617
207710
207804
207898
207991
208085
208179
208272
208366
208460
208553
208647
208741
208834
208929
209023
209117
209211
209305
209399
209494
209588
209682
209776
209870
209965
210059
210154
210249
210343
210438
210533
210627
210722
210817
210911
211006
211101
211196
211291
211386
211481
211577
211672
211767
211862
211957
212053
212148
212243
212339
212434
212530
212626
212722
212817
212913
213009
213104
213200
213296
213391
213488
213584
213680
213776
213873
213969
214065
214161
214258
214354
214450
214546
214643
214740
214836
214933
215030
215127
215223
215320
215417
215514
215610
215707
215804
215902
215999
216096
216194
216291
216388
216485
216583
216680
216777
216874
216972
217070
217168
217266
217363
217461
217559
217657
217755
217852
217950
218048
218146
218245
218343
218441
218540
218638
218736
218835
218933
219031
219130
219228
219327
219426
219524
219623
219722
219821
219920
220019
220118
220217
220315
220414
220514
220613
220712
220812
220911
221011
221110
221209
221309
221408
221508
221607
221707
221807
221907
222007
222107
222207
222306
222406
222506
222606
222706
222806
222906
223007
223107
223208
223308
223409
223509
223610
223710
223811
223911
224012
224113
224214
224315
224416
224517
224618
224719
224820
224921
225022
225123
225224
225325
225427
225529
225630
225732
225833
225935
226036
226138
226240
226341
226443
226545
226647
226749
226851
226953
227055
227158
227260
227362
227464
227566
227668
227771
227873
227976
228079
228181
228284
228387
228489
228592
228695
228797
228900
229003
229106
229210
229313
229416
229519
229623
229726
229829
229932
230036
230139
230242
230346
230450
230554
230658
230761
230865
230969
231073
231177
231280
231384
231488
231593
231697
231801
231906
232010
232114
232219
232323
232428
232532
232636
232741
232846
232951
233056
233161
233266
233370
233475
233580
233685
233790
233895
234000
234106
234211
234317
234422
234528
234633
234739
234844
234950
235055
235161
235266
235373
235479
235585
235691
235797
235903
236009
236115
236221
236327
236433
236540
236646
236753
236860
236966
237073
237179
237286
237393
237499
237606
237713
237820
237927
238034
238141
238248
238356
238463
238570
238677
238785
238892
238999
239106
239214
239322
239430
239538
239645
239753
239861
239969
240077
240185
240292
240400
240509
240617
240725
240834
240942
241051
241159
241267
241376
241484
241593
241701
241810
241919
242028
242137
242246
242355
242464
242573
242682
242791
242900
243009
243119
243228
243338
243447
243557
243667
243776
243886
243995
244105
244214
244324
244434
244544
244655
244765
244875
244985
245095
245205
245316
245426
245536
245646
245757
245868
245978
246089
246200
246311
246422
246532
246643
246754
246865
246975
247087
247198
247309
247421
247532
247644
247755
247866
247978
248089
248200
248312
248424
248536
248648
248760
248872
248984
249096
249208
249320
249432
249544
249656
249768
249881
249993
250106
250218
250331
250444
250556
250669
250781
250894
251007
251120
251233
251346
251459
251572
251686
251799
251912
252025
252138
252252
252365
252478
252592
252706
252820
252934
253048
253161
253275
253389
253503
253617
253730
253845
253959
254074
254188
254302
254417
254531
254646
254760
254875
254989
255103
255218
255333
255448
255563
255678
255794
255909
256024
256139
256254
256369
256484
256599
256715
256831
256946
257062
257178
257293
257409
257525
257640
257756
257872
257988
258104
258220
258337
258453
258569
258686
258802
258918
259035
259151
259267
259384
259501
259618
259735
259852
259969
260086
260202
260319
260436
260553
260670
260787
260905
261023
261140
261258
261375
261493
261610
261728
261846
261963
262081
262199
262317
262435
262553
262671
262790
262908
263026
263144
263263
263381
263499
263617
263736
263855
263974
264093
264212
264331
264449
264568
264687
264806
264925
265044
265163
265283
265402
265522
265641
265761
265880
266000
266119
266239
266358
266478
266598
266718
266839
266959
267079
267199
267319
267439
267559
267680
267800
267920
268041
268162
268283
268403
268524
268645
268766
268887
269007
269128
269249
269370
269491
269613
269734
269856
269977
270099
270220
270342
270463
270584
270706
270828
270950
271072
271194
271316
271438
271560
271682
271804
271927
272049
272171
272293
272416
272539
272661
272784
272907
273030
273152
273275
273398
273521
273644
273766
273890
274013
274137
274260
274384
274507
274631
274754
274877
275001
275124
275248
275372
275496
275620
275744
275868
275993
276117
276241
276365
276489
276613
276737
276862
276987
277112
277236
277361
277486
277611
277736
277860
277985
278110
278235
278360
278486
278611
278737
278862
278988
279113
279239
279364
279489
279615
279740
279867
279993
280119
280245
280371
280497
280623
280750
280876
281002
281128
281254
281381
281508
281635
281761
281888
282015
282142
282269
282396
282522
282649
282776
282904
283031
283159
283286
283414
283541
283669
283796
283924
284051
284179
284306
284434
284563
284691
284819
284947
285076
285204
285332
285460
285588
285717
285845
285974
286102
286231
286360
286489
286618
286747
286876
287005
287134
287263
287392
287521
287651
287780
287910
288039
288169
288299
288428
288558
288688
288817
288947
289077
289207
289338
289468
289598
289728
289859
289989
290119
290250
290380
290510
290641
290772
290903
291034
291165
291296
291427
291558
291689
291820
291951
292082
292214
292346
292477
292609
292741
292873
293004
293136
293268
293399
293531
293663
293795
293928
294060
294192
294325
294457
294590
294722
294855
294987
295120
295252
295385
295518
295651
295784
295918
296051
296184
296317
296450
296583
296717
296850
296983
297117
297251
297385
297519
297653
297787
297921
298054
298188
298322
298456
298590
298725
298860
298994
299129
299263
299398
299533
299667
299802
299937
300071
300206
300341
300477
300612
300747
300883
301018
301154
301289
301424
301560
301695
301831
301967
302103
302239
302375
302511
302647
302783
302919
303055
303191
303327
303464
303601
303737
303874
304011
304148
304285
304422
304558
304695
304832
304969
305106
305244
305381
305519
305656
305794
305931
306069
306206
306344
306482
306619
306757
306895
307034
307172
307310
307449
307587
307725
307863
308002
308140
308278
308417
308556
308695
308834
308973
309112
309251
309390
309529
309668
309808
309947
310086
310226
310365
310505
310645
310785
310925
311065
311204
311344
311484
311624
311764
311904
312045
312185
312326
312467
312607
312748
312888
313029
313170
313310
313451
313592
313733
313875
314016
314157
314299
314440
314581
314723
314864
315006
315147
315289
315431
315573
315715
315857
316000
316142
316284
316426
316568
316710
316852
316995
317138
317281
317424
317567
317710
317852
317995
318138
318281
318424
318567
318710
318854
318998
319141
319285
319429
319572
319716
319860
320003
320147
320291
320435
320579
320724
320868
321013
321157
321302
321446
321591
321735
321879
322024
322169
322314
322459
322605
322750
322895
323040
323186
323331
323476
323621
323766
323912
324058
324204
324350
324496
324642
324788
324934
325080
325226
325372
325518
325665
325812
325959
326106
326252
326399
326546
326693
326840
326986
327133
327280
327427
327575
327723
327870
328018
328165
328313
328461
328608
328756
328903
329051
329199
329348
329496
329644
329793
329941
330090
330238
330386
330535
330683
330832
330981
331130
331279
331428
331577
331727
331876
332025
332174
332323
332473
332622
332772
332922
333072
333222
333372
333522
333672
333822
333972
334122
334272
334422
334572
334723
334874
335025
335176
335326
335477
335628
335779
335930
336081
336231
336383
336534
336686
336838
336989
337141
337293
337444
337596
337748
337899
338051
338203
338355
338508
338660
338813
338965
339118
339270
339423
339575
339728
339880
340033
340186
340340
340493
340646
340800
340953
341106
341259
341413
341566
341719
341873
342027
342181
342335
342490
342644
342798
342952
343106
343260
343414
343568
343723
343878
344033
344188
344343
344498
344653
344808
344963
345118
345273
345428
345583
345739
345895
346050
346206
346362
346518
346674
346829
346985
347141
347297
347453
347610
347766
347923
348080
348236
348393
348550
348706
348863
349020
349176
349333
349491
349648
349806
349963
350121
350278
350436
350593
350751
350908
351066
351223
351382
351540
351698
351857
352015
352174
352332
352490
352649
352807
352965
353124
353283
353442
353602
353761
353920
354079
354239
354398
354557
354716
354875
355035
355195
355355
355515
355675
355835
355995
356155
356315
356476
356636
356796
356956
357117
357278
357439
357600
357761
357922
358083
358244
358405
358566
358726
358888
359049
359211
359373
359535
359697
359859
360020
360182
360344
360506
360668
360830
360992
361155
361318
361480
361643
361806
361969
362131
362294
362457
362619
362782
362946
363109
363273
363436
363600
363764
363927
364091
364254
364418
364582
364745
364910
365074
365239
365403
365568
365732
365897
366061
366226
366390
366554
366719
366884
367050
367215
367380
367546
367711
367877
368042
368207
368373
368538
368703
368870
369036
369202
369368
369535
369701
369867
370033
370200
370366
370532
370699
370866
371033
371200
371367
371534
371701
371869
372036
372203
372370
372537
372705
372872
373041
373209
373377
373545
373713
373881
374049
374217
374385
374553
374721
374890
375059
375228
375397
375566
375735
375904
376073
376242
376411
376580
376749
376919
377089
377259
377428
377598
377768
377938
378108
378278
378448
378618
378788
378958
379129
379300
379471
379642
379813
379983
380154
380325
380496
380667
380838
381009
381181
381352
381524
381696
381868
382040
382211
382383
382555
382727
382898
383071
383243
383416
383589
383761
383934
384107
384280
384452
384625
384798
384970
385144
385317
385491
385664
385838
386012
386185
386359
386533
386706
386880
387054
387228
387402
387577
387751
387926
388101
388275
388450
388624
388799
388973
389148
389323
389499
389674
389850
390025
390201
390376
390552
390727
390903
391078
391254
391430
391606
391783
391959
392136
392312
392489
392665
392842
393018
393195
393371
393548
393725
393903
394080
394258
394435
394613
394790
394967
395145
395322
395500
395677
395856
396034
396213
396391
396569
396748
396926
397105
397283
397461
397640
397819
397998
398177
398357
398536
398715
398895
399074
399254
399433
399612
399792
399971
400152
400332
400512
400693
400873
401053
401234
401414
401594
401775
401955
402136
402317
402498
402680
402861
403042
403224
403405
403586
403767
403949
404130
404312
404494
404676
404859
405041
405223
405405
405588
405770
405952
406135
406317
406499
406683
406866
407049
407233
407416
407599
407783
407966
408149
408332
408516
408699
408883
409068
409252
409436
409621
409805
409989
410173
410358
410542
410726
410911
411096
411281
411467
411652
411837
412022
412208
412393
412578
412764
412949
413134
413320
413507
413693
413879
414066
414252
414438
414625
414811
414997
415183
415370
415557
415744
415932
416119
416306
416494
416681
416868
417056
417243
417430
417617
417806
417994
418182
418371
418559
418747
418936
419124
419312
419501
419689
419877
420067
420256
420445
420635
420824
421013
421203
421392
421581
421771
421960
422149
422340
422530
422720
422911
423101
423292
423482
423672
423863
424053
424243
424434
424625
424816
425008
425199
425391
425582
425774
425965
426156
426348
426539
426731
426923
427115
427308
427500
427693
427885
428077
428270
428462
428655
428847
429040
429233
429426
429620
429813
430007
430200
430394
430587
430781
430974
431168
431361
431556
431750
431945
432139
432334
432528
432723
432917
433112
433307
433501
433696
433891
434086
434282
434478
434673
434869
435064
435260
435456
435651
435847
436043
436239
436435
436632
436829
437025
437222
437419
437615
437812
438009
438205
438402
438599
438797
438995
439193
439390
439588
439786
439983
440181
440379
440577
440774
440973
441172
441370
441569
441768
441967
442166
442364
442563
442762
442961
443160
443359
443559
443759
443959
444158
444358
444558
444758
444958
445158
445358
445558
445758
445959
446160
446361
446562
446763
446964
447165
447366
447567
447768
447969
448170
448372
448574
448776
448978
449180
449383
449585
449787
449989
450191
450393
450595
450798
451002
451205
451408
451611
451814
452017
452221
452424
452627
452830
453034
453238
453442
453646
453851
454055
454259
454463
454668
454872
455076
455280
455485
455690
455896
456101
456306
456512
456717
456923
457128
457333
457539
457744
457950
458156
458363
458569
458776
458982
459189
459395
459602
459808
460015
460221
460428
460635
460843
461051
461258
461466
461673
461881
462089
462296
462504
462712
462919
463128
463337
463545
463754
463963
464172
464380
464589
464798
465007
465215
465424
465634
465844
466054
466264
466474
466683
466893
467103
467313
467523
467733
467943
468154
468365
468576
468787
468998
469209
469420
469631
469842
470053
470264
470475
470687
470899
471111
471324
471536
471748
471960
472172
472384
472596
472809
473021
473234
473447
473661
473874
474087
474301
474514
474727
474941
475154
475367
475580
475795
476009
476224
476438
476653
476867
477082
477296
477511
477725
477939
478154
478369
478585
478801
479016
479232
479448
479663
479879
480095
480310
480526
480741
480958
481175
481392
481608
481825
482042
482259
482476
482692
482909
483126
483343
483561
483779
483997
484215
484433
484650
484868
485086
485304
485522
485740
485958
486177
486396
486616
486835
487054
487273
487492
487711
487931
488150
488369
488588
488808
489028
489249
489469
489689
489910
490130
490351
490571
490791
491012
491232
491453
491675
491896
492118
492339
492561
492782
493004
493226
493447
493669
493890
494112
494335
494558
494781
495003
495226
495449
495672
495895
496117
496340
496563
496786
497010
497234
497458
497682
497906
498130
498354
498578
498802
499026
499250
499474
499700
499925
500150
500375
500600
500826
501051
501276
501501
501726
501951
502177
502404
502630
502856
503083
503309
503536
503762
503988
504215
504441
504668
504895
505122
505350
505578
505805
506033
506260
506488
506716
506943
507171
507399
507627
507856
508084
508313
508542
508771
509000
509229
509458
509687
509915
510144
510374
510604
510834
511064
511294
511524
511754
511984
512214
512445
512675
512905
513135
513367
513598
513829
514061
514292
514524
514755
514986
515218
515449
515680
515912
516145
516377
516610
516843
517075
517308
517540
517773
518006
518238
518471
518704
518938
519172
519405
519639
519873
520107
520341
520575
520809
521043
521276
521511
521746
521981
522216
522451
522686
522921
523157
523392
523627
523862
524097
524333
524569
524805
525042
525278
525515
525751
525988
526224
526460
526697
526933
527170
527408
527645
527883
528121
528358
528596
528834
529072
529309
529547
529785
530023
530262
530501
530740
530979
531218
531457
531696
531934
532173
532412
532651
532891
533131
533371
533611
533852
534092
534332
534573
534813
535053
535294
535534
535774
536016
536257
536499
536741
536982
537224
537465
537707
537949
538190
538432
538673
538916
539159
539402
539645
539888
540131
540374
540617
540860
541102
541345
541588
541832
542077
542321
542565
542809
543054
543298
543542
543786
544031
544275
544519
544764
545010
545256
545501
545747
545992
546238
546483
546729
546974
547220
547466
547712
547959
548206
548453
548700
548947
549194
549441
549687
549934
550181
550428
550676
550924
551173
551421
551669
551917
552165
552414
552662
552910
553158
553407
553656
553906
554155
554405
554654
554904
555153
555403
555653
555902
556152
556401
556652
556903
557154
557405
557656
557907
558158
558408
558659
558910
559161
559412
559664
559916
560169
560421
560673
560926
561178
561430
561682
561935
562187
562439
562693
562946
563200
563454
563707
563961
564215
564468
564722
564976
565229
565483
565737
565992
566247
566503
566758
567013
567268
567523
567778
568033
568288
568543
568799
569055
569312
569568
569824
570081
570337
570594
570850
571107
571363
571619
571877
572134
572392
572650
572908
573166
573424
573681
573939
574197
574455
574713
574971
575230
575490
575749
576008
576267
576527
576786
577045
577304
577563
577823
578082
578343
578604
578864
579125
579386
579646
579907
580168
580428
580689
580949
581211
581473
581735
581997
582259
582521
582783
583045
583307
583569
583831
584093
584356
584619
584883
585146
585410
585673
585936
586200
586463
586727
586990
587254
587518
587783
588048
588312
588577
588842
589107
589372
589637
589902
590167
590432
590697
590963
591230
591496
591762
592029
592295
592561
592828
593094
593360
593627
593893
594161
594429
594697
594964
595232
595500
595768
596036
596303
596571
596839
597107
597376
597645
597915
598184
598453
598722
598992
599261
599530
599799
600069
600338
600609
600879
601150
601421
601692
601962
602233
602504
602774
603045
603316
603587
603859
604131
604403
604675
604948
605220
605492
605764
606036
606308
606581
606853
607126
607400
607674
607947
608221
608495
608768
609042
609316
609589
609863
610137
610412
610687
610962
611237
611512
611787
612063
612338
612613
612888
613163
613438
613715
613991
614268
614545
614821
615098
615375
615651
615928
616204
616481
616758
617036
617314
617592
617870
618148
618426
618705
618983
619261
619539
619817
620095
620375
620654
620934
621214
621493
621773
622053
622332
622612
622891
623171
623451
623732
624013
624294
624575
624856
625137
625419
625700
625981
626262
626543
626824
627107
627390
627672
627955
628238
628520
628803
629086
629368
629651
629934
630216
630500
630784
631069
631353
631637
631921
632206
632490
632774
633058
633342
633627
633912
634198
634484
634769
635055
635341
635627
635912
636198
636484
636770
637055
637342
637630
637917
638204
638492
638779
639066
639353
639641
639928
640215
640503
640791
641080
641369
641658
641947
642235
642524
642813
643102
643391
643680
643969
644259
644549
644839
645130
645420
645711
646001
646292
646582
646873
647163
647453
647745
648037
648329
648621
648913
649205
649497
649789
650081
650373
650665
650957
651250
651543
651837
652131
652424
652718
653012
653305
653599
653892
654186
654480
654774
655069
655364
655660
655955
656250
656545
656840
657136
657431
657726
658021
658317
658614
658911
659207
659504
659801
660098
660395
660691
660988
661285
661582
661879
662178
662476
662775
663073
663371
663670
663968
664267
664565
664864
665162
665461
665761
666061
666361
666661
666961
667261
667561
667861
668161
668461
668761
669062
669364
669665
669967
670269
670570
670872
671174
671475
671777
672079
672380
672682
672986
673289
673592
673896
674199
674502
674805
675109
675412
675715
676019
676322
676627
676932
677237
677542
677847
678152
678457
678762
679067
679372
679677
679982
680289
680595
680902
681209
681515
681822
682128
682435
682742
683048
683355
683662
683970
684278
684586
684895
685203
685511
685820
686128
686436
686744
687053
687361
687671
687981
688291
688601
688911
689221
689531
689841
690151
690461
690770
691081
691392
691704
692015
692327
692639
692950
693262
693574
693885
694197
694508
694820
695133
695447
695760
696073
696387
696700
697013
697327
697640
697953
698267
698580
698895
699210
699525
699840
700155
700470
700785
701100
701415
701730
702045
702360
702677
702994
703310
703627
703944
704261
704577
704894
705211
705527
705844
706161
706479
706798
707116
707435
707753
708071
708390
708708
709027
709345
709664
709982
710302
710622
710943
711263
711583
711903
712223
712543
712864
713184
713504
713824
714146
714468
714790
715112
715433
715755
716077
716399
716721
717043
717365
717687
718010
718334
718657
718981
719305
719628
719952
720276
720599
720923
721247
721570
721895
722221
722546
722872
723197
723523
723848
724173
724499
724824
725150
725475
725802
726129
726456
726783
727111
727438
727765
728092
728419
728747
729074
729401
729729
730058
730387
730716
731045
731374
731703
732032
732361
732690
733019
733348
733678
734009
734340
734670
735001
735332
735663
735993
736324
736655
736986
737316
737648
737981
738313
738646
738978
739311
739643
739976
740309
740641
740974
741306
741640
741974
742308
742643
742977
743311
743646
743980
744315
744649
744983
745318
745653
745989
746325
746661
746998
747334
747670
748006
748342
748678
749015
749351
749688
750026
750364
750702
751040
751378
751716
752054
752392
752730
753068
753406
753745
754084
754424
754764
755104
755444
755783
756123
756463
756803
757143
757483
757823
758165
758507
758848
759190
759532
759873
760215
760557
760898
761240
761582
761924
762267
762611
762955
763298
763642
763985
764329
764672
765016
765359
765703
766047
766392
766738
767083
767428
767774
768119
768465
768810
769155
769501
769846
770192
770539
770887
771234
771581
771928
772276
772623
772970
773318
773665
774012
774360
774709
775058
775407
775756
776106
776455
776804
777153
777502
777851
778201
778550
778901
779252
779603
779954
780305
780656
781007
781358
781710
782061
782412
782763
783116
783469
783822
784175
784528
784881
785234
785587
785940
786293
786646
786999
787354
787708
788063
788418
788773
789128
789483
789838
790193
790547
790902
791257
791614
791971
792328
792685
793041
793398
793755
794112
794469
794825
795182
795539
795898
796256
796615
796974
797333
797691
798050
798409
798768
799126
799485
799844
800204
800565
800926
801287
801647
802008
802369
802729
803090
803451
803811
804172
804535
804897
805260
805623
805985
806348
806710
807073
807436
807798
808161
808524
808888
809253
809617
809982
810347
810711
811076
811440
811805
812170
812534
812899
813265
813632
813998
814365
814732
815098
815465
815831
816198
816565
816931
817298
817666
818035
818403
818772
819140
819509
819877
820246
820615
820983
821352
821720
822091
822461
822832
823202
823573
823943
824314
824685
825055
825426
825796
826167
826539
826912
827284
827657
828029
828402
828775
829147
829520
829892
830265
830638
831012
831386
831761
832135
832510
832885
833259
833634
834009
834383
834758
835132
835508
835885
836262
836638
837015
837392
837768
838145
838522
838898
839275
839652
840030
840408
840787
841166
841544
841923
842302
842680
843059
843438
843817
844195
844575
844956
845337
845717
846098
846479
846860
847240
847621
848002
848383
848763
849145
849528
849911
850294
850677
851059
851442
851825
852208
852591
852974
853356
853740
854125
854510
854895
855280
855665
856050
856435
856819
857204
857589
857974
858360
858747
859134
859521
859908
860295
860682
861069
861456
861843
862230
862617
863005
863394
863783
864172
864561
864950
865339
865728
866118
866507
866896
867285
867675
868066
868457
868848
869240
869631
870022
870413
870804
871196
871587
871978
872370
872763
873157
873550
873943
874337
874730
875123
875517
875910
876303
876697
877090
877486
877881
878277
878672
879068
879463
879859
880254
880650
881045
881441
881837
882234
882632
883029
883427
883825
884222
884620
885018
885415
885813
886210
886608
887008
887408
887808
888208
888607
889007
889407
889807
890206
890606
891006
891406
891808
892210
892612
893014
893416
893818
894220
894622
895024
895426
895827
896230
896634
897038
897442
897846
898250
898654
899059
899463
899867
900271
900675
901079
901486
901892
902298
902705
903111
903517
903924
904330
904736
905143
905549
905955
906364
906772
907181
907589
907998
908406
908815
909224
909632
910041
910449
910858
911268
911679
912090
912501
912911
913322
913733
914144
914554
914965
915376
915787
916199
916612
917025
917438
917851
918264
918677
919090
919503
919916
920329
920742
921157
921572
921988
922403
922818
923233
923649
924064
924479
924894
925309
925725
926142
926559
926977
927394
927812
928229
928647
929064
929482
929899
930317
930734
931153
931573
931993
932413
932832
933252
933672
934092
934511
934931
935351
935771
936192
936614
937036
937458
937880
938302
938724
939146
939568
939990
940412
940834
941258
941682
942107
942531
942955
943380
943804
944228
944653
945077
945501
945925
946351
946778
947205
947631
948058
948484
948911
949338
949764
950191
950618
951044
951472
951901
952330
952759
953188
953617
954046
954475
954904
955333
955762
956191
956621
957052
957483
957915
958346
958777
959209
959640
960071
960502
960934
961365
961797
962231
962665
963098
963532
963965
964399
964833
965266
965700
966133
966567
967002
967438
967874
968310
968746
969182
969618
970054
970490
970926
971362
971797
972235
972673
973111
973550
973988
974426
974865
975303
975741
976180
976618
977056
977496
977936
978377
978818
979258
979699
980140
980581
981021
981462
981903
982343
982785
983228
983671
984114
984557
985001
985444
985887
986330
986773
987216
987659
988103
988549
988994
989440
989885
990331
990776
991222
991667
992113
992558
993004
993450
993898
994346
994794
995242
995690
996137
996585
997033
997481
997929
998377
998826
999276
999726
1000177
1000627
1001078
1001528
1001978
1002429
1002879
1003329
1003780
1004231
1004683
1005136
1005589
1006042
1006495
1006947
1007400
1007853
1008306
1008759
1009211
1009665
1010120
1010575
1011030
1011486
1011941
1012396
1012852
1013307
1013762
1014217
1014673
1015128
1015586
1016044
1016501
1016959
1017417
1017875
1018332
1018790
1019248
1019706
1020163
1020621
1021082
1021542
1022002
1022462
1022922
1023383
1023843
1024303
1024763
1025223
1025684
1026144
1026607
1027070
1027532
1027995
1028458
1028920
1029383
1029846
1030309
1030771
1031234
1031697
1032162
1032627
1033093
1033558
1034023
1034488
1034953
1035419
1035884
1036349
1036814
1037280
1037747
1038215
1038683
1039151
1039618
1040086
1040554
1041022
1041489
1041957
1042425
1042893
1043363
1043833
1044303
1044774
1045244
1045714
1046185
1046655
1047125
1047595
1048066
1048536
1049009
1049482
1049954
1050427
1050900
1051373
1051846
1052319
1052791
1053264
1053737
1054210
1054685
1055161
1055636
1056111
1056587
1057062
1057538
1058013
1058488
1058964
1059439
1059915
1060392
1060870
1061348
1061826
1062304
1062782
1063260
1063738
1064216
1064694
1065172
1065650
1066130
1066611
1067091
1067572
1068053
1068533
1069014
1069494
1069975
1070456
1070936
1071417
1071899
1072383
1072866
1073349
1073832
1074315
1074799
1075282
1075765
1076248
1076731
1077215
1077700
1078185
1078671
1079157
1079643
1080129
1080615
1081100
1081586
1082072
1082558
1083044
1083531
1084020
1084508
1084997
1085485
1085974
1086462
1086951
1087439
1087927
1088416
1088904
1089395
1089886
1090377
1090868
1091359
1091850
1092341
1092832
1093323
1093815
1094306
1094797
1095290
1095783
1096277
1096771
1097265
1097758
1098252
1098746
1099240
1099734
1100227
1100721
1101216
1101713
1102209
1102706
1103202
1103699
1104195
1104692
1105188
1105685
1106181
1106677
1107175
1107674
1108174
1108673
1109172
1109671
1110170
1110669
1111169
1111668
1112167
1112666
1113166
1113668
1114170
1114672
1115174
1115676
1116178
1116680
1117181
1117683
1118185
1118687
1119190
1119695
1120199
1120704
1121208
1121713
1122218
1122722
1123227
1123731
1124236
1124741
1125246
1125754
1126261
1126768
1127276
1127783
1128290
1128798
1129305
1129812
1130320
1130827
1131335
1131845
1132355
1132865
1133376
1133886
1134396
1134906
1135416
1135926
1136436
1136946
1137457
1137970
1138483
1138996
1139509
1140021
1140534
1141047
1141560
1142073
1142586
1143099
1143612
1144128
1144643
1145159
1145675
1146190
1146706
1147222
1147737
1148253
1148769
1149284
1149801
1150319
1150837
1151356
1151874
1152393
1152911
1153430
1153948
1154467
1154985
1155503
1156022
1156544
1157065
1157586
1158107
1158629
1159150
1159671
1160192
1160714
1161235
1161756
1162278
1162802
1163326
1163850
1164374
1164898
1165422
1165946
1166471
1166995
1167519
1168043
1168567
1169094
1169621
1170148
1170675
1171202
1171729
1172256
1172783
1173310
1173837
1174363
1174891
1175420
1175950
1176480
1177010
1177540
1178069
1178599
1179129
1179659
1180189
1180718
1181248
1181781
1182313
1182846
1183379
1183912
1184444
1184977
1185510
1186042
1186575
1187108
1187640
1188176
1188711
1189247
1189782
1190318
1190854
1191389
1191925
1192460
1192996
1193531
1194067
1194605
1195144
1195682
1196221
1196759
1197298
1197836
1198375
1198913
1199451
1199990
1200528
1201069
1201611
1202152
1202694
1203235
1203776
1204318
1204859
1205401
1205942
1206483
1207025
1207569
1208113
1208657
1209202
1209746
1210290
1210835
1211379
1211923
1212468
1213012
1213556
1214103
1214650
1215198
1215745
1216292
1216840
1217387
1217934
1218482
1219029
1219576
1220123
1220673
1221223
1221773
1222324
1222874
1223424
1223975
1224525
1225075
1225625
1226176
1226726
1227278
1227832
1228385
1228938
1229491
1230045
1230598
1231151
1231704
1232258
1232811
1233364
1233919
1234476
1235032
1235588
1236144
1236701
1237257
1237813
1238369
1238926
1239482
1240038
1240596
1241156
1241715
1242274
1242834
1243393
1243952
1244511
1245071
1245630
1246189
1246748
1247310
1247872
1248434
1248996
1249559
1250121
1250683
1251246
1251808
1252370
1252933
1253495
1254059
1254624
1255190
1255755
1256320
1256886
1257451
1258017
1258582
1259147
1259713
1260278
1260845
1261413
1261982
1262550
1263119
1263687
1264256
1264824
1265393
1265961
1266529
1267098
1267668
1268239
1268811
1269382
1269954
1270525
1271097
1271668
1272240
1272811
1273383
1273955
1274527
1275102
1275677
1276251
1276826
1277401
1277975
1278550
1279124
1279699
1280274
1280848
1281424
1282002
1282580
1283157
1283735
1284313
1284891
1285468
1286046
1286624
1287202
1287779
1288358
1288939
1289520
1290101
1290682
1291263
1291844
1292424
1293005
1293586
1294167
1294748
1295330
1295914
1296498
1297082
1297666
1298250
1298834
1299418
1300002
1300586
1301170
1301754
1302339
1302926
1303514
1304101
1304688
1305275
1305862
1306450
1307037
1307624
1308211
1308798
1309386
1309977
1310567
1311158
1311748
1312338
1312929
1313519
1314110
1314700
1315290
1315881
1316472
1317065
1317659
1318253
1318846
1319440
1320033
1320627
1321221
1321814
1322408
1323001
1323595
1324192
1324789
1325386
1325983
1326580
1327176
1327773
1328370
1328967
1329564
1330161
1330758
1331358
1331958
1332558
1333158
1333758
1334358
1334958
1335558
1336158
1336758
1337358
1337959
1338562
1339165
1339769
1340372
1340975
1341579
1342182
1342785
1343389
1343992
1344595
1345199
1345805
1346412
1347019
1347625
1348232
1348838
1349445
1350052
1350658
1351265
1351871
1352478
1353088
1353698
1354308
1354918
1355527
1356137
1356747
1357357
1357967
1358577
1359187
1359797
1360410
1361023
1361636
1362249
1362863
1363476
1364089
1364702
1365315
1365929
1366542
1367155
1367771
1368388
1369004
1369621
1370237
1370854
1371470
1372087
1372703
1373320
1373937
1374553
1375172
1375792
1376412
1377032
1377652
1378272
1378892
1379512
1380132
1380751
1381371
1381991
1382614
1383237
1383860
1384484
1385107
1385730
1386353
1386977
1387600
1388223
1388846
1389470
1390096
1390722
1391349
1391975
1392602
1393229
1393855
1394482
1395109
1395735
1396362
1396989
1397618
1398248
1398878
1399508
1400138
1400768
1401398
1402028
1402658
1403288
1403918
1404548
1405180
1405814
1406447
1407081
1407714
1408348
1408981
1409615
1410248
1410882
1411515
1412149
1412784
1413421
1414058
1414695
1415332
1415969
1416606
1417243
1417879
1418516
1419153
1419790
1420429
1421069
1421710
1422350
1422991
1423631
1424271
1424912
1425552
1426192
1426833
1427473
1428115
1428759
1429403
1430047
1430691
1431335
1431978
1432622
1433266
1433910
1434554
1435198
1435843
1436491
1437138
1437785
1438433
1439080
1439727
1440375
1441022
1441669
1442317
1442964
1443613
1444264
1444915
1445565
1446216
1446867
1447518
1448169
1448820
1449471
1450121
1450772
1451425
1452079
1452733
1453388
1454042
1454697
1455351
1456005
1456660
1457314
1457968
1458623
1459279
1459937
1460594
1461252
1461910
1462568
1463226
1463884
1464542
1465200
1465858
1466516
1467175
1467837
1468498
1469160
1469821
1470483
1471144
1471806
1472467
1473129
1473790
1474452
1475114
1475779
1476444
1477110
1477775
1478440
1479105
1479770
1480435
1481100
1481765
1482430
1483096
1483765
1484434
1485103
1485771
1486440
1487109
1487777
1488446
1489115
1489784
1490452
1491122
1491794
1492467
1493139
1493811
1494484
1495156
1495828
1496501
1497173
1497845
1498518
1499191
1499867
1500543
1501219
1501895
1502571
1503247
1503923
1504599
1505275
1505951
1506627
1507303
1507983
1508662
1509342
1510022
1510701
1511381
1512061
1512740
1513420
1514100
1514779
1515459
1516143
1516826
1517509
1518193
1518876
1519560
1520243
1520926
1521610
1522293
1522976
1523660
1524347
1525034
1525721
1526408
1527095
1527782
1528469
1529156
1529843
1530531
1531218
1531905
1532596
1533286
1533977
1534668
1535359
1536050
1536740
1537431
1538122
1538813
1539504
1540194
1540889
1541583
1542278
1542972
1543667
1544362
1545056
1545751
1546445
1547140
1547834
1548529
1549227
1549925
1550624
1551322
1552020
1552718
1553417
1554115
1554813
1555512
1556210
1556908
1557610
1558312
1559014
1559716
1560419
1561121
1561823
1562525
1563227
1563929
1564631
1565333
1566039
1566745
1567451
1568156
1568862
1569568
1570274
1570980
1571686
1572392
1573098
1573804
1574513
1575223
1575932
1576642
1577352
1578062
1578771
1579481
1580191
1580901
1581610
1582320
1583033
1583747
1584460
1585174
1585887
1586601
1587315
1588028
1588742
1589455
1590169
1590883
1591599
1592317
1593034
1593752
1594469
1595187
1595904
1596621
1597339
1598056
1598774
1599491
1600212
1600933
1601654
1602376
1603097
1603819
1604540
1605261
1605983
1606704
1607425
1608147
1608871
1609596
1610321
1611047
1611772
1612497
1613222
1613948
1614673
1615398
1616124
1616849
1617577
1618306
1619035
1619764
1620494
1621223
1621952
1622681
1623411
1624140
1624869
1625598
1626330
1627063
1627796
1628529
1629263
1629996
1630729
1631462
1632195
1632928
1633662
1634395
1635130
1635867
1636605
1637342
1638079
1638816
1639553
1640290
1641028
1641765
1642502
1643239
1643978
1644719
1645461
1646202
1646943
1647684
1648425
1649166
1649908
1650649
1651390
1652131
1652874
1653619
1654365
1655110
1655855
1656600
1657345
1658091
1658836
1659581
1660326
1661071
1661818
1662568
1663317
1664066
1664815
1665565
1666314
1667063
1667812
1668562
1669311
1670060
1670811
1671564
1672317
1673071
1673824
1674577
1675331
1676084
1676837
1677591
1678344
1679097
1679852
1680609
1681367
1682124
1682882
1683639
1684396
1685154
1685911
1686669
1687426
1688183
1688942
1689703
1690465
1691226
1691988
1692750
1693511
1694273
1695034
1695796
1696557
1697319
1698081
1698847
1699612
1700378
1701144
1701909
1702675
1703441
1704206
1704972
1705738
1706503
1707270
1708040
1708810
1709579
1710349
1711119
1711889
1712659
1713428
1714198
1714968
1715738
1716508
1717282
1718056
1718830
1719604
1720378
1721152
1721926
1722700
1723474
1724248
1725022
1725797
1726575
1727353
1728131
1728909
1729688
1730466
1731244
1732022
1732800
1733579
1734357
1735135
1735918
1736700
1737483
1738265
1739047
1739830
1740612
1741395
1742177
1742960
1743742
1744525
1745311
1746098
1746885
1747671
1748458
1749245
1750031
1750818
1751605
1752391
1753178
1753965
1754756
1755546
1756337
1757128
1757919
1758710
1759501
1760292
1761083
1761874
1762665
1763456
1764251
1765046
1765841
1766637
1767432
1768227
1769022
1769818
1770613
1771408
1772203
1772998
1773798
1774597
1775397
1776196
1776996
1777795
1778595
1779395
1780194
1780994
1781793
1782593
1783396
1784200
1785004
1785808
1786612
1787416
1788219
1789023
1789827
1790631
1791435
1792239
1793046
1793855
1794663
1795471
1796280
1797088
1797896
1798704
1799513
1800321
1801129
1801937
1802749
1803562
1804374
1805187
1806000
1806812
1807625
1808438
1809250
1810063
1810876
1811688
1812504
1813321
1814138
1814955
1815772
1816589
1817406
1818224
1819041
1819858
1820675
1821492
1822312
1823134
1823955
1824777
1825598
1826419
1827241
1828062
1828884
1829705
1830527
1831348
1832173
1832999
1833825
1834651
1835477
1836303
1837129
1837955
1838781
1839607
1840433
1841258
1842087
1842918
1843748
1844579
1845409
1846239
1847070
1847900
1848731
1849561
1850392
1851222
1852055
1852890
1853725
1854560
1855395
1856230
1857065
1857900
1858735
1859570
1860405
1861240
1862077
1862917
1863756
1864596
1865435
1866275
1867114
1867953
1868793
1869632
1870472
1871311
1872153
1872997
1873841
1874685
1875529
1876373
1877217
1878062
1878906
1879750
1880594
1881438
1882284
1883132
1883981
1884830
1885678
1886527
1887376
1888224
1889073
1889921
1890770
1891619
1892469
1893323
1894176
1895029
1895882
1896735
1897589
1898442
1899295
1900148
1901002
1901855
1902710
1903568
1904426
1905284
1906141
1906999
1907857
1908715
1909573
1910431
1911289
1912146
1913006
1913868
1914731
1915593
1916456
1917319
1918181
1919044
1919906
1920769
1921631
1922494
1923358
1924225
1925092
1925959
1926826
1927694
1928561
1929428
1930295
1931162
1932030
1932897
1933765
1934637
1935509
1936381
1937253
1938125
1938997
1939869
1940741
1941613
1942484
1943356
1944229
1945106
1945983
1946859
1947736
1948613
1949489
1950366
1951243
1952119
1952996
1953873
1954750
1955631
1956513
1957394
1958276
1959157
1960038
1960920
1961801
1962683
1963564
1964446
1965328
1966214
1967100
1967986
1968872
1969759
1970645
1971531
1972417
1973303
1974190
1975076
1975962
1976853
1977744
1978635
1979526
1980417
1981308
1982199
1983091
1983982
1984873
1985764
1986655
1987551
1988446
1989342
1990238
1991134
1992030
1992926
1993822
1994717
1995613
1996509
1997405
1998306
1999206
2000107
2001008
2001909
2002809
2003710
2004611
2005511
2006412
2007313
2008214
2009119
2010025
2010930
2011836
2012741
2013647
2014553
2015458
2016364
2017269
2018175
2019081
2019991
2020901
2021812
2022722
2023633
2024543
2025454
2026364
2027275
2028186
2029096
2030007
2030921
2031837
2032752
2033668
2034583
2035499
2036414
2037330
2038245
2039161
2040076
2040992
2041911
2042832
2043752
2044673
2045593
2046513
2047434
2048354
2049275
2050195
2051116
2052036
2052961
2053886
2054811
2055737
2056662
2057588
2058513
2059439
2060364
2061289
2062215
2063140
2064070
2065000
2065930
2066861
2067791
2068722
2069652
2070583
2071513
2072444
2073374
2074305
2075239
2076174
2077110
2078045
2078981
2079916
2080852
2081787
2082723
2083658
2084594
2085529
2086468
2087409
2088349
2089290
2090231
2091171
2092112
2093052
2093993
2094934
2095874
2096815
2097759
2098704
2099650
2100596
2101541
2102487
2103433
2104379
2105324
2106270
2107216
2108161
2109110
2110061
2111012
2111963
2112913
2113864
2114815
2115766
2116717
2117668
2118618
2119569
2120523
2121479
2122435
2123391
2124347
2125303
2126259
2127215
2128171
2129127
2130083
2131039
2131998
2132959
2133920
2134881
2135842
2136804
2137765
2138726
2139687
2140648
2141609
2142571
2143534
2144501
2145467
2146434
2147400
2148366
2149333
2150299
2151266
2152232
2153198
2154165
2155133
2156105
2157077
2158048
2159020
2159992
2160963
2161935
2162907
2163878
2164850
2165822
2166795
2167772
2168749
2169726
2170703
2171680
2172657
2173634
2174611
2175588
2176565
2177542
2178520
2179503
2180485
2181467
2182449
2183432
2184414
2185396
2186378
2187360
2188343
2189325
2190309
2191296
2192284
2193272
2194259
2195247
2196234
2197222
2198209
2199197
2200185
2201172
2202161
2203154
2204147
2205140
2206133
2207126
2208119
2209112
2210105
2211097
2212090
2213083
2214077
2215076
2216074
2217072
2218071
2219069
2220067
2221066
2222064
2223062
2224061
2225059
2226058
2227062
2228066
2229070
2230073
2231077
2232081
2233085
2234088
2235092
2236096
2237100
2238104
2239113
2240122
2241132
2242141
2243150
2244159
2245168
2246178
2247187
2248196
2249205
2250215
2251230
2252244
2253259
2254274
2255288
2256303
2257318
2258332
2259347
2260362
2261376
2262391
2263412
2264432
2265452
2266472
2267492
2268512
2269533
2270553
2271573
2272593
2273613
2274634
2275659
2276685
2277711
2278737
2279762
2280788
2281814
2282839
2283865
2284891
2285917
2286942
2287973
2289005
2290036
2291067
2292099
2293130
2294161
2295193
2296224
2297255
2298286
2299318
2300354
2301391
2302428
2303465
2304502
2305539
2306576
2307612
2308649
2309686
2310723
2311760
2312802
2313844
2314887
2315930
2316972
2318015
2319057
2320100
2321142
2322185
2323227
2324270
2325317
2326365
2327413
2328462
2329510
2330558
2331606
2332654
2333703
2334751
2335799
2336847
2337900
2338954
2340008
2341062
2342115
2343169
2344223
2345277
2346331
2347385
2348439
2349492
2350551
2351610
2352670
2353730
2354789
2355849
2356908
2357968
2359028
2360087
2361147
2362206
2363270
2364336
2365401
2366466
2367532
2368597
2369662
2370728
2371793
2372858
2373924
2374989
2376058
2377129
2378201
2379272
2380343
2381414
2382485
2383556
2384627
2385699
2386770
2387841
2388916
2389993
2391070
2392147
2393224
2394301
2395377
2396454
2397531
2398608
2399685
2400762
2401843
2402926
2404008
2405091
2406174
2407257
2408340
2409422
2410505
2411588
2412671
2413753
2414840
2415928
2417017
2418106
2419194
2420283
2421372
2422460
2423549
2424638
2425726
2426815
2427907
2429001
2430096
2431191
2432285
2433380
2434474
2435569
2436664
2437758
2438853
2439947
2441045
2442145
2443246
2444346
2445447
2446547
2447648
2448749
2449849
2450950
2452050
2453151
2454254
2455360
2456467
2457573
2458680
2459786
2460893
2461999
2463106
2464212
2465319
2466425
2467534
2468647
2469759
2470872
2471984
2473097
2474209
2475322
2476435
2477547
2478660
2479772
2480887
2482005
2483124
2484242
2485361
2486480
2487598
2488717
2489835
2490954
2492072
2493191
2494311
2495436
2496561
2497685
2498810
2499935
2501059
2502184
2503308
2504433
2505558
2506682
2507809
2508939
2510070
2511201
2512332
2513462
2514593
2515724
2516855
2517985
2519116
2520247
2521379
2522516
2523653
2524790
2525927
2527063
2528200
2529337
2530474
2531611
2532748
2533885
2535023
2536166
2537309
2538452
2539595
2540738
2541881
2543024
2544167
2545310
2546453
2547596
2548740
2549890
2551039
2552188
2553337
2554487
2555636
2556785
2557934
2559084
2560233
2561382
2562532
2563688
2564843
2565999
2567154
2568310
2569465
2570621
2571776
2572932
2574087
2575243
2576399
2577560
2578722
2579884
2581046
2582207
2583369
2584531
2585693
2586854
2588016
2589178
2590340
2591508
2592676
2593844
2595012
2596180
2597348
2598517
2599685
2600853
2602021
2603189
2604357
2605531
2606706
2607880
2609055
2610229
2611403
2612578
2613752
2614927
2616101
2617276
2618450
2619630
2620811
2621992
2623173
2624354
2625534
2626715
2627896
2629077
2630258
2631438
2632619
2633806
2634993
2636180
2637368
2638555
2639742
2640929
2642116
2643304
2644491
2645678
2646865
2648058
2649252
2650445
2651639
2652833
2654026
2655220
2656414
2657607
2658801
2659995
2661188
2662387
2663587
2664788
2665988
2667188
2668388
2669588
2670788
2671988
2673189
2674389
2675589
2676794
2678001
2679207
2680414
2681621
2682827
2684034
2685241
2686447
2687654
2688861
2690067
2691279
2692492
2693705
2694918
2696132
2697345
2698558
2699771
2700984
2702198
2703411
2704624
2705842
2707062
2708282
2709501
2710721
2711941
2713161
2714380
2715600
2716820
2718040
2719260
2720484
2721710
2722937
2724163
2725390
2726616
2727842
2729069
2730295
2731522
2732748
2733974
2735205
2736438
2737671
2738904
2740137
2741370
2742603
2743837
2745070
2746303
2747536
2748769
2750006
2751246
2752485
2753725
2754965
2756205
2757444
2758684
2759924
2761164
2762404
2763643
2764887
2766133
2767380
2768626
2769873
2771119
2772366
2773612
2774859
2776105
2777352
2778598
2779848
2781101
2782355
2783608
2784861
2786115
2787368
2788621
2789874
2791128
2792381
2793634
2794891
2796151
2797411
2798671
2799931
2801191
2802451
2803711
2804971
2806231
2807491
2808751
2810014
2811281
2812548
2813815
2815082
2816349
2817616
2818883
2820150
2821417
2822684
2823950
2825220
2826494
2827768
2829041
2830315
2831589
2832863
2834137
2835410
2836684
2837958
2839232
2840508
2841789
2843069
2844350
2845631
2846911
2848192
2849473
2850754
2852034
2853315
2854596
2855878
2857166
2858454
2859741
2861029
2862317
2863604
2864892
2866180
2867467
2868755
2870043
2871332
2872627
2873922
2875216
2876511
2877806
2879100
2880395
2881690
2882984
2884279
2885574
2886870
2888171
2889473
2890775
2892076
2893378
2894680
2895982
2897283
2898585
2899887
2901188
2902491
2903800
2905109
2906417
2907726
2909035
2910344
2911653
2912961
2914270
2915579
2916888
2918197
2919513
2920829
2922145
2923461
2924777
2926092
2927408
2928724
2930040
2931356
2932672
2933988
2935311
2936634
2937957
2939280
2940603
2941926
2943249
2944572
2945895
2947218
2948541
2949865
2951195
2952525
2953855
2955185
2956516
2957846
2959176
2960506
2961836
2963167
2964497
2965827
2967164
2968502
2969839
2971177
2972514
2973852
2975189
2976526
2977864
2979201
2980539
2981876
2983220
2984565
2985910
2987255
2988599
2989944
2991289
2992633
2993978
2995323
2996667
2998012
2999363
3000715
3002067
3003419
3004771
3006123
3007475
3008827
3010179
3011531
3012883
3014235
3015594
3016953
3018312
3019672
3021031
3022390
3023750
3025109
3026468
3027828
3029187
3030546
3031912
3033278
3034645
3036012
3037378
3038745
3040112
3041479
3042845
3044212
3045579
3046945
3048318
3049692
3051066
3052440
3053815
3055189
3056563
3057937
3059311
3060685
3062059
3063433
3064813
3066195
3067576
3068958
3070340
3071721
3073103
3074484
3075866
3077247
3078629
3080011
3081398
3082787
3084176
3085565
3086954
3088343
3089732
3091121
3092510
3093899
3095288
3096678
3098072
3099468
3100865
3102262
3103658
3105055
3106452
3107848
3109245
3110641
3112038
3113435
3114836
3116240
3117645
3119049
3120453
3121857
3123261
3124666
3126070
3127474
3128878
3130282
3131691
3133103
3134515
3135927
3137339
3138750
3140162
3141574
3142986
3144398
3145810
3147221
3148637
3150057
3151476
3152896
3154316
3155735
3157155
3158574
3159994
3161413
3162833
3164252
3165675
3167103
3168530
3169957
3171384
3172812
3174239
3175666
3177093
3178520
3179948
3181375
3182806
3184241
3185676
3187111
3188546
3189980
3191415
3192850
3194285
3195720
3197155
3198590
3200029
3201471
3202914
3204357
3205800
3207242
3208685
3210128
3211571
3213013
3214456
3215899
3217345
3218795
3220246
3221696
3223147
3224598
3226048
3227499
3228949
3230400
3231850
3233301
3234754
3236213
3237671
3239130
3240588
3242047
3243505
3244964
3246422
3247881
3249339
3250797
3252258
3253725
3255191
3256658
3258124
3259590
3261057
3262523
3263989
3265456
3266922
3268389
3269857
3271331
3272806
3274280
3275754
3277229
3278703
3280177
3281652
3283126
3284601
3286075
3287551
3289033
3290516
3291998
3293480
3294963
3296445
3297927
3299410
3300892
3302375
3303857
3305341
3306831
3308321
3309812
3311302
3312793
3314283
3315773
3317264
3318754
3320245
3321735
3323227
3324725
3326224
3327722
3329221
3330719
3332218
3333716
3335215
3336713
3338212
3339710
3341209
3342716
3344223
3345729
3347236
3348742
3350249
3351756
3353262
3354769
3356276
3357782
3359289
3360804
3362319
3363834
3365349
3366863
3368378
3369893
3371408
3372923
3374437
3375952
3377467
3378990
3380513
3382036
3383559
3385082
3386605
3388128
3389651
3391175
3392698
3394221
3395744
3397275
3398806
3400337
3401869
3403400
3404931
3406463
3407994
3409525
3411056
3412588
3414119
3415658
3417198
3418737
3420277
3421817
3423356
3424896
3426436
3427975
3429515
3431054
3432594
3434141
3435689
3437237
3438785
3440333
3441881
3443429
3444977
3446525
3448073
3449621
3451169
3452724
3454280
3455837
3457393
3458950
3460506
3462062
3463619
3465175
3466731
3468288
3469844
3471407
3472972
3474537
3476102
3477667
3479232
3480797
3482361
3483926
3485491
3487056
3488621
3490192
3491765
3493339
3494912
3496485
3498059
3499632
3501205
3502779
3504352
3505925
3507499
3509078
3510660
3512242
3513824
3515406
3516988
3518570
3520151
3521733
3523315
3524897
3526479
3528067
3529657
3531248
3532838
3534429
3536019
3537610
3539200
3540790
3542381
3543971
3545562
3547158
3548757
3550356
3551955
3553554
3555153
3556752
3558352
3559951
3561550
3563149
3564748
3566352
3567960
3569568
3571176
3572784
3574391
3575999
3577607
3579215
3580822
3582430
3584038
3585651
3587267
3588884
3590500
3592117
3593733
3595350
3596966
3598583
3600199
3601816
3603432
3605053
3606679
3608304
3609929
3611555
3613180
3614805
3616431
3618056
3619681
3621306
3622932
3624561
3626195
3627829
3629464
3631098
3632732
3634366
3636000
3637634
3639268
3640902
3642537
3644175
3645818
3647461
3649104
3650747
3652390
3654032
3655675
3657318
3658961
3660604
3662247
3663894
3665546
3667198
3668850
3670502
3672154
3673805
3675457
3677109
3678761
3680413
3682065
3683720
3685381
3687042
3688703
3690364
3692025
3693685
3695346
3697007
3698668
3700329
3701990
3703654
3705323
3706993
3708663
3710333
3712003
3713673
3715343
3717013
3718683
3720353
3722022
3723695
3725374
3727053
3728732
3730411
3732090
3733769
3735448
3737127
3738806
3740485
3742164
3743845
3745533
3747221
3748909
3750597
3752285
3753973
3755661
3757349
3759037
3760725
3762414
3764103
3765801
3767498
3769195
3770892
3772590
3774287
3775984
3777681
3779379
3781076
3782773
3784472
3786178
3787885
3789591
3791298
3793004
3794711
3796417
3798124
3799830
3801536
3803243
3804950
3806666
3808382
3810098
3811813
3813529
3815245
3816961
3818676
3820392
3822108
3823823
3825540
3827265
3828990
3830715
3832440
3834165
3835890
3837615
3839340
3841065
3842790
3844515
3846241
3847975
3849710
3851444
3853178
3854913
3856647
3858382
3860116
3861850
3863585
3865319
3867054
3868797
3870541
3872285
3874029
3875773
3877517
3879260
3881004
3882748
3884492
3886236
3887980
3889732
3891486
3893239
3894992
3896746
3898499
3900252
3902005
3903759
3905512
3907265
3909019
3910781
3912543
3914306
3916069
3917832
3919595
3921358
3923120
3924883
3926646
3928409
3930172
3931943
3933715
3935488
3937260
3939032
3940805
3942577
3944349
3946122
3947894
3949667
3951439
3953219
3955001
3956783
3958565
3960347
3962129
3963911
3965693
3967476
3969258
3971040
3972822
3974611
3976403
3978195
3979986
3981778
3983570
3985361
3987153
3988945
3990736
3992528
3994320
3996119
3997920
3999722
4001523
4003324
4005126
4006927
4008729
4010530
4012331
4014133
4015934
4017743
4019554
4021365
4023176
4024987
4026799
4028610
4030421
4032232
4034043
4035855
4037666
4039483
4041305
4043126
4044947
4046768
4048589
4050410
4052231
4054052
4055873
4057694
4059515
4061342
4063173
4065004
4066835
4068666
4070497
4072328
4074159
4075989
4077820
4079651
4081482
4083319
4085160
4087001
4088841
4090682
4092523
4094364
4096205
4098046
4099887
4101728
4103568
4105415
4107266
4109116
4110967
4112818
4114669
4116520
4118371
4120222
4122072
4123923
4125774
4127630
4129491
4131352
4133213
4135074
4136935
4138795
4140656
4142517
4144378
4146239
4148100
4149966
4151837
4153708
4155579
4157450
4159321
4161192
4163063
4164934
4166805
4168676
4170547
4172422
4174303
4176184
4178065
4179947
4181828
4183709
4185590
4187471
4189353
4191234
4193115
4195000
4196891
4198783
4200674
4202565
4204457
4206348
4208240
4210131
4212022
4213914
4215805
4217700
4219602
4221503
4223405
4225307
4227208
4229110
4231012
4232913
4234815
4236717
4238618
4240523
4242435
4244347
4246259
4248171
4250083
4251995
4253907
4255819
4257731
4259643
4261555
4263469
4265392
4267314
4269236
4271159
4273081
4275003
4276926
4278848
4280771
4282693
4284615
4286540
4288473
4290405
4292338
4294271
4296204
4298137
4300070
4302002
4303935
4305868
4307801
4309735
4311679
4313622
4315565
4317508
4319452
4321395
4323338
4325282
4327225
4329168
4331112
4333056
4335010
4336964
4338918
4340872
4342825
4344779
4346733
4348687
4350641
4352595
4354549
4356503
4358468
4360432
4362397
4364361
4366326
4368290
4370255
4372219
4374184
4376148
4378112
4380077
4382052
4384028
4386003
4387978
4389953
4391928
4393903
4395878
4397854
4399829
4401804
4403779
4405765
4407751
4409736
4411722
4413708
4415694
4417680
4419666
4421652
4423637
4425623
4427609
4429605
4431602
4433599
4435595
4437592
4439589
4441585
4443582
4445578
4447575
4449572
4451568
4453575
4455582
4457590
4459597
4461605
4463612
4465620
4467627
4469635
4471642
4473650
4475657
4477674
4479693
4481711
4483729
4485748
4487766
4489785
4491803
4493821
4495840
4497858
4499877
4501904
4503933
4505963
4507992
4510021
4512051
4514080
4516109
4518139
4520168
4522197
4524227
4526265
4528305
4530346
4532386
4534426
4536467
4538507
4540547
4542588
4544628
4546668
4548709
4550757
4552809
4554860
4556912
4558963
4561015
4563066
4565118
4567169
4569220
4571272
4573323
4575383
4577445
4579508
4581570
4583633
4585696
4587758
4589821
4591883
4593946
4596008
4598071
4600141
4602215
4604289
4606362
4608436
4610510
4612584
4614658
4616731
4618805
4620879
4622953
4625034
4627119
4629204
4631289
4633374
4635459
4637544
4639629
4641714
4643799
4645884
4647969
4650061
4652157
4654253
4656350
4658446
4660542
4662639
4664735
4666832
4668928
4671024
4673121
4675223
4677331
4679439
4681546
4683654
4685762
4687870
4689977
4692085
4694193
4696301
4698408
4700522
4702641
4704760
4706879
4708999
4711118
4713237
4715356
4717475
4719595
4721714
4723833
4725957
4728088
4730219
4732350
4734480
4736611
4738742
4740872
4743003
4745134
4747264
4749395
4751531
4753673
4755815
4757957
4760100
4762242
4764384
4766527
4768669
4770811
4772953
4775096
4777242
4779396
4781550
4783704
4785858
4788012
4790166
4792320
4794473
4796627
4798781
4800935
4803093
4805259
4807424
4809590
4811755
4813921
4816087
4818252
4820418
4822583
4824749
4826915
4829084
4831261
4833438
4835616
4837793
4839970
4842148
4844325
4846502
4848680
4850857
4853034
4855215
4857404
4859593
4861782
4863972
4866161
4868350
4870539
4872728
4874917
4877107
4879296
4881488
4883689
4885890
4888091
4890292
4892493
4894694
4896895
4899096
4901297
4903498
4905699
4907902
4910115
4912328
4914541
4916754
4918967
4921180
4923393
4925606
4927819
4930032
4932245
4934460
4936685
4938910
4941135
4943360
4945585
4947810
4950035
4952260
4954485
4956710
4958935
4961162
4963399
4965636
4967873
4970110
4972347
4974584
4976821
4979058
4981296
4983533
4985770
4988007
4990257
4992506
4994755
4997005
4999254
5001503
5003752
5006002
5008251
5010500
5012749
5014999
5017260
5019522
5021783
5024045
5026306
5028568
5030829
5033090
5035352
5037613
5039875
5042136
5044410
5046683
5048957
5051231
5053505
5055778
5058052
5060326
5062600
5064873
5067147
5069421
5071706
5073992
5076278
5078564
5080851
5083137
5085423
5087709
5089995
5092281
5094567
5096853
5099150
5101449
5103747
5106046
5108344
5110643
5112941
5115240
5117538
5119837
5122135
5124434
5126743
5129054
5131365
5133676
5135987
5138298
5140609
5142920
5145231
5147542
5149853
5152164
5154485
5156809
5159132
5161456
5163779
5166103
5168426
5170750
5173073
5175397
5177720
5180044
5182377
5184713
5187049
5189386
5191722
5194058
5196394
5198730
5201066
5203403
5205739
5208075
5210420
5212769
5215118
5217467
5219815
5222164
5224513
5226862
5229211
5231560
5233909
5236257
5238615
5240976
5243338
5245700
5248061
5250423
5252784
5255146
5257508
5259869
5262231
5264592
5266962
5269337
5271711
5274085
5276460
5278834
5281209
5283583
5285958
5288332
5290706
5293081
5295463
5297850
5300238
5302625
5305012
5307400
5309787
5312174
5314561
5316949
5319336
5321723
5324118
5326518
5328918
5331319
5333719
5336119
5338520
5340920
5343320
5345720
5348121
5350521
5352928
5355341
5357755
5360168
5362581
5364994
5367408
5369821
5372234
5374648
5377061
5379474
5381894
5384320
5386747
5389173
5391599
5394026
5396452
5398879
5401305
5403732
5406158
5408584
5411016
5413456
5415896
5418335
5420775
5423214
5425654
5428094
5430533
5432973
5435412
5437852
5440297
5442750
5445202
5447655
5450108
5452561
5455014
5457467
5459919
5462372
5464825
5467278
5469735
5472201
5474668
5477134
5479600
5482066
5484532
5486998
5489465
5491931
5494397
5496863
5499333
5501813
5504292
5506772
5509251
5511731
5514211
5516690
5519170
5521649
5524129
5526608
5529091
5531584
5534077
5536570
5539063
5541556
5544049
5546542
5549035
5551528
5554022
5556515
5559011
5561517
5564024
5566530
5569037
5571543
5574050
5576556
5579063
5581569
5584076
5586583
5589092
5591612
5594132
5596652
5599172
5601692
5604213
5606733
5609253
5611773
5614293
5616813
5619335
5621869
5624403
5626937
5629471
5632005
5634538
5637072
5639606
5642140
5644674
5647208
5649743
5652291
5654838
5657386
5659933
5662481
5665029
5667576
5670124
5672671
5675219
5677767
5680315
5682876
5685438
5687999
5690561
5693122
5695684
5698245
5700806
5703368
5705929
5708491
5711052
5713628
5716203
5718778
5721354
5723929
5726504
5729080
5731655
5734230
5736806
5739381
5741956
5744545
5747135
5749724
5752313
5754903
5757492
5760081
5762671
5765260
5767849
5770439
5773028
5775631
5778234
5780837
5783441
5786044
5788647
5791251
5793854
5796458
5799061
5801664
5804268
5806884
5809501
5812119
5814736
5817354
5819971
5822589
5825206
5827824
5830441
5833059
5835677
5838306
5840938
5843570
5846201
5848833
5851465
5854097
5856728
5859360
5861992
5864623
5867255
5869899
5872545
5875191
5877837
5880483
5883129
5885775
5888421
5891067
5893713
5896359
5899005
5901662
5904322
5906983
5909643
5912304
5914964
5917624
5920285
5922945
5925605
5928266
5930926
5933597
5936272
5938947
5941622
5944297
5946971
5949646
5952321
5954996
5957671
5960346
5963020
5965705
5968395
5971084
5973773
5976463
5979152
5981841
5984531
5987220
5989909
5992599
5995288
5997987
6000691
6003395
6006099
6008803
6011507
6014211
6016915
6019619
6022323
6025027
6027731
6030443
6033162
6035881
6038599
6041318
6044037
6046755
6049474
6052193
6054911
6057630
6060349
6063076
6065809
6068542
6071276
6074009
6076743
6079476
6082209
6084943
6087676
6090410
6093143
6095884
6098632
6101381
6104129
6106877
6109625
6112374
6115122
6117870
6120618
6123367
6126115
6128870
6131634
6134397
6137160
6139923
6142686
6145449
6148213
6150976
6153739
6156502
6159265
6162035
6164813
6167592
6170370
6173148
6175926
6178704
6181482
6184261
6187039
6189817
6192595
6195379
6198173
6200966
6203759
6206552
6209346
6212139
6214932
6217725
6220519
6223312
6226105
6228904
6231712
6234521
6237329
6240138
6242946
6245754
6248563
6251371
6254180
6256988
6259797
6262610
6265434
6268257
6271081
6273905
6276728
6279552
6282376
6285199
6288023
6290847
6293670
6296498
6299337
6302176
6305015
6307854
6310693
6313532
6316371
6319210
6322049
6324888
6327727
6330570
6333424
6336279
6339133
6341988
6344842
6347697
6350551
6353405
6356260
6359114
6361969
6364826
6367696
6370566
6373436
6376306
6379176
6382046
6384916
6387786
6390655
6393525
6396395
6399268
6402153
6405039
6407924
6410810
6413695
6416581
6419466
6422352
6425237
6428123
6431008
6433896
6436797
6439698
6442599
6445500
6448401
6451303
6454204
6457105
6460006
6462907
6465808
6468711
6471628
6474545
6477462
6480378
6483295
6486212
6489129
6492046
6494963
6497880
6500797
6503714
6506647
6509580
6512513
6515445
6518378
6521311
6524244
6527177
6530109
6533042
6535975
6538908
6541856
6544805
6547754
6550702
6553651
6556600
6559548
6562497
6565446
6568394
6571343
6574292
6577256
6580220
6583185
6586150
6589114
6592079
6595044
6598009
6600973
6603938
6606903
6609867
6612847
6615827
6618808
6621789
6624770
6627751
6630731
6633712
6636693
6639674
6642655
6645635
6648630
6651627
6654624
6657621
6660618
6663615
6666612
6669609
6672606
6675603
6678600
6681597
6684608
6687621
6690634
6693647
6696661
6699674
6702687
6705700
6708714
6711727
6714740
6717753
6720779
6723809
6726839
6729868
6732898
6735928
6738957
6741987
6745016
6748046
6751076
6754105
6757147
6760193
6763239
6766285
6769331
6772378
6775424
6778470
6781516
6784562
6787608
6790654
6793712
6796774
6799837
6802899
6805962
6809025
6812087
6815150
6818213
6821275
6824338
6827400
6830474
6833553
6836632
6839712
6842791
6845870
6848949
6852029
6855108
6858187
6861266
6864346
6867435
6870531
6873627
6876723
6879819
6882915
6886011
6889107
6892203
6895299
6898395
6901491
6904596
6907709
6910822
6913935
6917048
6920160
6923273
6926386
6929499
6932611
6935724
6938837
6941959
6945088
6948218
6951348
6954477
6957607
6960737
6963866
6966996
6970126
6973256
6976385
6979523
6982670
6985817
6988963
6992110
6995257
6998403
7001550
7004697
7007843
7010990
7014137
7017291
7020455
7023619
7026782
7029946
7033110
7036274
7039437
7042601
7045765
7048929
7052092
7055263
7058444
7061625
7064806
7067987
7071168
7074349
7077530
7080711
7083892
7087073
7090253
7093441
7096639
7099837
7103035
7106234
7109432
7112630
7115828
7119026
7122225
7125423
7128621
7131825
7135041
7138256
7141472
7144687
7147903
7151118
7154334
7157550
7160765
7163981
7167196
7170417
7173650
7176883
7180116
7183349
7186582
7189815
7193048
7196281
7199514
7202747
7205980
7209218
7212468
7215719
7218969
7222220
7225471
7228721
7231972
7235222
7238473
7241724
7244974
7248228
7251497
7254765
7258033
7261301
7264570
7267838
7271106
7274374
7277642
7280911
7284179
7287450
7290736
7294022
7297308
7300594
7303880
7307166
7310452
7313738
7317024
7320310
7323596
7326884
7330188
7333492
7336796
7340099
7343403
7346707
7350011
7353315
7356619
7359922
7363226
7366532
7369853
7373175
7376497
7379819
7383140
7386462
7389784
7393106
7396427
7399749
7403071
7406393
7409733
7413073
7416413
7419753
7423092
7426432
7429772
7433112
7436452
7439791
7443131
7446471
7449829
7453187
7456545
7459903
7463261
7466619
7469977
7473335
7476693
7480050
7483408
7486766
7490142
7493518
7496894
7500270
7503646
7507023
7510399
7513775
7517151
7520527
7523903
7527280
7530673
7534067
7537462
7540856
7544251
7547645
7551040
7554434
7557829
7561223
7564618
7568012
7571423
7574836
7578249
7581662
7585075
7588488
7591900
7595313
7598726
7602139
7605552
7608965
7612394
7615825
7619256
7622688
7626119
7629551
7632982
7636414
7639845
7643277
7646708
7650140
7653586
7657036
7660486
7663936
7667386
7670836
7674287
7677737
7681187
7684637
7688087
7691537
7695001
7698470
7701939
7705408
7708877
7712345
7715814
7719283
7722752
7726221
7729690
7733158
7736641
7740128
7743616
7747104
7750591
7754079
7757567
7761054
7764542
7768030
7771517
7775005
7778505
7782012
7785519
7789025
7792532
7796038
7799545
7803052
7806558
7810065
7813571
7817078
7820597
7824122
7827648
7831174
7834699
7838225
7841751
7845276
7848802
7852327
7855853
7859379
7862916
7866460
7870005
7873550
7877095
7880640
7884184
7887729
7891274
7894819
7898364
7901908
7905464
7909028
7912592
7916156
7919720
7923284
7926848
7930412
7933976
7937540
7941104
7944668
7948242
7951825
7955409
7958992
7962575
7966159
7969742
7973326
7976909
7980492
7984076
7987659
7991252
7994855
7998457
8002060
8005663
8009266
8012869
8016472
8020074
8023677
8027280
8030883
8034494
8038117
8041739
8045361
8048984
8052606
8056229
8059851
8063473
8067096
8070718
8074341
8077971
8081613
8085255
8088897
8092539
8096181
8099823
8103465
8107107
8110749
8114391
8118033
8121682
8125344
8129006
8132668
8136330
8139992
8143653
8147315
8150977
8154639
8158301
8161963
8165631
8169312
8172994
8176676
8180357
8184039
8187721
8191403
8195084
8198766
8202448
8206130
8209817
8213518
8217220
8220922
8224624
8228325
8232027
8235729
8239430
8243132
8246834
8250536
8254242
8257964
8261685
8265407
8269129
8272851
8276573
8280295
8284016
8287738
8291460
8295182
8298907
8302649
8306391
8310133
8313875
8317617
8321360
8325102
8328844
8332586
8336328
8340070
8343815
8347577
8351339
8355102
8358864
8362626
8366389
8370151
8373913
8377676
8381438
8385200
8388965
8392748
8396530
8400313
8404096
8407879
8411661
8415444
8419227
8423010
8426793
8430575
8434359
8438163
8441966
8445769
8449573
8453376
8457179
8460983
8464786
8468589
8472393
8476196
8480000
8483823
8487647
8491471
8495295
8499119
8502943
8506767
8510591
8514415
8518239
8522063
8525887
8529731
8533576
8537421
8541266
8545110
8548955
8552800
8556645
8560489
8564334
8568179
8572024
8575888
8579753
8583619
8587485
8591350
8595216
8599081
8602947
8606813
8610678
8614544
8618410
8622294
8626180
8630067
8633954
8637840
8641727
8645614
8649500
8653387
8657273
8661160
8665047
8668951
8672859
8676766
8680674
8684582
8688490
8692397
8696305
8700213
8704120
8708028
8711936
8715861
8719790
8723719
8727648
8731576
8735505
8739434
8743363
8747292
8751221
8755150
8759079
8763024
8766974
8770925
8774875
8778825
8782776
8786726
8790676
8794626
8798577
8802527
8806477
8810443
8814415
8818386
8822358
8826330
8830302
8834273
8838245
8842217
8846188
8850160
8854132
8858118
8862112
8866105
8870098
8874091
8878085
8882078
8886071
8890065
8894058
8898051
8902044
8906052
8910067
8914081
8918096
8922111
8926126
8930141
8934156
8938171
8942186
8946201
8950216
8954244
8958281
8962318
8966355
8970391
8974428
8978465
8982502
8986538
8990575
8994612
8998649
9002698
9006756
9010815
9014874
9018932
9022991
9027050
9031108
9035167
9039226
9043285
9047343
9051413
9055494
9059575
9063655
9067736
9071817
9075898
9079978
9084059
9088140
9092221
9096301
9100393
9104495
9108598
9112701
9116804
9120907
9125010
9129113
9133216
9137318
9141421
9145524
9149637
9153762
9157887
9162012
9166137
9170263
9174388
9178513
9182638
9186763
9190888
9195014
9199148
9203295
9207443
9211590
9215738
9219885
9224033
9228180
9232328
9236476
9240623
9244771
9248926
9253096
9257266
9261436
9265607
9269777
9273947
9278117
9282287
9286457
9290627
9294797
9298974
9303167
9307360
9311552
9315745
9319938
9324131
9328323
9332516
9336709
9340901
9345094
9349293
9353509
9357724
9361940
9366155
9370371
9374586
9378801
9383017
9387232
9391448
9395663
9399884
9404123
9408361
9412599
9416838
9421076
9425314
9429553
9433791
9438030
9442268
9446506
9450749
9455010
9459272
9463533
9467795
9472056
9476317
9480579
9484840
9489102
9493363
9497624
9501889
9506174
9510458
9514743
9519027
9523312
9527596
9531881
9536165
9540450
9544734
9549019
9553306
9557614
9561922
9566229
9570537
9574845
9579153
9583461
9587768
9592076
9596384
9600692
9605001
9609332
9613663
9617995
9622326
9626657
9630988
9635319
9639651
9643982
9648313
9652644
9656976
9661331
9665685
9670040
9674395
9678749
9683104
9687459
9691813
9696168
9700523
9704878
9709232
9713610
9717989
9722367
9726745
9731124
9735502
9739880
9744259
9748637
9753015
9757394
9761772
9766173
9770575
9774977
9779379
9783781
9788183
9792586
9796988
9801390
9805792
9810194
9814596
9819020
9823446
9827872
9832298
9836724
9841150
9845576
9850002
9854428
9858854
9863280
9867706
9872153
9876603
9881053
9885503
9889953
9894403
9898853
9903303
9907753
9912203
9916653
9921103
9925573
9930047
9934522
9938996
9943470
9947944
9952419
9956893
9961367
9965841
9970315
9974790
9979283
9983781
9988280
9992778
9997277
10001775
10006274
10010772
10015271
10019769
10024268
10028767
10033283
10037806
10042329
10046852
10051375
10055898
10060421
10064944
10069467
10073989
10078512
10083035
10087575
10092123
10096670
10101218
10105765
10110313
10114860
10119408
10123955
10128503
10133050
10137598
10142162
10146734
10151306
10155878
10160450
10165022
10169595
10174167
10178739
10183311
10187883
10192456
10197043
10201640
10206237
10210834
10215431
10220028
10224625
10229222
10233819
10238416
10243013
10247610
10252222
10256844
10261466
10266088
10270710
10275331
10279953
10284575
10289197
10293819
10298441
10303063
10307699
10312346
10316993
10321640
10326287
10330934
10335581
10340228
10344875
10349522
10354169
10358817
10363476
10368148
10372821
10377493
10382165
10386838
10391510
10396182
10400854
10405527
10410199
10414871
10419555
10424253
10428950
10433648
10438346
10443043
10447741
10452439
10457137
10461834
10466532
10471230
10475938
10480661
10485384
10490107
10494830
10499554
10504277
10509000
10513723
10518446
10523170
10527893
10532625
10537374
10542123
10546872
10551621
10556369
10561118
10565867
10570616
10575365
10580114
10584863
10589620
10594394
10599169
10603944
10608718
10613493
10618267
10623042
10627817
10632591
10637366
10642141
10646922
10651723
10656524
10661324
10666125
10670925
10675726
10680526
10685327
10690127
10694928
10699729
10704535
10709362
10714189
10719015
10723842
10728668
10733495
10738322
10743148
10747975
10752802
10757628
10762460
10767313
10772166
10777018
10781871
10786724
10791577
10796430
10801283
10806135
10810988
10815841
10820698
10825577
10830456
10835336
10840215
10845094
10849973
10854852
10859731
10864611
10869490
10874369
10879251
10884157
10889063
10893968
10898874
10903780
10908685
10913591
10918497
10923402
10928308
10933214
10938121
10943054
10947986
10952918
10957851
10962783
10967715
10972647
10977580
10982512
10987444
10992377
10997310
11002269
11007228
11012187
11017146
11022105
11027064
11032024
11036983
11041942
11046901
11051860
11056819
11061805
11066791
11071777
11076763
11081749
11086735
11091721
11096707
11101693
11106679
11111665
11116651
11121663
11126676
11131689
11136702
11141715
11146728
11151741
11156754
11161767
11166781
11171794
11176807
11181845
11186885
11191925
11196966
11202006
11207046
11212087
11217127
11222167
11227207
11232248
11237288
11242352
11247420
11252488
11257555
11262623
11267691
11272758
11277826
11282894
11287961
11293029
11298097
11303187
11308282
11313377
11318473
11323568
11328663
11333758
11338853
11343949
11349044
11354139
11359234
11364351
11369474
11374597
11379720
11384843
11389966
11395088
11400211
11405334
11410457
11415580
11420703
11425846
11430997
11436148
11441298
11446449
11451600
11456750
11461901
11467052
11472202
11477353
11482504
11487674
11492853
11498031
11503210
11508389
11513567
11518746
11523925
11529103
11534282
11539461
11544639
11549837
11555043
11560250
11565457
11570664
11575870
11581077
11586284
11591491
11596697
11601904
11607111
11612335
11617570
11622805
11628041
11633276
11638511
11643746
11648981
11654216
11659451
11664686
11669921
11675172
11680436
11685699
11690963
11696226
11701490
11706753
11712017
11717280
11722544
11727807
11733070
11738349
11743641
11748933
11754226
11759518
11764810
11770102
11775394
11780686
11785978
11791270
11796562
11801868
11807189
11812510
11817831
11823151
11828472
11833793
11839114
11844434
11849755
11855076
11860397
11865731
11871080
11876430
11881780
11887129
11892479
11897829
11903178
11908528
11913878
11919228
11924577
11929939
11935318
11940696
11946075
11951454
11956833
11962211
11967590
11972969
11978347
11983726
11989105
11994495
11999902
12005310
12010718
12016126
12021534
12026942
12032350
12037758
12043166
12048574
12053982
12059399
12064837
12070274
12075711
12081149
12086586
12092023
12097460
12102898
12108335
12113772
12119210
12124656
12130122
12135589
12141056
12146523
12151990
12157456
12162923
12168390
12173857
12179324
12184790
12190265
12195761
12201258
12206754
12212251
12217747
12223244
12228740
12234237
12239733
12245230
12250726
12256229
12261755
12267282
12272808
12278334
12283861
12289387
12294913
12300440
12305966
12311492
12317019
12322550
12328107
12333663
12339219
12344776
12350332
12355888
12361445
12367001
12372557
12378114
12383670
12389230
12394817
12400403
12405990
12411576
12417163
12422749
12428336
12433922
12439509
12445095
12450682
12456271
12461888
12467505
12473122
12478739
12484355
12489972
12495589
12501206
12506823
12512440
12518057
12523675
12529322
12534970
12540617
12546264
12551912
12557559
12563206
12568854
12574501
12580148
12585796
12591443
12597121
12602799
12608477
12614155
12619833
12625511
12631189
12636867
12642545
12648223
12653901
12659579
12665287
12670996
12676705
12682414
12688123
12693831
12699540
12705249
12710958
12716667
12722376
12728084
12733822
12739562
12745302
12751041
12756781
12762521
12768261
12774001
12779741
12785481
12791220
12796960
12802728
12808499
12814270
12820041
12825812
12831583
12837354
12843125
12848896
12854667
12860438
12866209
12872006
12877808
12883611
12889413
12895215
12901018
12906820
12912622
12918425
12924227
12930030
12935832
12941659
12947493
12953327
12959161
12964995
12970829
12976663
12982496
12988330
12994164
12999998
13005832
13011690
13017555
13023421
13029286
13035152
13041017
13046883
13052748
13058614
13064479
13070345
13076211
13082099
13087996
13093894
13099791
13105688
13111586
13117483
13123381
13129278
13135175
13141073
13146970
13152889
13158818
13164748
13170677
13176607
13182536
13188466
13194395
13200324
13206254
13212183
13218113
13224062
13230024
13235986
13241947
13247909
13253870
13259832
13265794
13271755
13277717
13283678
13289640
13295621
13301615
13307609
13313603
13319597
13325591
13331585
13337579
13343573
13349567
13355560
13361554
13367566
13373593
13379619
13385646
13391672
13397699
13403726
13409752
13415779
13421805
13427832
13433858
13439901
13445961
13452020
13458079
13464138
13470198
13476257
13482316
13488375
13494434
13500494
13506553
13512628
13518720
13524812
13530904
13536996
13543088
13549181
13555273
13561365
13567457
13573549
13579641
13585748
13591873
13597998
13604123
13610248
13616374
13622499
13628624
13634749
13640875
13647000
13653125
13659263
13665422
13671580
13677739
13683897
13690055
13696214
13702372
13708531
13714689
13720848
13727006
13733176
13739368
13745560
13751752
13757944
13764136
13770328
13776520
13782712
13788904
13795096
13801288
13807490
13813715
13819941
13826166
13832392
13838617
13844843
13851068
13857294
13863520
13869745
13875971
13882205
13888464
13894724
13900983
13907243
13913502
13919761
13926021
13932280
13938539
13944799
13951058
13957325
13963618
13969911
13976205
13982498
13988792
13995085
14001378
14007672
14013965
14020258
14026552
14032851
14039179
14045506
14051834
14058161
14064489
14070816
14077144
14083471
14089799
14096126
14102454
14108786
14115148
14121510
14127872
14134233
14140595
14146957
14153319
14159681
14166043
14172405
14178766
14185132
14191528
14197925
14204321
14210717
14217114
14223510
14229907
14236303
14242699
14249096
14255492
14261891
14268322
14274753
14281184
14287615
14294046
14300477
14306909
14313340
14319771
14326202
14332633
14339065
14345531
14351997
14358463
14364929
14371395
14377861
14384327
14390793
14397259
14403725
14410192
14416658
14423158
14429659
14436160
14442661
14449163
14455664
14462165
14468666
14475167
14481668
14488170
14494671
14501205
14507741
14514278
14520814
14527351
14533887
14540424
14546960
14553497
14560033
14566570
14573106
14579674
14586246
14592818
14599390
14605962
14612534
14619106
14625678
14632250
14638822
14645394
14651966
14658568
14665176
14671784
14678391
14684999
14691606
14698214
14704822
14711429
14718037
14724645
14731252
14737889
14744533
14751176
14757820
14764463
14771107
14777750
14784394
14791037
14797681
14804324
14810968
14817639
14824319
14830998
14837678
14844358
14851037
14857717
14864396
14871076
14877756
14884435
14891115
14897821
14904537
14911253
14917968
14924684
14931400
14938116
14944832
14951548
14958264
14964980
14971695
14978436
14985189
14991941
14998693
15005446
15012198
15018950
15025703
15032455
15039207
15045960
15052712
15059488
15066277
15073066
15079855
15086644
15093433
15100222
15107011
15113800
15120589
15127378
15134167
15140978
15147804
15154630
15161456
15168282
15175108
15181934
15188759
15195585
15202411
15209237
15216063
15222910
15229772
15236635
15243498
15250361
15257224
15264087
15270950
15277813
15284676
15291539
15298402
15305284
15312184
15319085
15325985
15332885
15339785
15346685
15353586
15360486
15367386
15374286
15381186
15388105
15395042
15401980
15408918
15415855
15422793
15429731
15436668
15443606
15450543
15457481
15464419
15471373
15478348
15485324
15492299
15499274
15506250
15513225
15520200
15527176
15534151
15541126
15548102
15555092
15562105
15569119
15576132
15583145
15590158
15597171
15604185
15611198
15618211
15625224
15632237
15639264
15646315
15653367
15660418
15667469
15674521
15681572
15688623
15695675
15702726
15709777
15716828
15723892
15730981
15738071
15745161
15752250
15759340
15766429
15773519
15780608
15787698
15794788
15801877
15808977
15816105
15823233
15830361
15837490
15844618
15851746
15858874
15866002
15873130
15880258
15887386
15894523
15901690
15908857
15916024
15923190
15930357
15937524
15944691
15951857
15959024
15966191
15973358
15980532
15987738
15994943
16002149
16009355
16016560
16023766
16030972
16038178
16045383
16052589
16059795
16067006
16074251
16081496
16088741
16095985
16103230
16110475
16117720
16124965
16132210
16139454
16146699
16153948
16161233
16168517
16175801
16183085
16190369
16197653
16204937
16212222
16219506
16226790
16234074
16241361
16248685
16256008
16263332
16270656
16277980
16285303
16292627
16299951
16307274
16314598
16321922
16329247
16336610
16343974
16351337
16358701
16366064
16373427
16380791
16388154
16395518
16402881
16410245
16417608
16425011
16432415
16439818
16447222
16454625
16462029
16469432
16476835
16484239
16491642
16499046
16506449
16513891
16521334
16528778
16536222
16543665
16551109
16558553
16565996
16573440
16580884
16588327
16595771
16603251
16610735
16618219
16625703
16633187
16640672
16648156
16655640
16663124
16670608
16678092
16685576
16693095
16700620
16708145
16715669
16723194
16730719
16738243
16745768
16753293
16760818
16768342
16775867
16783425
16790991
16798556
16806122
16813688
16821253
16828819
16836384
16843950
16851516
16859081
16866647
16874244
16881851
16889458
16897064
16904671
16912278
16919884
16927491
16935098
16942704
16950311
16957918
16965555
16973203
16980851
16988499
16996147
17003794
17011442
17019090
17026738
17034386
17042034
17049682
17057359
17065049
17072738
17080428
17088117
17095807
17103496
17111186
17118875
17126565
17134254
17141944
17149660
17157392
17165123
17172854
17180585
17188317
17196048
17203779
17211510
17219242
17226973
17234704
17242461
17250234
17258008
17265781
17273554
17281327
17289100
17296874
17304647
17312420
17320193
17327967
17335764
17343579
17351395
17359210
17367026
17374841
17382657
17390472
17398287
17406103
17413918
17421734
17429572
17437430
17445287
17453145
17461003
17468861
17476719
17484577
17492435
17500293
17508150
17516008
17523887
17531788
17539688
17547589
17555489
17563390
17571290
17579191
17587091
17594992
17602892
17610793
17618713
17626656
17634600
17642543
17650486
17658430
17666373
17674317
17682260
17690204
17698147
17706091
17714052
17722038
17730025
17738011
17745998
17753984
17761971
17769958
17777944
17785931
17793917
17801904
17809906
17817936
17825966
17833996
17842026
17850056
17858086
17866116
17874146
17882176
17890206
17898236
17906280
17914353
17922427
17930500
17938574
17946647
17954721
17962794
17970868
17978941
17987015
17995089
18003175
18011292
18019409
18027527
18035644
18043761
18051879
18059996
18068114
18076231
18084348
18092466
18100594
18108755
18116917
18125078
18133240
18141401
18149562
18157724
18165885
18174047
18182208
18190370
18198540
18206746
18214952
18223157
18231363
18239569
18247775
18255981
18264186
18272392
18280598
18288804
18297017
18305267
18313517
18321767
18330018
18338268
18346518
18354769
18363019
18371269
18379520
18387770
18396026
18404321
18412616
18420911
18429206
18437501
18445796
18454092
18462387
18470682
18478977
18487272
18495571
18503911
18512251
18520591
18528931
18537272
18545612
18553952
18562292
18570632
18578972
18587313
18595654
18604040
18612425
18620811
18629196
18637582
18645967
18654353
18662738
18671123
18679509
18687894
18696280
18704711
18713142
18721573
18730004
18738434
18746865
18755296
18763727
18772158
18780589
18789020
18797451
18805926
18814403
18822880
18831356
18839833
18848310
18856787
18865263
18873740
18882217
18890694
18899170
18907689
18916212
18924735
18933258
18941780
18950303
18958826
18967349
18975872
18984394
18992917
19001440
19010003
19018572
19027141
19035710
19044279
19052848
19061417
19069987
19078556
19087125
19095694
19104263
19112871
19121486
19130102
19138717
19147333
19155949
19164564
19173180
19181795
19190411
19199026
19207642
19216295
19224957
19233619
19242282
19250944
19259607
19268269
19276931
19285594
19294256
19302918
19311581
19320278
19328988
19337697
19346407
19355116
19363825
19372535
19381244
19389954
19398663
19407373
19416082
19424825
19433582
19442338
19451095
19459852
19468608
19477365
19486122
19494878
19503635
19512392
19521149
19529937
19538741
19547545
19556350
19565154
19573958
19582762
19591567
19600371
19609175
19617979
19626784
19635618
19644470
19653322
19662174
19671026
19679878
19688730
19697582
19706434
19715286
19724138
19732991
19741871
19750771
19759671
19768571
19777471
19786371
19795271
19804172
19813072
19821972
19830872
19839772
19848698
19857647
19866595
19875544
19884492
19893441
19902389
19911338
19920286
19929234
19938183
19947131
19956104
19965101
19974098
19983095
19992092
20001089
20010086
20019083
20028081
20037078
20046075
20055072
20064091
20073137
20082183
20091229
20100275
20109321
20118367
20127412
20136458
20145504
20154550
20163596
20172663
20181758
20190853
20199948
20209043
20218138
20227233
20236328
20245423
20254518
20263613
20272708
20281821
20290966
20300110
20309255
20318399
20327543
20336688
20345832
20354976
20364121
20373265
20382410
20391571
20400765
20409959
20419153
20428347
20437541
20446735
20455929
20465123
20474317
20483511
20492705
20501914
20511158
20520402
20529646
20538890
20548134
20557378
20566622
20575866
20585110
20594354
20603598
20612855
20622149
20631443
20640737
20650031
20659325
20668620
20677914
20687208
20696502
20705796
20715090
20724395
20733740
20743085
20752429
20761774
20771119
20780463
20789808
20799152
20808497
20817842
20827186
20836540
20845935
20855330
20864726
20874121
20883517
20892912
20902307
20911703
20921098
20930493
20939889
20949291
20958737
20968184
20977630
20987076
20996523
21005969
21015416
21024862
21034308
21043755
21053201
21062652
21072150
21081648
21091145
21100643
21110141
21119638
21129136
21138634
21148131
21157629
21167127
21176627
21186176
21195725
21205275
21214824
21224373
21233922
21243472
21253021
21262570
21272119
21281669
21291218
21300819
21310420
21320022
21329623
21339224
21348825
21358426
21368027
21377628
21387229
21396830
21406432
21416083
21425736
21435389
21445043
21454696
21464349
21474002
21483656
21493309
21502962
21512615
21522269
21531970
21541676
21551382
21561087
21570793
21580499
21590204
21599910
21609616
21619321
21629027
21638733
21648485
21658243
21668001
21677760
21687518
21697277
21707035
21716793
21726552
21736310
21746068
21755827
21765630
21775441
21785252
21795064
21804875
21814686
21824498
21834309
21844120
21853932
21863743
21873554
21883408
21893273
21903138
21913002
21922867
21932732
21942596
21952461
21962325
21972190
21982055
21991919
22001825
22011743
22021661
22031579
22041497
22051415
22061334
22071252
22081170
22091088
22101006
22110925
22120881
22130854
22140826
22150798
22160770
22170742
22180714
22190686
22200658
22210630
22220602
22230574
22240583
22250609
22260635
22270661
22280687
22290714
22300740
22310766
22320792
22330818
22340844
22350871
22360931
22371012
22381093
22391173
22401254
22411335
22421415
22431496
22441576
22451657
22461738
22471818
22481932
22492067
22502202
22512338
22522473
22532608
22542744
22552879
22563014
22573150
22583285
22593420
22603586
22613777
22623967
22634158
22644348
22654538
22664729
22674919
22685109
22695300
22705490
22715681
22725899
22736145
22746391
22756637
22766882
22777128
22787374
22797620
22807865
22818111
22828357
22838602
22848874
22859176
22869477
22879779
22890080
22900381
22910683
22920984
22931285
22941587
22951888
22962189
22972515
22982872
22993229
23003587
23013944
23024301
23034659
23045016
23055373
23065730
23076088
23086445
23096824
23107238
23117651
23128065
23138478
23148892
23159305
23169719
23180133
23190546
23200960
23211373
23221806
23232276
23242747
23253217
23263687
23274157
23284627
23295097
23305567
23316037
23326507
23336977
23347465
23357992
23368519
23379046
23389573
23400099
23410626
23421153
23431680
23442207
23452734
23463261
23473803
23484387
23494971
23505555
23516140
23526724
23537308
23547892
23558476
23569060
23579644
23590228
23600825
23611467
23622108
23632750
23643391
23654033
23664675
23675316
23685958
23696599
23707241
23717882
23728535
23739234
23749933
23760633
23771332
23782031
23792731
23803430
23814129
23824829
23835528
23846227
23856935
23867692
23878450
23889207
23899965
23910722
23921480
23932237
23942994
23953752
23964509
23975267
23986030
23996846
24007662
24018478
24029293
24040109
24050925
24061741
24072557
24083373
24094189
24105004
24115824
24126698
24137573
24148448
24159322
24170197
24181071
24191946
24202820
24213695
24224570
24235444
24246320
24257254
24268187
24279121
24290054
24300988
24311922
24322855
24333789
24344723
24355656
24366590
24377523
24388515
24399508
24410501
24421494
24432487
24443480
24454473
24465466
24476459
24487452
24498445
24509438
24520487
24531540
24542592
24553645
24564698
24575750
24586803
24597856
24608908
24619961
24631014
24642067
24653173
24664286
24675398
24686511
24697624
24708736
24719849
24730962
24742075
24753187
24764300
24775413
24786577
24797750
24808923
24820096
24831269
24842442
24853615
24864788
24875961
24887134
24898307
24909480
24920703
24931936
24943170
24954404
24965638
24976871
24988105
24999339
25010572
25021806
25033040
25044274
25055554
25066849
25078144
25089438
25100733
25112028
25123323
25134617
25145912
25157207
25168501
25179796
25191136
25202492
25213848
25225204
25236560
25247916
25259272
25270628
25281984
25293340
25304696
25316052
25327451
25338868
25350286
25361704
25373121
25384539
25395957
25407375
25418792
25430210
25441628
25453045
25464503
25475983
25487463
25498942
25510422
25521902
25533381
25544861
25556341
25567821
25579300
25590780
25602297
25613839
25625381
25636924
25648466
25660008
25671550
25683092
25694634
25706176
25717718
25729260
25740837
25752442
25764047
25775651
25787256
25798861
25810465
25822070
25833675
25845280
25856884
25868489
25880127
25891794
25903462
25915130
25926798
25938465
25950133
25961801
25973468
25985136
25996804
26008472
26020170
26031901
26043632
26055363
26067094
26078825
26090556
26102287
26114019
26125750
26137481
26149212
26160971
26172766
26184561
26196355
26208150
26219945
26231740
26243534
26255329
26267124
26278919
26290713
26302534
26314393
26326251
26338110
26349969
26361828
26373687
26385546
26397404
26409263
26421122
26432981
26444863
26456786
26468709
26480632
26492556
26504479
26516402
26528325
26540248
26552172
26564095
26576018
26587962
26599950
26611938
26623926
26635914
26647902
26659890
26671878
26683865
26695853
26707841
26719829
26731835
26743888
26755941
26767994
26780047
26792101
26804154
26816207
26828260
26840313
26852366
26864419
26876487
26888606
26900724
26912843
26924961
26937080
26949198
26961317
26973435
26985554
26997672
27009791
27021922
27034106
27046290
27058475
27070659
27082843
27095028
27107212
27119396
27131581
27143765
27155949
27168144
27180394
27192644
27204895
27217145
27229396
27241646
27253897
27266147
27278398
27290648
27302899
27315156
27327473
27339790
27352107
27364424
27376741
27389058
27401375
27413692
27426009
27438326
27450643
27462965
27475349
27487733
27500116
27512500
27524884
27537268
27549652
27562036
27574419
27586803
27599187
27611573
27624024
27636475
27648926
27661377
27673828
27686280
27698731
27711182
27723633
27736084
27748535
27760986
27773504
27786023
27798541
27811060
27823579
27836098
27848616
27861135
27873654
27886172
27898691
27911210
27923793
27936380
27948966
27961553
27974140
27986726
27999313
28011900
28024486
28037073
28049660
28062246
28074895
28087550
28100205
28112860
28125515
28138170
28150825
28163480
28176135
28188790
28201445
28214100
28226815
28239538
28252262
28264986
28277710
28290433
28303157
28315881
28328604
28341328
28354052
28366776
28379556
28392349
28405142
28417935
28430728
28443520
28456313
28469106
28481899
28494692
28507485
28520277
28533125
28545987
28558849
28571712
28584574
28597436
28610298
28623161
28636023
28648885
28661747
28674610
28687524
28700456
28713388
28726320
28739252
28752185
28765117
28778049
28790981
28803913
28816845
28829777
28842759
28855761
28868763
28881766
28894768
28907770
28920773
28933775
28946777
28959780
28972782
28985784
28998833
29011906
29024979
29038052
29051125
29064198
29077271
29090344
29103417
29116490
29129563
29142636
29155753
29168897
29182040
29195184
29208328
29221472
29234616
29247760
29260904
29274048
29287192
29300336
29313521
29326736
29339952
29353167
29366382
29379598
29392813
29406028
29419243
29432459
29445674
29458889
29472143
29485430
29498717
29512004
29525291
29538578
29551865
29565153
29578440
29591727
29605014
29618301
29631624
29644983
29658342
29671701
29685060
29698420
29711779
29725138
29738497
29751856
29765216
29778575
29791967
29805399
29818830
29832262
29845694
29859126
29872557
29885989
29899421
29912853
29926284
29939716
29953178
29966683
29980187
29993692
30007197
30020701
30034206
30047711
30061215
30074720
30088225
30101729
30115261
30128839
30142417
30155995
30169573
30183151
30196729
30210307
30223885
30237463
30251041
30264619
30278222
30291874
30305525
30319177
30332829
30346480
30360132
30373784
30387436
30401087
30414739
30428391
30442064
30455790
30469516
30483242
30496967
30510693
30524419
30538145
30551871
30565597
30579323
30593049
30606793
30620593
30634394
30648194
30661994
30675795
30689595
30703396
30717196
30730996
30744797
30758597
30772413
30786288
30800164
30814039
30827914
30841790
30855665
30869540
30883416
30897291
30911166
30925042
30938929
30952880
30966831
30980781
30994732
31008683
31022633
31036584
31050535
31064485
31078436
31092387
31106347
31120373
31134400
31148426
31162453
31176479
31190505
31204532
31218558
31232585
31246611
31260638
31274670
31288773
31302875
31316978
31331081
31345183
31359286
31373388
31387491
31401593
31415696
31429799
31443904
31458084
31472263
31486442
31500621
31514800
31528979
31543159
31557338
31571517
31585696
31599875
31614054
31628311
31642567
31656823
31671079
31685335
31699591
31713847
31728104
31742360
31756616
31770872
31785128
31799459
31813792
31828126
31842459
31856793
31871126
31885460
31899794
31914127
31928461
31942794
31957128
31971533
31985944
32000356
32014767
32029178
32043590
32058001
32072412
32086824
32101235
32115647
32130058
32144538
32159028
32173517
32188007
32202497
32216986
32231476
32245966
32260455
32274945
32289434
32303924
32318479
32333048
32347616
32362184
32376753
32391321
32405889
32420458
32435026
32449594
32464163
32478731
32493362
32508010
32522657
32537304
32551952
32566599
32581247
32595894
32610542
32625189
32639836
32654484
32669191
32683918
32698645
32713372
32728099
32742826
32757553
32772280
32787007
32801734
32816461
32831188
32845972
32860779
32875585
32890392
32905199
32920006
32934813
32949620
32964427
32979234
32994041
33008848
33023709
33038596
33053483
33068371
33083258
33098145
33113033
33127920
33142807
33157695
33172582
33187469
33202407
33217376
33232344
33247312
33262280
33277248
33292216
33307185
33322153
33337121
33352089
33367057
33382073
33397123
33412172
33427221
33442271
33457320
33472370
33487419
33502469
33517518
33532568
33547617
33562711
33577842
33592973
33608105
33623236
33638367
33653498
33668629
33683760
33698892
33714023
33729154
33744327
33759540
33774753
33789966
33805180
33820393
33835606
33850820
33866033
33881246
33896460
33911673
33926925
33942221
33957517
33972812
33988108
34003404
34018700
34033996
34049292
34064588
34079884
34095180
34110511
34125890
34141269
34156648
34172027
34187406
34202785
34218164
34233543
34248922
34264301
34279680
34295091
34310553
34326016
34341478
34356941
34372403
34387865
34403328
34418790
34434253
34449715
34465178
34480669
34496215
34511762
34527308
34542855
34558401
34573948
34589494
34605041
34620587
34636133
34651680
34667252
34682883
34698513
34714144
34729775
34745406
34761037
34776668
34792299
34807929
34823560
34839191
34854844
34870560
34886275
34901991
34917707
34933423
34949138
34964854
34980570
34996286
35012001
35027717
35043451
35059252
35075053
35090854
35106656
35122457
35138258
35154059
35169860
35185661
35201462
35217263
35233079
35248966
35264853
35280740
35296627
35312514
35328400
35344287
35360174
35376061
35391948
35407835
35423733
35439706
35455680
35471653
35487626
35503599
35519572
35535545
35551518
35567491
35583465
35599438
35615419
35631479
35647539
35663599
35679658
35695718
35711778
35727838
35743898
35759958
35776018
35792077
35808142
35824289
35840436
35856583
35872730
35888877
35905024
35921171
35937318
35953466
35969613
35985760
36001908
36018142
36034377
36050612
36066847
36083081
36099316
36115551
36131786
36148020
36164255
36180490
36196725
36213045
36229368
36245691
36262014
36278336
36294659
36310982
36327305
36343628
36359951
36376274
36392597
36409002
36425414
36441825
36458237
36474648
36491060
36507471
36523883
36540294
36556706
36573117
36589529
36606019
36622520
36639021
36655521
36672022
36688523
36705023
36721524
36738025
36754525
36771026
36787527
36804103
36820693
36837283
36853874
36870464
36887054
36903644
36920235
36936825
36953415
36970005
36986596
37003258
37019939
37036619
37053299
37069980
37086660
37103340
37120021
37136701
37153381
37170062
37186742
37203492
37220262
37237033
37253804
37270575
37287346
37304117
37320888
37337659
37354430
37371200
37387971
37404808
37421670
37438532
37455394
37472256
37489118
37505980
37522842
37539704
37556566
37573428
37590290
37607214
37624168
37641121
37658075
37675028
37691982
37708935
37725889
37742842
37759796
37776749
37793703
37810715
37827761
37844806
37861852
37878897
37895943
37912989
37930034
37947080
37964125
37981171
37998216
38015318
38032456
38049594
38066732
38083870
38101008
38118146
38135284
38152423
38169561
38186699
38203837
38221027
38238258
38255489
38272721
38289952
38307183
38324414
38341645
38358877
38376108
38393339
38410570
38427850
38445174
38462499
38479824
38497149
38514473
38531798
38549123
38566448
38583772
38601097
38618422
38635791
38653210
38670629
38688048
38705467
38722886
38740304
38757723
38775142
38792561
38809980
38827398
38844858
38862372
38879885
38897399
38914912
38932425
38949939
38967452
38984966
39002479
39019992
39037506
39055057
39072665
39090274
39107882
39125491
39143099
39160708
39178316
39195925
39213533
39231142
39248750
39266392
39284096
39301801
39319505
39337209
39354913
39372617
39390321
39408025
39425729
39443434
39461138
39478872
39496672
39514472
39532272
39550073
39567873
39585673
39603473
39621274
39639074
39656874
39674674
39692501
39710398
39728294
39746191
39764088
39781985
39799882
39817779
39835676
39853573
39871470
39889366
39907286
39925280
39943274
39961268
39979262
39997256
40015250
40033244
40051238
40069232
40087226
40105221
40123233
40141325
40159416
40177508
40195600
40213692
40231784
40249875
40267967
40286059
40304151
40322242
40340349
40358539
40376729
40394919
40413109
40431299
40449489
40467679
40485869
40504059
40522249
40540439
40558639
40576928
40595217
40613506
40631794
40650083
40668372
40686661
40704950
40723238
40741527
40759816
40778111
40796499
40814887
40833275
40851663
40870052
40888440
40906828
40925216
40943604
40961992
40980380
40998770
41017258
41035746
41054234
41072722
41091210
41109698
41128186
41146674
41165162
41183650
41202138
41220626
41239212
41257801
41276389
41294977
41313566
41332154
41350742
41369331
41387919
41406507
41425096
41443684
41462367
41481056
41499746
41518435
41537124
41555813
41574503
41593192
41611881
41630570
41649260
41667949
41686729
41705520
41724311
41743102
41761892
41780683
41799474
41818265
41837055
41855846
41874637
41893428
41912306
41931199
41950091
41968984
41987877
42006770
42025663
42044555
42063448
42082341
42101234
42120126
42139103
42158098
42177094
42196089
42215084
42234080
42253075
42272071
42291066
42310061
42329057
42348052
42367127
42386226
42405324
42424423
42443521
42462620
42481718
42500817
42519915
42539014
42558112
42577211
42596385
42615588
42634790
42653992
42673194
42692396
42711599
42730801
42750003
42769205
42788408
42807610
42826884
42846191
42865497
42884804
42904110
42923417
42942723
42962030
42981336
43000642
43019949
43039255
43058630
43078042
43097453
43116864
43136275
43155687
43175098
43194509
43213921
43233332
43252743
43272155
43291630
43311147
43330664
43350180
43369697
43389214
43408730
43428247
43447764
43467281
43486797
43506314
43525891
43545514
43565136
43584759
43604382
43624004
43643627
43663250
43682872
43702495
43722118
43741741
43761419
43781149
43800878
43820607
43840336
43860066
43879795
43899524
43919253
43938983
43958712
43978441
43998222
44018059
44037895
44057731
44077568
44097404
44117241
44137077
44156913
44176750
44196586
44216422
44236307
44256251
44276195
44296139
44316083
44336027
44355971
44375915
44395859
44415803
44435747
44455691
44475679
44495732
44515784
44535836
44555889
44575941
44595993
44616046
44636098
44656151
44676203
44696255
44716347
44736508
44756670
44776831
44796992
44817153
44837315
44857476
44877637
44897798
44917960
44938121
44958317
44978588
44998859
45019130
45039400
45059671
45079942
45100212
45120483
45140754
45161025
45181295
45201597
45221978
45242359
45262739
45283120
45303501
45323882
45344262
45364643
45385024
45405405
45425786
45446193
45466684
45487176
45507667
45528159
45548650
45569142
45589633
45610125
45630616
45651107
45671599
45692112
45712715
45733318
45753921
45774523
45795126
45815729
45836331
45856934
45877537
45898140
45918742
45939363
45960077
45980792
46001506
46022221
46042936
46063650
46084365
46105079
46125794
46146509
46167223
46187951
46208778
46229605
46250432
46271259
46292086
46312913
46333740
46354567
46375394
46396221
46417048
46437884
46458824
46479764
46500704
46521645
46542585
46563525
46584465
46605405
46626345
46647286
46668226
46689170
46710224
46731277
46752331
46773385
46794439
46815493
46836547
46857601
46878654
46899708
46920762
46941816
46962983
46984152
47005320
47026488
47047656
47068824
47089992
47111161
47132329
47153497
47174665
47195833
47217111
47238394
47259677
47280960
47302243
47323526
47344810
47366093
47387376
47408659
47429942
47451225
47472613
47494012
47515411
47536810
47558208
47579607
47601006
47622404
47643803
47665202
47686600
47707999
47729499
47751014
47772528
47794043
47815558
47837073
47858588
47880103
47901618
47923133
47944647
47966162
47987774
48009406
48031037
48052669
48074301
48095932
48117564
48139196
48160828
48182459
48204091
48225723
48247447
48269196
48290945
48312694
48334443
48356193
48377942
48399691
48421440
48443189
48464938
48486687
48508525
48530392
48552259
48574126
48595994
48617861
48639728
48661595
48683463
48705330
48727197
48749064
48771015
48793001
48814987
48836973
48858959
48880945
48902931
48924917
48946903
48968889
48990875
49012861
49034926
49057032
49079137
49101243
49123348
49145453
49167559
49189664
49211769
49233875
49255980
49278085
49300266
49322491
49344716
49366942
49389167
49411393
49433618
49455843
49478069
49500294
49522520
49544745
49567040
49589387
49611733
49634079
49656425
49678771
49701117
49723463
49745809
49768155
49790501
49812847
49835259
49857726
49880194
49902661
49925129
49947596
49970063
49992531
50014998
50037466
50059933
50082401
50104929
50127518
50150108
50172697
50195286
50217876
50240465
50263055
50285644
50308233
50330823
50353412
50376058
50398770
50421482
50444194
50466906
50489618
50512330
50535042
50557754
50580466
50603179
50625891
50648654
50671489
50694325
50717160
50739996
50762831
50785666
50808502
50831337
50854173
50877008
50899843
50922725
50945685
50968644
50991603
51014563
51037522
51060482
51083441
51106400
51129360
51152319
51175279
51198280
51221364
51244448
51267532
51290616
51313700
51336784
51359868
51382952
51406036
51429120
51452204
51475325
51498534
51521744
51544953
51568163
51591372
51614581
51637791
51661000
51684210
51707419
51730628
51753869
51777205
51800540
51823876
51847211
51870547
51893882
51917217
51940553
51963888
51987224
52010559
52033921
52057383
52080845
52104308
52127770
52151232
52174694
52198156
52221618
52245080
52268543
52292005
52315488
52339078
52362667
52386257
52409846
52433436
52457026
52480615
52504205
52527794
52551384
52574973
52598579
52622297
52646014
52669732
52693450
52717167
52740885
52764603
52788320
52812038
52835755
52859473
52883202
52907048
52930895
52954741
52978587
53002434
53026280
53050127
53073973
53097819
53121666
53145512
53169365
53193340
53217316
53241292
53265268
53289244
53313220
53337196
53361172
53385148
53409123
53433099
53457076
53481182
53505288
53529394
53553500
53577606
53601712
53625818
53649924
53674030
53698137
53722243
53746349
53770581
53794818
53819055
53843292
53867529
53891766
53916003
53940240
53964477
53988714
54012950
54037187
54061546
54085914
54110283
54134651
54159020
54183389
54207757
54232126
54256494
54280863
54305232
54329600
54354085
54378586
54403087
54427588
54452089
54476590
54501091
54525591
54550092
54574593
54599094
54623595
54648208
54672841
54697475
54722109
54746743
54771377
54796011
54820645
54845279
54869913
54894547
54919181
54943921
54968689
54993457
55018225
55042992
55067760
55092528
55117295
55142063
55166831
55191598
55216366
55241236
55266138
55291040
55315942
55340844
55365746
55390649
55415551
55440453
55465355
55490257
55515160
55540158
55565196
55590233
55615271
55640308
55665345
55690383
55715420
55740458
55765495
55790532
55815570
55840699
55865872
55891046
55916219
55941392
55966566
55991739
56016912
56042086
56067259
56092432
56117606
56142866
56168176
56193486
56218796
56244106
56269416
56294726
56320036
56345346
56370656
56395966
56421276
56446667
56472115
56497562
56523010
56548457
56573905
56599352
56624800
56650247
56675695
56701142
56726590
56752113
56777699
56803284
56828870
56854456
56880041
56905627
56931213
56956798
56982384
57007970
57033555
57059212
57084936
57110661
57136385
57162110
57187834
57213559
57239284
57265008
57290733
57316457
57342182
57367972
57393836
57419700
57445565
57471429
57497293
57523157
57549022
57574886
57600750
57626614
57652479
57678403
57704408
57730412
57756417
57782422
57808426
57834431
57860436
57886440
57912445
57938450
57964455
57990514
58016660
58042805
58068951
58095097
58121243
58147389
58173535
58199681
58225827
58251973
58278119
58304313
58330601
58356889
58383177
58409465
58435753
58462041
58488329
58514616
58540904
58567192
58593480
58619811
58646242
58672672
58699103
58725534
58751964
58778395
58804825
58831256
58857687
58884117
58910548
58937016
58963590
58990164
59016738
59043313
59069887
59096461
59123035
59149609
59176183
59202757
59229331
59255937
59282656
59309374
59336093
59362811
59389530
59416248
59442966
59469685
59496403
59523122
59549840
59576585
59603448
59630312
59657175
59684039
59710902
59737766
59764629
59791493
59818356
59845219
59872083
59898967
59925976
59952985
59979995
60007004
60034014
60061023
60088032
60115042
60142051
60169060
60196070
60223093
60250249
60277405
60304561
60331717
60358873
60386030
60413186
60440342
60467498
60494654
60521810
60548974
60576277
60603581
60630884
60658188
60685491
60712795
60740098
60767402
60794705
60822009
60849312
60876618
60904070
60931521
60958973
60986425
61013876
61041328
61068780
61096232
61123683
61151135
61178587
61206039
61233635
61261236
61288837
61316438
61344039
61371639
61399240
61426841
61454442
61482043
61509643
61537244
61564985
61592735
61620486
61648237
61675987
61703738
61731489
61759239
61786990
61814741
61842491
61870242
61898127
61926028
61953930
61981831
62009732
62037634
62065535
62093436
62121338
62149239
62177140
62205042
62233072
62261125
62289178
62317230
62345283
62373336
62401389
62429442
62457495
62485548
62513600
62541653
62569829
62598035
62626240
62654445
62682650
62710855
62739060
62767266
62795471
62823676
62851881
62880086
62908409
62936767
62965126
62993484
63021842
63050201
63078559
63106917
63135276
63163634
63191992
63220350
63248821
63277333
63305845
63334358
63362870
63391382
63419895
63448407
63476919
63505431
63533944
63562456
63591074
63619742
63648409
63677076
63705743
63734410
63763077
63791744
63820411
63849079
63877746
63906413
63935180
63964003
63992826
64021649
64050471
64079294
64108117
64136940
64165762
64194585
64223408
64252231
64281148
64310127
64339107
64368086
64397065
64426044
64455024
64484003
64512982
64541962
64570941
64599920
64628988
64658124
64687261
64716398
64745534
64774671
64803808
64832944
64862081
64891218
64920354
64949491
64978710
65008005
65037300
65066594
65095889
65125184
65154479
65183774
65213069
65242364
65271658
65300953
65330324
65359778
65389232
65418686
65448140
65477594
65507048
65536502
65565956
65595410
65624864
65654317
65683842
65713455
65743069
65772683
65802297
65831911
65861525
65891138
65920752
65950366
65979980
66009594
66039272
66069046
66098821
66128595
66158370
66188145
66217919
66247694
66277469
66307243
66337018
66366793
66396625
66426561
66456498
66486434
66516370
66546306
66576243
66606179
66636115
66666052
66695988
66725924
66755912
66786011
66816110
66846209
66876307
66906406
66936505
66966604
66996703
67026802
67056901
67087000
67117143
67147405
67177668
67207930
67238192
67268455
67298717
67328979
67359242
67389504
67419766
67450029
67480329
67510756
67541182
67571609
67602036
67632462
67662889
67693315
67723742
67754169
67784595
67815022
67845480
67876072
67906664
67937256
67967848
67998439
68029031
68059623
68090215
68120807
68151399
68181990
68212607
68243365
68274123
68304881
68335639
68366397
68397155
68427913
68458671
68489429
68520187
68550945
68581721
68612646
68643571
68674496
68705421
68736346
68767271
68798196
68829121
68860046
68890970
68921895
68952832
68983925
69015018
69046110
69077203
69108296
69139389
69170482
69201575
69232668
69263761
69294853
69325951
69357213
69388474
69419736
69450998
69482259
69513521
69544783
69576045
69607306
69638568
69669830
69701091
69732520
69763952
69795383
69826815
69858246
69889678
69921109
69952541
69983972
70015404
70046835
70078266
70109859
70141461
70173063
70204665
70236268
70267870
70299472
70331074
70362676
70394278
70425880
70457483
70489240
70521013
70552787
70584561
70616335
70648108
70679882
70711656
70743429
70775203
70806977
70838751
70870673
70902619
70934566
70966512
70998458
71030404
71062351
71094297
71126243
71158189
71190136
71222082
71254170
71286290
71318410
71350530
71382649
71414769
71446889
71479008
71511128
71543248
71575368
71607487
71639743
71672037
71704331
71736625
71768920
71801214
71833508
71865802
71898096
71930390
71962684
71994978
72027402
72059871
72092341
72124810
72157280
72189749
72222219
72254688
72287158
72319627
72352097
72384566
72417159
72449804
72482450
72515096
72547742
72580388
72613033
72645679
72678325
72710971
72743617
72776262
72809024
72841847
72874670
72907494
72940317
72973140
73005963
73038786
73071609
73104432
73137255
73170078
73203011
73236012
73269013
73302014
73335016
73368017
73401018
73434019
73467021
73500022
73533023
73566025
73599129
73632309
73665490
73698670
73731850
73765031
73798211
73831392
73864572
73897753
73930933
73964114
73997390
74030751
74064111
74097472
74130833
74164193
74197554
74230915
74264275
74297636
74330997
74364357
74397807
74431349
74464890
74498432
74531974
74565516
74599057
74632599
74666141
74699683
74733225
74766766
74800390
74834114
74867838
74901562
74935286
74969010
75002734
75036457
75070181
75103905
75137629
75171353
75205152
75239059
75272966
75306873
75340780
75374687
75408594
75442501
75476408
75510315
75544222
75578129
75612104
75646195
75680286
75714377
75748468
75782560
75816651
75850742
75884833
75918924
75953015
75987106
76021258
76055534
76089810
76124087
76158363
76192639
76226915
76261192
76295468
76329744
76364020
76398297
76432626
76467088
76501551
76536013
76570475
76604938
76639400
76673863
76708325
76742787
76777250
76811712
76846220
76880869
76915519
76950168
76984818
77019467
77054117
77088766
77123416
77158065
77192715
77227364
77262052
77296890
77331727
77366565
77401403
77436240
77471078
77505916
77540753
77575591
77610428
77645266
77680134
77715161
77750188
77785215
77820241
77855268
77890295
77925322
77960349
77995376
78030402
78065429
78100479
78135696
78170913
78206130
78241347
78276564
78311781
78346998
78382215
78417432
78452649
78487866
78523098
78558506
78593914
78629323
78664731
78700139
78735547
78770955
78806364
78841772
78877180
78912588
78948004
78983604
79019205
79054805
79090406
79126006
79161607
79197207
79232808
79268408
79304009
79339609
79375210
79411003
79446796
79482590
79518384
79554178
79589972
79625765
79661559
79697353
79733147
79768941
79804734
79840714
79876702
79912690
79948678
79984666
80020655
80056643
80092631
80128619
80164607
80200595
80236584
80272750
80308934
80345117
80381301
80417485
80453668
80489852
80526035
80562219
80598402
80634586
80670770
80707125
80743505
80779885
80816265
80852645
80889025
80925405
80961785
80998165
81034545
81070925
81107305
81143849
81180427
81217004
81253582
81290160
81326737
81363315
81399892
81436470
81473047
81509625
81546203
81582937
81619713
81656490
81693266
81730042
81766818
81803594
81840370
81877147
81913923
81950699
81987475
82024401
82061377
82098353
82135329
82172305
82209280
82246256
82283232
82320208
82357184
82394160
82431136
82468254
82505430
82542607
82579784
82616960
82654137
82691314
82728490
82765667
82802844
82840020
82877197
82914508
82951887
82989265
83026644
83064022
83101401
83138779
83176158
83213536
83250915
83288293
83325672
83363177
83400759
83438340
83475922
83513503
83551085
83588666
83626248
83663829
83701411
83738992
83776574
83814274
83852060
83889846
83927631
83965417
84003202
84040988
84078773
84116559
84154344
84192130
84229916
84267813
84305803
84343794
84381785
84419775
84457766
84495757
84533748
84571738
84609729
84647720
84685710
84723805
84762002
84800199
84838396
84876593
84914790
84952987
84991184
85029381
85067578
85105775
85143972
85182264
85220669
85259073
85297478
85335882
85374286
85412691
85451095
85489500
85527904
85566308
85604713
85643205
85681818
85720431
85759044
85797657
85836269
85874882
85913495
85952108
85990721
86029334
86067947
86106639
86145462
86184285
86223107
86261930
86300753
86339575
86378398
86417220
86456043
86494866
86533688
86572582
86611615
86650649
86689682
86728715
86767749
86806782
86845816
86884849
86923882
86962916
87001949
87041045
87080291
87119536
87158781
87198027
87237272
87276518
87315763
87355008
87394254
87433499
87472744
87512044
87551502
87590961
87630419
87669878
87709336
87748795
87788253
87827712
87867170
87906629
87946087
87985591
88025264
88064937
88104609
88144282
88183955
88223628
88263300
88302973
88342646
88382318
88421991
88461701
88501589
88541477
88581365
88621253
88661142
88701030
88740918
88780806
88820694
88860582
88900470
88940387
88980492
89020596
89060701
89100806
89140911
89181015
89221120
89261225
89301329
89341434
89381539
89421663
89461986
89502308
89542631
89582953
89623276
89663598
89703921
89744243
89784565
89824888
89865210
89905544
89946085
89986626
90027168
90067709
90108251
90148792
90189334
90229875
90270416
90310958
90351499
90392042
90432804
90473566
90514327
90555089
90595850
90636612
90677373
90718135
90758897
90799658
90840420
90881181
90922157
90963140
91004123
91045105
91086088
91127071
91168054
91209037
91250020
91291003
91331986
91372969
91414157
91455363
91496568
91537774
91578979
91620185
91661390
91702595
91743801
91785006
91826212
91867417
91908820
91950249
91991679
92033108
92074537
92115966
92157395
92198825
92240254
92281683
92323112
92364541
92406160
92447814
92489468
92531122
92572777
92614431
92656085
92697739
92739393
92781047
92822701
92864355
92906191
92948071
92989951
93031832
93073712
93115592
93157473
93199353
93241233
93283114
93324994
93366874
93408928
93451035
93493143
93535251
93577358
93619466
93661574
93703681
93745789
93787897
93830005
93872112
93914385
93956721
93999057
94041394
94083730
94126066
94168403
94210739
94253075
94295412
94337748
94380084
94422577
94465143
94507709
94550275
94592842
94635408
94677974
94720540
94763106
94805673
94848239
94890805
94933519
94976316
95019113
95061911
95104708
95147505
95190303
95233100
95275897
95318695
95361492
95404290
95447225
95490255
95533285
95576315
95619344
95662374
95705404
95748434
95791463
95834493
95877523
95920553
95963712
96006975
96050239
96093502
96136766
96180029
96223292
96266556
96309819
96353083
96396346
96439609
96482993
96526492
96569990
96613488
96656987
96700485
96743983
96787481
96830980
96874478
96917976
96961475
97005085
97048819
97092554
97136288
97180023
97223757
97267492
97311226
97354961
97398695
97442430
97486164
97530001
97573973
97617945
97661917
97705889
97749861
97793833
97837805
97881777
97925749
97969721
98013693
98057758
98101968
98146179
98190390
98234601
98278811
98323022
98367233
98411444
98455654
98499865
98544076
98588370
98632821
98677272
98721723
98766173
98810624
98855075
98899526
98943977
98988428
99032878
99077329
99121854
99166546
99211238
99255931
99300623
99345315
99390007
99434699
99479391
99524084
99568776
99613468
99658225
99703159
99748094
99793029
99837964
99882899
99927834
99972768
100017703
100062638
100107573
100152508
100197498
100242676
100287855
100333034
100378213
100423392
100468571
100513749
100558928
100604107
100649286
100694465
100739689
100785113
100830537
100875961
100921385
100966809
101012233
101057658
101103082
101148506
101193930
101239354
101284814
101330484
101376155
101421826
101467497
101513168
101558838
101604509
101650180
101695851
101741521
101787192
101832888
101878807
101924726
101970645
102016563
102062482
102108401
102154320
102200238
102246157
102292076
102337995
102383929
102430097
102476265
102522433
102568601
102614769
102660937
102707105
102753274
102799442
102845610
102891778
102937951
102984370
103030788
103077207
103123626
103170045
103216464
103262882
103309301
103355720
103402139
103448558
103494976
103541642
103588312
103634983
103681654
103728325
103774996
103821667
103868338
103915008
103961679
104008350
104055021
104101929
104148853
104195778
104242702
104289626
104336551
104383475
104430399
104477323
104524248
104571172
104618096
104665249
104712428
104759607
104806786
104853965
104901144
104948323
104995502
105042681
105089860
105137039
105184218
105231616
105279052
105326487
105373922
105421357
105468793
105516228
105563663
105611098
105658534
105705969
105753404
105801049
105848741
105896434
105944127
105991820
106039513
106087206
106134898
106182591
106230284
106277977
106325670
106373562
106421514
106469466
106517418
106565369
106613321
106661273
106709225
106757177
106805128
106853080
106901032
106949174
106997386
107045598
107093810
107142023
107190235
107238447
107286659
107334871
107383083
107431295
107479508
107527900
107576374
107624848
107673322
107721796
107770270
107818744
107867218
107915692
107964166
108012640
108061114
108109758
108158495
108207232
108255970
108304707
108353444
108402181
108450918
108499655
108548392
108597130
108645867
108694765
108743766
108792768
108841770
108890772
108939773
108988775
109037777
109086779
109135781
109184782
109233784
109282937
109332204
109381472
109430740
109480008
109529276
109578544
109627812
109677079
109726347
109775615
109824883
109874291
109923827
109973362
110022897
110072433
110121968
110171503
110221039
110270574
110320110
110369645
110419180
110468846
110518650
110568454
110618259
110668063
110717868
110767672
110817476
110867281
110917085
110966889
111016694
111066618
111116692
111166767
111216842
111266917
111316992
111367066
111417141
111467216
111517291
111567366
111617440
111667624
111717971
111768317
111818664
111869011
111919358
111969704
112020051
112070398
112120744
112171091
112221438
112271883
112322503
112373123
112423743
112474363
112524983
112575603
112626223
112676843
112727463
112778083
112828703
112879411
112930306
112981201
113032096
113082991
113133886
113184781
113235676
113286571
113337465
113388360
113439255
113490227
113541398
113592569
113643741
113694912
113746083
113797255
113848426
113899597
113950768
114001940
114053111
114104348
114155797
114207246
114258695
114310144
114361594
114413043
114464492
114515941
114567390
114618839
114670288
114721792
114773521
114825249
114876978
114928706
114980435
115032163
115083892
115135620
115187349
115239077
115290806
115342577
115394587
115446596
115498605
115550615
115602624
115654633
115706643
115758652
115810662
115862671
115914680
115966722
116019013
116071305
116123597
116175889
116228181
116280472
116332764
116385056
116437348
116489640
116541931
116594243
116646819
116699395
116751971
116804546
116857122
116909698
116962273
117014849
117067425
117120001
117172576
117225161
117278022
117330883
117383744
117436606
117489467
117542328
117595189
117648050
117700912
117753773
117806634
117859495
117912640
117965788
118018937
118072085
118125233
118178381
118231530
118284678
118337826
118390974
118444123
118497271
118550693
118604129
118657566
118711003
118764440
118817877
118871314
118924750
118978187
119031624
119085061
119138498
119192198
119245925
119299652
119353379
119407106
119460833
119514560
119568287
119622013
119675740
119729467
119783194
119837174
119891193
119945211
119999230
120053249
120107267
120161286
120215305
120269324
120323342
120377361
120431380
120485640
120539952
120594264
120648576
120702888
120757200
120811512
120865825
120920137
120974449
121028761
121083073
121137616
121192223
121246829
121301436
121356043
121410650
121465257
121519864
121574471
121629078
121683685
121738292
121793119
121848022
121902926
121957829
122012733
122067636
122122540
122177443
122232346
122287250
122342153
122397057
122452169
122507371
122562572
122617774
122672975
122728177
122783379
122838580
122893782
122948983
123004185
123059386
123114786
123170287
123225788
123281290
123336791
123392292
123447794
123503295
123558796
123614298
123669799
123725300
123780988
123836790
123892593
123948396
124004198
124060001
124115804
124171606
124227409
124283212
124339015
124394817
124450795
124506900
124563006
124619112
124675217
124731323
124787429
124843534
124899640
124955746
125011852
125067957
125124226
125180636
125237047
125293457
125349867
125406278
125462688
125519098
125575509
125631919
125688329
125744740
125801302
125858018
125914735
125971451
126028168
126084885
126141601
126198318
126255035
126311751
126368468
126425185
126482041
126539065
126596090
126653115
126710139
126767164
126824188
126881213
126938238
126995262
127052287
127109311
127166464
127223798
127281132
127338466
127395801
127453135
127510469
127567803
127625138
127682472
127739806
127797140
127854590
127912235
127969881
128027527
128085172
128142818
128200463
128258109
128315754
128373400
128431045
128488691
128546440
128604398
128662357
128720315
128778274
128836233
128894191
128952150
129010108
129068067
129126025
129183984
129242033
129300307
129358580
129416853
129475127
129533400
129591673
129649946
129708220
129766493
129824766
129883039
129941391
129999981
130058570
130117160
130175750
130234339
130292929
130351519
130410109
130468698
130527288
130585878
130644533
130703441
130762349
130821256
130880164
130939072
130997980
131056888
131115796
131174703
131233611
131292519
131351480
131410707
131469935
131529163
131588390
131647618
131706846
131766073
131825301
131884529
131943757
132002984
132062252
132121801
132181350
132240900
132300449
132359998
132419547
132479097
132538646
132598195
132657745
132717294
132776870
132836743
132896615
132956488
133016360
133076233
133136106
133195978
133255851
133315724
133375596
133435469
133495355
133555553
133615751
133675948
133736146
133796344
133856542
133916739
133976937
134037135
134097333
134157530
134217728
134278253
134338777
134399302
134459827
134520351
134580876
134641400
134701925
134762450
134822974
134883499
134944024
135004863
135065716
135126570
135187423
135248276
135309130
135369983
135430836
135491689
135552543
135613396
135674249
135735406
135796589
135857773
135918957
135980140
136041324
136102508
136163691
136224875
136286059
136347242
136408426
136469901
136531417
136592933
136654449
136715965
136777480
136838996
136900512
136962028
137023544
137085060
137146576
137208371
137270221
137332071
137393921
137455770
137517620
137579470
137641320
137703170
137765020
137826870
137888720
137950837
138013022
138075208
138137394
138199580
138261766
138323951
138386137
138448323
138510509
138572694
138634880
138697320
138759844
138822367
138884890
138947414
139009937
139072461
139134984
139197508
139260031
139322554
139385078
139447843
139510706
139573569
139636432
139699295
139762158
139825020
139887883
139950746
140013609
140076472
140139335
140202427
140265631
140328835
140392040
140455244
140518448
140581652
140644857
140708061
140771265
140834470
140897674
140961094
141024641
141088189
141151736
141215284
141278831
141342379
141405926
141469474
141533021
141596569
141660116
141723867
141787759
141851652
141915544
141979437
142043329
142107222
142171114
142235007
142298899
142362792
142426684
142490766
142555006
142619245
142683485
142747724
142811964
142876203
142940442
143004682
143068921
143133161
143197400
143261816
143326404
143390993
143455581
143520169
143584757
143649346
143713934
143778522
143843110
143907699
143972287
144037038
144101977
144166916
144231855
144296794
144361733
144426672
144491611
144556550
144621489
144686428
144751367
144816455
144881747
144947038
145012330
145077621
145142913
145208204
145273496
145338788
145404079
145469371
145534662
145600089
145665735
145731382
145797028
145862674
145928320
145993966
146059612
146125258
146190904
146256551
146322197
146387964
146453967
146519969
146585972
146651974
146717977
146783980
146849982
146915985
146981987
147047990
147113992
147180102
147246463
147312824
147379185
147445546
147511907
147578268
147644629
147710990
147777351
147843712
147910073
147976527
148043248
148109969
148176691
148243412
148310133
148376855
148443576
148510297
148577018
148643740
148710461
148777261
148844344
148911428
148978512
149045595
149112679
149179762
149246846
149313930
149381013
149448097
149515180
149582328
149649776
149717224
149784671
149852119
149919567
149987015
150054463
150121911
150189358
150256806
150324254
150391751
150459565
150527379
150595193
150663007
150730822
150798636
150866450
150934264
151002078
151069892
151137706
151205554
151273737
151341919
151410101
151478284
151546466
151614648
151682830
151751013
151819195
151887377
151955560
152023761
152092314
152160866
152229419
152297971
152366524
152435076
152503629
152572181
152640734
152709286
152777839
152846396
152915320
152984245
153053170
153122095
153191019
153259944
153328869
153397793
153466718
153535643
153604568
153673492
153742780
153812079
153881378
153950677
154019976
154089275
154158574
154227873
154297172
154366471
154435770
154505069
154574718
154644393
154714068
154783744
154853419
154923094
154992770
155062445
155132120
155201795
155271471
155341146
155411157
155481211
155551264
155621318
155691371
155761425
155831479
155901532
155971586
156041639
156111693
156181747
156252122
156322556
156392990
156463424
156533858
156604292
156674726
156745160
156815594
156886028
156956462
157026896
157097638
157168455
157239271
157310088
157380904
157451721
157522537
157593354
157664170
157734986
157805803
157876619
157947730
158018930
158090131
158161332
158232533
158303734
158374935
158446136
158517337
158588538
158659739
158730940
158802420
158874008
158945596
159017183
159088771
159160358
159231946
159303534
159375121
159446709
159518296
159589884
159661737
159733713
159805689
159877666
159949642
160021618
160093594
160165571
160237547
160309523
160381500
160453476
160525703
160598070
160670437
160742804
160815171
160887538
160959905
161032273
161104640
161177007
161249374
161321741
161394344
161467104
161539864
161612624
161685384
161758144
161830904
161903664
161976424
162049184
162121944
162194704
162267685
162340840
162413995
162487150
162560305
162633461
162706616
162779771
162852926
162926081
162999236
163072392
163145752
163219304
163292857
163366409
163439961
163513514
163587066
163660619
163734171
163807723
163881276
163954828
164028571
164102522
164176474
164250426
164324378
164398329
164472281
164546233
164620185
164694136
164768088
164842040
164916166
164990519
165064873
165139226
165213579
165287933
165362286
165436639
165510993
165585346
165659699
165734053
165808565
165883322
165958079
166032836
166107593
166182350
166257107
166331864
166406621
166481378
166556135
166630892
166705792
166780955
166856118
166931281
167006444
167081607
167156770
167231933
167307096
167382259
167457422
167532585
167607874
167683446
167759017
167834588
167910159
167985730
168061301
168136872
168212443
168288014
168363585
168439157
168514838
168590820
168666801
168742783
168818764
168894745
168970727
169046708
169122690
169198671
169274653
169350634
169426710
169503104
169579498
169655892
169732286
169808680
169885074
169961468
170037862
170114256
170190650
170267044
170343516
170420324
170497133
170573942
170650751
170727560
170804368
170881177
170957986
171034795
171111604
171188412
171265282
171342508
171419734
171496960
171574186
171651412
171728638
171805864
171883089
171960315
172037541
172114767
172192037
172269682
172347327
172424973
172502618
172580263
172657908
172735553
172813199
172890844
172968489
173046134
173123806
173201873
173279940
173358007
173436074
173514140
173592207
173670274
173748341
173826408
173904474
173982541
174060617
174139108
174217599
174296090
174374580
174453071
174531562
174610053
174688543
174767034
174845525
174924015
175002506
175081415
175160332
175239249
175318166
175397083
175476000
175554916
175633833
175712750
175791667
175870584
175949501
176028821
176108166
176187512
176266857
176346203
176425548
176504893
176584239
176663584
176742930
176822275
176901621
176981353
177061129
177140906
177220682
177300458
177380234
177460011
177539787
177619563
177699339
177779116
177858892
177939040
178019249
178099459
178179668
178259878
178340087
178420296
178500506
178580715
178660925
178741134
178821344
178901909
178982554
179063199
179143844
179224488
179305133
179385778
179466423
179547068
179627713
179708358
179789003
179869988
179951070
180032153
180113236
180194319
180275402
180356485
180437568
180518650
180599733
180680816
180761899
180843305
180924828
181006351
181087875
181169398
181250921
181332444
181413967
181495490
181577013
181658537
181740060
181821890
181903855
181985821
182067787
182149753
182231719
182313684
182395650
182477616
182559582
182641547
182723513
182805769
182888180
182970591
183053002
183135412
183217823
183300234
183382645
183465056
183547467
183629878
183712288
183794972
183877831
183960689
184043547
184126406
184209264
184292123
184374981
184457839
184540698
184623556
184706414
184789529
184872837
184956145
185039454
185122762
185206070
185289378
185372687
185455995
185539303
185622611
185705919
185789467
185873227
185956988
186040748
186124509
186208270
186292030
186375791
186459552
186543312
186627073
186710834
186794816
186879031
186963246
187047462
187131677
187215893
187300108
187384324
187468539
187552754
187636970
187721185
187805604
187890277
187974950
188059623
188144295
188228968
188313641
188398313
188482986
188567659
188652332
188737004
188821863
188906995
188992128
189077260
189162393
189247525
189332658
189417790
189502923
189588055
189673187
189758320
189843620
189929215
190014810
190100405
190185999
190271594
190357189
190442783
190528378
190613973
190699568
190785162
190870907
190956966
191043026
191129085
191215145
191301204
191387264
191473323
191559383
191645442
191731502
191817561
191903752
191990279
192076806
192163332
192249859
192336386
192422913
192509440
192595966
192682493
192769020
192855547
192942186
193029183
193116180
193203176
193290173
193377169
193464166
193551163
193638159
193725156
193812153
193899149
193986239
194073708
194161177
194248647
194336116
194423585
194511054
194598523
194685992
194773461
194860930
194948399
195035942
195123886
195211830
195299774
195387718
195475662
195563606
195651550
195739494
195827438
195915382
196003326
196091325
196179747
196268168
196356590
196445011
196533433
196621854
196710276
196798697
196887119
196975540
197063962
197152419
197241321
197330222
197419124
197508025
197596927
197685829
197774730
197863632
197952533
198041435
198130337
198219255
198308639
198398023
198487408
198576792
198666176
198755560
198844945
198934329
199023713
199113098
199202482
199291866
199381732
199471602
199561472
199651342
199741211
199831081
199920951
200010820
200100690
200190560
200280429
200370299
200460633
200550991
200641348
200731706
200822064
200912421
201002779
201093137
201183494
201273852
201364209
201454567
201545371
201636220
201727068
201817916
201908765
201999613
202090461
202181309
202272158
202363006
202453854
202544703
202635980
202727321
202818663
202910004
203001346
203092688
203184029
203275371
203366712
203458054
203549395
203640737
203732489
203824327
203916164
204008002
204099839
204191677
204283515
204375352
204467190
204559027
204650865
204742703
204834932
204927269
205019605
205111941
205204277
205296613
205388950
205481286
205573622
205665958
205758295
205850631
205943341
206036178
206129016
206221854
206314691
206407529
206500366
206593204
206686042
206778879
206871717
206964554
207057747
207151089
207244430
207337772
207431114
207524456
207617797
207711139
207804481
207897822
207991164
208084506
208178183
208272032
208365881
208459729
208553578
208647426
208741275
208835123
208928972
209022821
209116669
209210518
209304683
209399041
209493399
209587757
209682116
209776474
209870832
209965190
210059548
210153906
210248264
210342623
210437278
210532149
210627019
210721890
210816760
210911631
211006501
211101372
211196242
211291113
211385983
211480854
211576002
211671388
211766773
211862159
211957544
212052930
212148316
212243701
212339087
212434473
212529858
212625244
212720887
212816791
212912695
213008598
213104502
213200405
213296309
213392212
213488116
213584020
213679923
213775827
213871968
213968392
214064817
214161241
214257665
214354090
214450514
214546938
214643363
214739787
214836211
214932636
215029278
215126225
215223173
215320121
215417069
215514017
215610965
215707913
215804861
215901808
215998756
216095704
216192849
216290324
216387798
216485272
216582746
216680221
216777695
216875169
216972644
217070118
217167592
217265067
217362717
217460721
217558725
217656728
217754732
217852735
217950739
218048743
218146746
218244750
218342753
218440757
218538916
218637452
218735987
218834523
218933059
219031595
219130130
219228666
219327202
219425737
219524273
219622809
219721479
219820550
219919620
220018691
220117762
220216833
220315903
220414974
220514045
220613116
220712186
220811257
220910441
221010049
221109658
221209267
221308876
221408484
221508093
221607702
221707310
221806919
221906528
222006137
222105836
222205986
222306136
222406285
222506435
222606584
222706734
222806884
222907033
223007183
223107332
223207482
223307701
223408394
223509087
223609781
223710474
223811168
223911861
224012554
224113248
224213941
224314635
224415328
224516068
224617309
224718549
224819789
224921029
225022269
225123509
225224749
225325990
225427230
225528470
225629710
225730975
225832765
225934554
226036344
226138134
226239924
226341714
226443504
226545294
226647083
226748873
226850663
226952455
227054798
227157140
227259483
227361825
227464168
227566511
227668853
227771196
227873538
227975881
228078223
228180566
228283443
228386342
228489240
228592138
228695037
228797935
228900833
229003731
229106630
229209528
229312426
229415324
229518737
229622194
229725651
229829109
229932566
230036023
230139480
230242937
230346394
230449851
230553308
230656765
230760716
230864735
230968753
231072772
231176791
231280810
231384829
231488847
231592866
231696885
231800904
231904922
232009415
232113998
232218582
232323166
232427749
232532333
232636917
232741500
232846084
232950667
233055251
233159834
233264871
233370022
233475174
233580325
233685477
233790628
233895780
234000931
234106083
234211234
234316386
234421537
234527120
234632843
234738565
234844288
234950010
235055732
235161455
235267177
235372900
235478622
235584345
235690067
235796200
235902497
236008793
236115089
236221386
236327682
236433979
236540275
236646572
236752868
236859165
236965461
237072147
237179021
237285894
237392768
237499642
237606515
237713389
237820263
237927136
238034010
238140884
238247757
238354998
238462452
238569906
238677360
238784814
238892268
238999722
239107176
239214630
239322084
239429538
239536992
239644791
239752829
239860866
239968903
240076941
240184978
240293016
240401053
240509091
240617128
240725166
240833203
240941563
241050187
241158811
241267436
241376060
241484684
241593308
241701932
241810556
241919180
242027804
242136428
242245353
242354567
242463780
242572994
242682208
242791422
242900636
243009850
243119064
243228278
243337491
243446705
243556197
243666004
243775811
243885618
243995424
244105231
244215038
244324845
244434652
244544459
244654266
244764073
244874134
244984537
245094941
245205344
245315747
245426150
245536553
245646956
245757360
245867763
245978166
246088569
246199203
246310206
246421209
246532211
246643214
246754217
246865219
246976222
247087225
247198227
247309230
247420232
247531443
247643048
247754653
247866259
247977864
248089470
248201075
248312680
248424286
248535891
248647496
248759102
248870891
248983102
249095314
249207525
249319736
249431948
249544159
249656370
249768582
249880793
249993004
250105216
250217587
250330408
250443228
250556049
250668870
250781690
250894511
251007332
251120152
251232973
251345794
251458614
251571570
251685003
251798437
251911870
252025303
252138737
252252170
252365603
252479036
252592470
252705903
252819336
252932880
253046929
253160979
253275028
253389077
253503126
253617175
253731225
253845274
253959323
254073372
254187421
254301556
254416225
254530893
254645562
254760230
254874899
254989567
255104236
255218904
255333573
255448241
255562910
255677639
255792930
255908221
256023512
256138803
256254094
256369385
256484677
256599968
256715259
256830550
256945841
257061167
257177084
257293001
257408919
257524836
257640753
257756670
257872587
257988504
258104421
258220339
258336256
258452182
258568729
258685275
258801822
258918368
259034915
259151462
259268008
259384555
259501101
259617648
259734194
259850741
259967904
260085083
260202262
260319442
260436621
260553801
260670980
260788159
260905339
261022518
261139698
261256877
261374650
261492465
261610281
261728097
261845912
261963728
262081544
262199359
262317175
262434991
262552806
262670622
262789008
262907463
263025919
263144374
263262829
263381285
263499740
263618196
263736651
263855106
263973562
264092017
264211019
264330118
264449216
264568315
264687414
264806512
264925611
265044709
265163808
265282907
265402005
265521104
265640725
265760471
265880216
265999961
266119707
266239452
266359197
266478943
266598688
266718433
266838178
266957924
267078168
267198564
267318959
267439355
267559750
267680146
267800541
267920937
268041332
268161728
268282123
268402519
268523389
268644438
268765488
268886537
269007586
269128635
269249684
269370734
269491783
269612832
269733881
269854931
269976430
270098137
270219843
270341550
270463256
270584963
270706669
270828376
270950082
271071789
271193495
271315202
271437334
271559701
271682069
271804436
271926804
272049171
272171538
272293906
272416273
272538640
272661008
272783375
272906143
273029175
273152207
273275238
273398270
273521302
273644334
273767366
273890398
274013429
274136461
274259493
274382900
274506600
274630300
274754000
274877699
275001399
275125099
275248799
275372499
275496199
275619899
275743599
275867648
275992020
276116391
276240763
276365134
276489506
276613877
276738249
276862620
276986992
277111363
277235735
277360430
277485477
277610524
277735571
277860618
277985665
278110711
278235758
278360805
278485852
278610899
278735946
278861290
278987016
279112742
279238468
279364193
279489919
279615645
279741371
279867097
279992823
280118549
280244274
280370271
280496680
280623088
280749497
280875905
281002314
281128722
281255131
281381539
281507948
281634357
281760765
281887418
282014513
282141608
282268703
282395797
282522892
282649987
282777082
282904177
283031272
283158367
283285462
283412774
283540559
283668344
283796129
283923914
284051699
284179484
284307269
284435054
284562839
284690624
284818409
284946384
285074863
285203342
285331820
285460299
285588778
285717257
285845736
285974215
286102694
286231173
286359652
286488292
286617469
286746645
286875822
287004998
287134175
287263352
287392528
287521705
287650881
287780058
287909234
288038545
288168423
288298300
288428178
288558056
288687934
288817812
288947690
289077568
289207446
289337324
289467202
289597185
289727768
289858352
289988935
290119518
290250101
290380684
290511267
290641851
290772434
290903017
291033600
291164260
291295552
291426845
291558137
291689429
291820721
291952013
292083306
292214598
292345890
292477182
292608475
292739815
292871820
293003825
293135830
293267835
293399840
293531845
293663851
293795856
293927861
294059866
294191871
294323895
294456617
294589339
294722061
294854782
294987504
295120226
295252948
295385670
295518392
295651114
295783836
295916558
296049989
296183432
296316874
296450317
296583760
296717202
296850645
296984087
297117530
297250972
297384415
297517857
297651984
297786151
297920318
298054485
298188652
298322820
298456987
298591154
298725321
298859488
298993655
299127822
299262647
299397543
299532438
299667334
299802230
299937125
300072021
300206917
300341812
300476708
300611604
300746499
300882026
301017654
301153282
301288910
301424538
301560166
301695794
301831423
301967051
302102679
302238307
302373935
302510167
302646532
302782896
302919261
303055625
303191990
303328355
303464719
303601084
303737448
303873813
304010177
304147119
304284224
304421329
304558434
304695539
304832644
304969749
305106854
305243959
305381064
305518169
305655274
305792928
305930778
306068627
306206477
306344326
306482175
306620025
306757874
306895724
307033573
307171423
307309272
307447643
307586241
307724839
307863437
308002035
308140633
308279231
308417829
308556427
308695025
308833623
308972221
309111312
309250663
309390014
309529364
309668715
309808065
309947416
310086766
310226117
310365468
310504818
310644169
310783984
310924091
311064198
311204305
311344413
311484520
311624627
311764734
311904842
312044949
312185056
312325163
312465706
312606574
312747442
312888310
313029178
313170046
313310914
313451782
313592650
313733518
313874386
314015254
314156529
314298162
314439795
314581428
314723061
314864694
315006326
315147959
315289592
315431225
315572858
315714491
315856501
315998903
316141305
316283707
316426109
316568511
316710913
316853315
316995716
317138118
317280520
317422922
317565671
317708847
317852022
317995197
318138372
318281547
318424723
318567898
318711073
318854248
318997423
319140599
319284091
319428044
319571996
319715949
319859901
320003854
320147807
320291759
320435712
320579665
320723617
320867570
321011809
321156544
321301278
321446012
321590746
321735481
321880215
322024949
322169683
322314417
322459152
322603886
322748876
322894396
323039916
323185437
323330957
323476477
323621997
323767517
323913037
324058557
324204078
324349598
324495342
324641653
324787963
324934273
325080584
325226894
325373204
325519515
325665825
325812135
325958445
326104756
326251259
326398364
326545469
326692574
326839678
326986783
327133888
327280993
327428098
327575202
327722307
327869412
328016678
328164582
328312485
328460389
328608292
328756196
328904099
329052003
329199906
329347810
329495713
329643617
329791650
329940356
330089063
330237769
330386476
330535183
330683889
330832596
330981302
331130009
331278716
331427422
331576225
331725740
331875254
332024768
332174282
332323796
332473310
332622824
332772338
332921852
333071366
333220880
333370458
333520784
333671110
333821436
333971762
334122088
334272414
334422740
334573066
334723391
334873717
335024043
335174400
335325542
335476684
335627826
335778968
335930111
336081253
336232395
336383537
336534679
336685822
336836964
336988106
337140066
337292029
337443992
337595954
337747917
337899880
338051843
338203806
338355769
338507732
338659695
338811657
338964408
339117196
339269984
339422772
339575560
339728348
339881136
340033924
340186712
340339500
340492288
340645076
340798622
340952240
341105858
341259475
341413093
341566710
341720328
341873946
342027563
342181181
342334799
342488416
342642762
342797213
342951665
343106117
343260569
343415021
343569472
343723924
343878376
344032828
344187280
344341731
344496880
344652171
344807461
344962752
345118042
345273332
345428623
345583913
345739204
345894494
346049785
346205075
346361032
346517165
346673299
346829432
346985566
347141700
347297833
347453967
347610100
347766234
347922368
348078501
348235270
348392251
348549233
348706214
348863196
349020177
349177158
349334140
349491121
349648103
349805084
349962066
350119650
350277484
350435318
350593152
350750986
350908819
351066653
351224487
351382321
351540155
351697988
351855822
352014227
352172918
352331609
352490300
352648991
352807682
352966372
353125063
353283754
353442445
353601136
353759827
353919056
354078609
354238161
354397714
354557266
354716819
354876371
355035924
355195476
355355029
355514581
355674134
355834192
355994611
356155030
356315449
356475868
356636287
356796706
356957125
357117544
357277962
357438381
357598800
357759692
357920982
358082272
358243562
358404852
358566141
358727431
358888721
359050011
359211301
359372591
359533881
359695610
359857776
360019942
360182107
360344273
360506439
360668605
360830770
360992936
361155102
361317267
361479433
361642004
361805051
361968097
362131143
362294190
362457236
362620282
362783328
362946375
363109421
363272467
363435514
363598931
363762863
363926794
364090726
364254657
364418589
364582521
364746452
364910384
365074315
365238247
365402179
365566447
365731268
365896090
366060912
366225733
366390555
366555377
366720199
366885020
367049842
367214664
367379485
367544608
367710325
367876042
368041759
368207475
368373192
368538909
368704625
368870342
369036059
369201776
369367492
369533475
369700091
369866708
370033324
370199941
370366557
370533174
370699790
370866407
371033023
371199640
371366256
371533103
371700624
371868146
372035667
372203188
372370709
372538231
372705752
372873273
373040794
373208316
373375837
373543552
373711983
373880414
374048845
374217276
374385706
374554137
374722568
374890999
375059430
375227861
375396292
375564880
375734225
375903571
376072916
376242261
376411607
376580952
376750298
376919643
377088988
377258334
377427679
377597145
377767410
377937675
378107940
378278205
378448470
378618735
378789000
378959264
379129529
379299794
379470059
379640407
379811596
379982786
380153975
380325165
380496354
380667544
380838733
381009923
381181112
381352302
381523491
381694726
381866845
382038964
382211083
382383202
382555321
382727440
382899559
383071678
383243797
383415916
383588035
383760161
383933214
384106268
384279321
384452375
384625429
384798482
384971536
385144589
385317643
385490697
385663750
385836804
386010765
386184758
386358752
386532745
386706738
386880731
387054725
387228718
387402711
387576704
387750698
387924691
388099558
388274496
388449434
388624372
388799310
388974248
389149186
389324124
389499062
389674000
389848938
390023876
390199653
390375541
390551429
390727317
390903205
391079093
391254981
391430869
391606757
391782645
391958533
392134421
392311113
392487956
392664799
392841642
393018485
393195328
393372171
393549014
393725857
393902700
394079543
394256386
394433998
394611801
394789605
394967408
395145211
395323014
395500818
395678621
395856424
396034227
396212030
396389834
396568371
396747139
396925908
397104677
397283445
397462214
397640983
397819751
397998520
398177288
398356057
398534826
398714292
398894032
399073771
399253510
399433250
399612989
399792729
399972468
400152207
400331947
400511686
400691426
400871826
401052542
401233257
401413972
401594687
401775403
401956118
402136833
402317549
402498264
402678979
402859694
403041034
403222731
403404428
403586124
403767821
403949518
404131214
404312911
404494607
404676304
404858001
405039697
405221981
405404664
405587348
405770031
405952714
406135397
406318080
406500763
406683446
406866130
407048813
407231496
407414729
407598404
407782079
407965754
408149430
408333105
408516780
408700455
408884130
409067805
409251481
409435156
409619342
409804015
409988687
410173360
410358032
410542705
410727377
410912050
411096722
411281395
411466067
411650739
411835885
412021560
412207235
412392911
412578586
412764261
412949936
413135611
413321287
413506962
413692637
413878312
414064422
414251105
414437788
414624472
414811155
414997839
415184522
415371206
415557889
415744572
415931256
416117939
416305017
416492714
416680411
416868109
417055806
417243503
417431200
417618897
417806594
417994291
418181988
418369686
418557737
418746454
418935170
419123886
419312602
419501319
419690035
419878751
420067468
420256184
420444900
420633616
420822647
421012388
421202129
421391870
421581611
421771352
421961093
422150834
422340575
422530316
422720057
422909798
423099813
423290584
423481356
423672127
423862898
424053669
424244441
424435212
424625983
424816755
425007526
425198297
425389301
425581108
425772915
425964722
426156529
426348337
426540144
426731951
426923758
427115565
427307372
427499179
427691177
427884026
428076875
428269723
428462572
428655420
428848269
429041118
429233966
429426815
429619664
429812512
430005510
430199405
430393301
430587197
430781093
430974988
431168884
431362780
431556676
431750571
431944467
432138363
432332365
432527313
432722262
432917211
433112159
433307108
433502057
433697005
433891954
434086903
434281851
434476800
434671812
434867819
435063826
435259833
435455840
435651847
435847855
436043862
436239869
436435876
436631883
436827891
437023917
437220989
437418060
437615132
437812203
438009275
438206346
438403418
438600489
438797561
438994632
439191704
439388775
439586892
439785034
439983175
440181317
440379458
440577600
440775741
440973883
441172024
441370166
441568307
441766449
441965597
442164815
442364032
442563250
442762467
442961685
443160902
443360119
443559337
443758554
443957772
444156989
444357175
444557474
444757773
444958072
445158371
445358671
445558970
445759269
445959568
446159867
446360166
446560466
446761693
446963080
447164467
447365854
447567240
447768627
447970014
448171401
448372788
448574174
448775561
448976948
449179223
449381703
449584184
449786664
449989144
450191624
450394105
450596585
450799065
451001546
451204026
451406506
451609834
451813414
452016994
452220573
452424153
452627733
452831313
453034892
453238472
453442052
453645631
453849211
454053598
454258283
454462968
454667653
454872339
455077024
455281709
455486394
455691079
455895764
456100450
456305135
456510585
456716382
456922179
457127975
457333772
457539568
457745365
457951161
458156958
458362754
458568551
458774348
458980868
459187782
459394696
459601610
459808524
460015438
460222352
460429266
460636180
460843094
461050008
461256922
461464517
461672555
461880592
462088630
462296668
462504705
462712743
462920780
463128818
463336855
463544893
463752930
463961606
464170774
464379941
464589108
464798275
465007442
465216609
465425777
465634944
465844111
466053278
466262445
466472208
466682511
466892814
467103117
467313420
467523722
467734025
467944328
468154631
468364934
468575237
468785540
468996394
469207839
469419284
469630729
469842174
470053618
470265063
470476508
470687953
470899398
471110843
471322287
471534239
471746832
471959425
472172018
472384611
472597204
472809797
473022390
473234983
473447576
473660169
473872762
474085817
474299565
474513312
474727059
474940807
475154554
475368301
475582049
475795796
476009543
476223291
476437038
476651202
476866110
477081018
477295926
477510834
477725742
477940650
478155558
478370466
478585374
478800282
479015190
479230469
479446544
479662619
479878694
480094768
480310843
480526918
480742993
480959068
481175143
481391218
481607293
481823692
482040941
482258189
482475437
482692685
482909933
483127181
483344430
483561678
483778926
483996174
484213422
484430948
484649376
484867804
485086232
485304659
485523087
485741515
485959943
486178370
486396798
486615226
486833654
487052312
487271926
487491540
487711154
487930767
488150381
488369995
488589609
488809223
489028837
489248450
489468064
489687861
489908667
490129474
490350280
490571086
490791892
491012699
491233505
491454311
491675118
491895924
492116730
492337671
492559676
492781682
493003687
493225692
493447697
493669703
493891708
494113713
494335719
494557724
494779729
495001820
495225031
495448241
495671452
495894663
496117874
496341084
496564295
496787506
497010716
497233927
497457138
497680385
497904807
498129230
498353653
498578075
498802498
499026921
499251344
499475766
499700189
499924612
500149035
500373457
500599085
500824726
501050367
501276009
501501650
501727291
501952933
502178574
502404215
502629857
502855498
503081139
503307941
503534808
503761674
503988541
504215407
504442274
504669141
504896007
505122874
505349740
505576607
505803473
506031456
506259554
506487653
506715751
506943850
507171948
507400047
507628145
507856243
508084342
508312440
508540539
508769708
508999045
509228382
509457719
509687056
509916393
510145730
510375067
510604404
510833741
511063078
511292415
511522778
511753360
511983942
512214524
512445106
512675689
512906271
513136853
513367435
513598018
513828600
514059182
514290744
514522578
514754412
514986247
515218081
515449915
515681750
515913584
516145418
516377252
516609087
516840921
517073688
517306782
517539875
517772968
518006061
518239154
518472247
518705340
518938433
519171527
519404620
519637713
519871692
520106051
520340410
520574768
520809127
521043486
521277845
521512204
521746562
521980921
522215280
522449639
522684836
522920467
523156099
523391730
523627361
523862993
524098624
524334255
524569887
524805518
525041149
525276781
525513202
525750113
525987024
526223934
526460845
526697756
526934667
527171578
527408488
527645399
527882310
528119221
528356873
528595070
528833267
529071465
529309662
529547859
529786056
530024253
530262451
530500648
530738845
530977042
531215932
531455422
531694913
531934403
532173894
532413385
532652875
532892366
533131856
533371347
533610837
533850328
534090461
534331252
534572043
534812834
535053625
535294416
535535207
535775998
536016789
536257580
536498371
536739162
536980545
537222643
537464742
537706840
537948939
538191037
538433136
538675234
538917333
539159431
539401530
539643628
539886268
540129681
540373094
540616507
540859920
541103333
541346746
541590159
541833572
542076985
542320398
542563811
542807714
543052448
543297183
543541918
543786653
544031387
544276122
544520857
544765592
545010326
545255061
545499796
545744968
545991032
546237095
546483159
546729223
546975286
547221350
547467413
547713477
547959541
548205604
548451668
548698116
548945516
549192916
549440316
549687715
549935115
550182515
550429915
550677314
550924714
551172114
551419514
551667245
551915988
552164731
552413474
552662217
552910960
553159703
553408446
553657190
553905933
554154676
554403419
554652440
554902533
555152627
555402721
555652815
555902908
556153002
556403096
556653190
556903284
557153377
557403471
557653788
557905240
558156691
558408143
558659595
558911047
559162498
559413950
559665402
559916853
560168305
560419757
560671377
560924194
561177011
561429828
561682645
561935462
562188279
562441096
562693913
562946730
563199547
563452364
563705294
563959484
564213674
564467864
564722054
564976244
565230433
565484623
565738813
565993003
566247193
566501383
566755629
567011199
567266769
567522339
567777909
568033479
568289049
568544619
568800189
569055759
569311329
569566900
569822470
570079427
570336385
570593342
570850300
571107258
571364216
571621174
571878131
572135089
572392047
572649005
572905962
573164258
573422611
573680964
573939317
574197670
574456023
574714376
574972729
575231082
575489435
575747788
576006141
576265781
576525537
576785293
577045049
577304804
577564560
577824316
578084072
578343828
578603584
578863340
579123095
579384087
579645253
579906420
580167586
580428752
580689919
580951085
581212251
581473418
581734584
581995750
582256917
582519267
582781851
583044436
583307020
583569605
583832189
584094774
584357358
584619943
584882527
585145111
585407696
585671412
585935422
586199432
586463443
586727453
586991463
587255473
587519484
587783494
588047504
588311514
588575525
588840613
589106057
589371501
589636945
589902389
590167833
590433276
590698720
590964164
591229608
591495052
591760495
592026964
592293849
592560735
592827620
593094505
593361390
593628275
593895160
594162045
594428930
594695816
594962701
595230557
595498891
595767225
596035560
596303894
596572228
596840563
597108897
597377231
597645565
597913900
598182234
598451485
598721276
598991067
599260859
599530650
599800441
600070232
600340024
600609815
600879606
601149398
601419189
601689841
601961097
602232354
602503610
602774866
603046123
603317379
603588635
603859891
604131148
604402404
604673660
604945721
605218450
605491180
605763909
606036638
606309367
606582096
606854825
607127554
607400284
607673013
607945742
608219219
608493429
608767639
609041849
609316059
609590269
609864479
610138689
610412900
610687110
610961320
611235530
611510431
611786130
612061829
612337527
612613226
612888925
613164624
613440323
613716022
613991721
614267420
614543119
614819451
615096647
615373843
615651039
615928235
616205431
616482627
616759823
617037019
617314215
617591411
617868608
618146378
618425079
618703780
618982481
619261182
619539884
619818585
620097286
620375987
620654688
620933389
621212090
621491307
621771521
622051736
622331950
622612164
622892379
623172593
623452808
623733022
624013237
624293451
624573665
624854335
625136071
625417807
625699543
625981279
626263015
626544752
626826488
627108224
627389960
627671696
627953432
628235563
628518828
628802094
629085360
629368626
629651891
629935157
630218423
630501689
630784955
631068220
631351486
631635086
631919889
632204693
632489497
632774301
633059105
633343909
633628712
633913516
634198320
634483124
634767928
635053003
635339354
635625704
635912054
636198405
636484755
636771106
637057456
637343806
637630157
637916507
638202857
638489417
638777322
639065227
639353133
639641038
639928943
640216848
640504754
640792659
641080564
641368470
641656375
641944426
642233894
642523363
642812831
643102300
643391768
643681237
643970705
644260174
644549642
644839111
645128579
645418130
645709170
646000210
646291250
646582291
646873331
647164371
647455411
647746452
648037492
648328532
648619573
648910630
649203251
649495871
649788492
650081112
650373733
650666354
650958974
651251595
651544215
651836836
652129457
652422077
652716238
653010448
653304658
653598867
653893077
654187286
654481496
654775705
655069915
655364124
655658334
655952543
656248236
656544043
656839850
657135657
657431464
657727272
658023079
658318886
658614693
658910500
659206307
659502114
659799346
660096759
660394173
660691586
660988999
661286412
661583825
661881239
662178652
662476065
662773478
663070892
663369671
663668699
663967727
664266756
664565784
664864812
665163840
665462868
665761897
666060925
666359953
666658981
666959316
667259968
667560620
667861271
668161923
668462575
668763227
669063879
669364531
669665183
669965834
670266486
670568385
670870669
671172954
671475238
671777523
672079807
672382091
672684376
672986660
673288945
673591229
673893513
674196984
674500909
674804835
675108761
675412687
675716612
676020538
676324464
676628390
676932316
677236241
677540167
677845217
678150793
678456369
678761945
679067521
679373097
679678673
679984249
680289825
680595401
680900977
681206553
681513191
681820427
682127662
682434897
682742132
683049368
683356603
683663838
683971073
684278309
684585544
684892779
685201014
685509917
685818821
686127724
686436628
686745532
687054435
687363339
687672242
687981146
688290050
688598953
688908792
689219373
689529954
689840535
690151115
690461696
690772277
691082858
691393439
691704020
692014601
692325181
692636633
692948900
693261168
693573435
693885702
694197969
694510236
694822504
695134771
695447038
695759305
696071573
696384646
696698609
697012571
697326534
697640497
697954460
698268423
698582386
698896349
699210312
699524275
699838238
700152940
700468608
700784276
701099943
701415611
701731279
702046946
702362614
702678281
702993949
703309617
703625284
703941625
704259007
704576389
704893771
705211152
705528534
705845916
706163298
706480679
706798061
707115443
707432825
707750812
708069917
708389022
708708127
709027232
709346337
709665442
709984547
710303652
710622757
710941862
711260967
711580610
711901448
712222286
712543124
712863961
713184799
713505637
713826475
714147312
714468150
714788988
715109826
715431133
715753712
716076292
716398872
716721452
717044032
717366612
717689191
718011771
718334351
718656931
718979511
719302490
719626821
719951153
720275484
720599816
720924147
721248479
721572810
721897142
722221473
722545805
722870136
723194797
723520889
723846982
724173074
724499167
724825260
725151352
725477445
725803537
726129630
726455723
726781815
727108166
727436029
727763892
728091755
728419618
728747481
729075345
729403208
729731071
730058934
730386797
730714660
731042710
731372353
731701996
732031640
732361283
732690927
733020570
733350213
733679857
734009500
734339144
734668787
734998544
735329977
735661410
735992844
736324277
736655711
736987144
737318577
737650011
737981444
738312878
738644311
738975784
739309017
739642250
739975483
740308716
740641949
740975182
741308415
741641648
741974881
742308114
742641347
742974580
743309588
743644630
743979673
744314716
744649758
744984801
745319843
745654886
745989928
746324971
746660013
746995056
747331808
747668669
748005531
748342393
748679254
749016116
749352978
749689840
750026701
750363563
750700425
751037286
751375791
751714482
752053173
752391864
752730555
753069246
753407936
753746627
754085318
754424009
754762700
755101391
755441658
755782188
756122718
756463248
756803777
757144307
757484837
757825367
758165897
758506427
758846956
759187486
759529525
759871904
760214283
760556662
760899041
761241420
761583799
761926178
762268557
762610935
762953314
763295693
763639513
763983751
764327989
764672227
765016465
765360703
765704941
766049179
766393417
766737655
767081893
767426131
767771741
768117848
768463955
768810062
769156169
769502277
769848384
770194491
770540598
770886705
771232813
771578920
771926328
772274315
772622301
772970288
773318274
773666261
774014247
774362234
774710220
775058207
775406193
775754180
776103397
776453273
776803149
777153025
777502901
777852777
778202653
778552529
778902405
779252281
779602157
779952033
780303068
780654844
781006620
781358396
781710172
782061948
782413724
782765499
783117275
783469051
783820827
784172603
784525465
784879151
785232837
785586523
785940209
786293895
786647581
787001267
787354953
787708639
788062325
788416011
788770710
789126317
789481923
789837529
790193136
790548742
790904349
791259955
791615561
791971168
792326774
792682381
793038926
793396464
793754001
794111538
794469076
794826613
795184150
795541687
795899225
796256762
796614299
796971837
797330238
797689717
798049196
798408675
798768154
799127632
799487111
799846590
800206069
800565548
800925026
801284505
801644773
802006203
802367634
802729064
803090495
803451926
803813356
804174787
804536217
804897648
805259078
805620509
805982652
806346045
806709438
807072832
807436225
807799618
808163011
808526405
808889798
809253191
809616585
809979978
810344006
810709372
811074738
811440105
811805471
812170837
812536204
812901570
813266936
813632303
813997669
814363035
814728958
815096309
815463659
815831009
816198360
816565710
816933060
817300411
817667761
818035111
818402462
818769812
819137640
819506985
819876330
820245674
820615019
820984364
821353709
821723054
822092399
822461744
822831089
823200434
823570176
823941526
824312877
824684227
825055578
825426928
825798279
826169629
826540979
826912330
827283680
827655031
828026698
828400065
828773431
829146798
829520165
829893532
830266899
830640266
831013632
831386999
831760366
832133733
832507334
832882729
833258123
833633517
834008911
834384306
834759700
835135094
835510488
835885883
836261277
836636671
837012217
837389650
837767082
838144515
838521947
838899380
839276812
839654245
840031678
840409110
840786543
841163975
841541476
841920958
842300440
842679922
843059404
843438886
843818368
844197850
844577332
844956814
845336296
845715778
846095260
846476787
846858329
847239872
847621414
848002957
848384499
848766042
849147584
849529127
849910669
850292212
850673755
851057267
851440881
851824496
852208110
852591724
852975338
853358953
853742567
854126181
854509795
854893410
855277024
855662533
856048230
856433928
856819625
857205322
857591020
857976717
858362414
858748111
859133809
859519506
859905203
860292719
860680511
861068302
861456094
861843885
862231677
862619468
863007260
863395051
863782843
864170634
864558426
864947959
865337857
865727754
866117651
866507548
866897446
867287343
867677240
868067137
868457035
868846932
869236829
869628391
870020405
870412419
870804434
871196448
871588462
871980477
872372491
872764505
873156520
873548534
873940548
874334148
874728291
875122434
875516577
875910720
876304863
876699006
877093149
877487292
877881435
878275578
878669721
879065370
879461653
879857936
880254219
880650502
881046785
881443068
881839351
882235634
882631917
883028200
883424483
883822191
884220626
884619061
885017496
885415931
885814366
886212800
886611235
887009670
887408105
887806540
888204975
888604754
889005352
889405951
889806549
890207147
890607746
891008344
891408942
891809541
892210139
892610738
893011336
893413196
893815970
894218743
894621517
895024290
895427064
895829837
896232611
896635385
897038158
897440932
897843705
898247657
898652618
899057578
899462539
899867500
900272460
900677421
901082381
901487342
901892302
902297263
902702223
903108278
903515438
903922597
904329757
904736916
905144075
905551235
905958394
906365554
906772713
907179873
907587032
907995201
908404571
908813941
909223312
909632682
910042052
910451423
910860793
911270163
911679534
912088904
912498274
912908568
913320161
913731754
914143347
914554940
914966533
915378126
915789719
916201313
916612906
917024499
917436092
917848521
918262349
918676177
919090005
919503833
919917661
920331489
920745317
921159145
921572973
921986801
922400629
922815205
923231280
923647355
924063431
924479506
924895581
925311656
925727731
926143806
926559881
926975956
927392031
927808765
928227100
928645434
929063768
929482103
929900437
930318771
930737106
931155440
931573775
931992109
932410443
932829347
933249953
933670558
934091164
934511770
934932376
935352982
935773588
936194193
936614799
937035405
937456011
937877095
938299984
938722874
939145764
939568653
939991543
940414433
940837322
941260212
941683102
942105992
942528881
942952157
943377343
943802529
944227715
944652900
945078086
945503272
945928458
946353644
946778830
947204016
947629202
948054681
948482176
948909670
949337165
949764660
950192155
950619649
951047144
951474638
951902133
952329628
952757123
953184816
953614632
954044448
954474264
954904080
955333896
955763711
956193527
956623343
957053159
957482975
957912791
958342711
958774860
959207010
959639160
960071310
960503460
960935609
961367759
961799909
962232059
962664208
963096358
963528516
963963012
964397508
964832005
965266501
965700997
966135494
966569990
967004486
967438983
967873479
968307975
968742472
969179238
969616093
970052949
970489804
970926660
971363515
971800371
972237227
972674082
973110938
973547793
973984649
974423689
974862916
975302144
975741372
976180599
976619827
977059055
977498282
977937510
978376737
978815965
979255193
979696518
980138131
980579744
981021356
981462969
981904582
982346194
982787807
983229420
983671032
984112645
984554257
984997881
985441891
985885902
986329912
986773923
987217934
987661944
988105955
988549965
988993976
989437986
989881997
990327930
990774351
991220773
991667194
992113615
992560037
993006458
993452880
993899301
994345723
994792144
995238566
995686820
996135665
996584511
997033356
997482202
997931047
998379893
998828738
999277584
999726429
1000175275
1000624120
1001074708
1001525991
1001977273
1002428556
1002879839
1003331121
1003782404
1004233687
1004684969
1005136252
1005587535
1006038817
1006491751
1006945484
1007399217
1007852950
1008306683
1008760416
1009214149
1009667883
1010121616
1010575349
1011029082
1011482815
1011938106
1012394303
1012850500
1013306697
1013762894
1014219090
1014675287
1015131484
1015587681
1016043878
1016500074
1016956271
1017413933
1017872607
1018331281
1018789955
1019248629
1019707303
1020165977
1020624651
1021083325
1021541998
1022000673
1022459346
1022919390
1023380555
1023841719
1024302884
1024764048
1025225212
1025686377
1026147541
1026608706
1027069870
1027531035
1027992199
1028454638
1028918306
1029381975
1029845643
1030309312
1030772981
1031236649
1031700318
1032163986
1032627655
1033091324
1033554992
1034019838
1034486024
1034952211
1035418397
1035884583
1036350769
1036816956
1037283142
1037749328
1038215515
1038681701
1039147887
1039615153
1040083870
1040552588
1041021306
1041490023
1041958741
1042427458
1042896176
1043364894
1043833611
1044302329
1044771046
1045240744
1045712007
1046183270
1046654532
1047125795
1047597058
1048068320
1048539583
1049010846
1049482108
1049953371
1050424634
1050896777
1051370598
1051844420
1052318241
1052792063
1053265885
1053739706
1054213528
1054687349
1055161171
1055634992
1056108814
1056583415
1057059809
1057536203
1058012598
1058488992
1058965387
1059441781
1059918175
1060394570
1060870964
1061347358
1061823753
1062300824
1062779805
1063258786
1063737768
1064216749
1064695730
1065174711
1065653692
1066132673
1066611655
1067090636
1067569617
1068049172
1068530754
1069012336
1069493918
1069975500
1070457081
1070938664
1071420246
1071901827
1072383409
1072864992
1073346574
1073828624
1074312822
1074797018
1075281216
1075765412
1076249608
1076733806
1077218002
1077702200
1078186396
1078670594
1079154790
1079639350
1080126176
1080613002
1081099828
1081586654
1082073480
1082560306
1083047132
1083533958
1084020786
1084507612
1084994438
1085481520
1085970988
1086460458
1086949928
1087439398
1087928866
1088418336
1088907806
1089397276
1089886744
1090376214
1090865684
1091355302
1091847428
1092339556
1092831682
1093323810
1093815938
1094308064
1094800192
1095292318
1095784446
1096276574
1096768700
1097260866
1097755666
1098250466
1098745264
1099240064
1099734864
1100229664
1100724462
1101219262
1101714062
1102208862
1102703662
1103198460
1103695874
1104193362
1104690848
1105188334
1105685820
1106183306
1106680792
1107178278
1107675764
1108173250
1108670736
1109168222
1109668226
1110168414
1110668602
1111168790
1111668976
1112169164
1112669352
1113169540
1113669726
1114169914
1114670102
1115170290
1115672896
1116175800
1116678704
1117181606
1117684510
1118187414
1118690316
1119193220
1119696124
1120199026
1120701930
1121204834
1121710058
1122215692
1122721326
1123226960
1123732594
1124238228
1124743862
1125249496
1125755130
1126260764
1126766398
1127272032
1127779886
1128288266
1128796646
1129305026
1129813406
1130321786
1130830166
1131338544
1131846924
1132355304
1132863684
1133372064
1133882562
1134393702
1134904842
1135415982
1135927122
1136438262
1136949402
1137460542
1137971682
1138482822
1138993962
1139505102
1140018258
1140532174
1141046088
1141560004
1142073920
1142587836
1143101752
1143615666
1144129582
1144643498
1145157414
1145671328
1146187156
1146703862
1147220568
1147737274
1148253980
1148770686
1149287392
1149804098
1150320806
1150837512
1151354218
1151870924
1152389436
1152908948
1153428458
1153947970
1154467482
1154986994
1155506506
1156026018
1156545528
1157065040
1157584552
1158104064
1158625276
1159147608
1159669940
1160192274
1160714606
1161236938
1161759272
1162281604
1162803936
1163326270
1163848602
1164370934
1164894860
1165420028
1165945196
1166470366
1166995534
1167520704
1168045872
1168571042
1169096210
1169621380
1170146548
1170671718
1171198370
1171726390
1172254410
1172782430
1173310452
1173838472
1174366492
1174894512
1175422532
1175950554
1176478574
1177006594
1177535988
1178066876
1178597764
1179128650
1179659538
1180190426
1180721314
1181252202
1181783088
1182313976
1182844864
1183375752
1183907900
1184441672
1184975442
1185509212
1186042982
1186576752
1187110522
1187644292
1188178062
1188711834
1189245604
1189779374
1190314292
1190850962
1191387630
1191924298
1192460968
1192997636
1193534304
1194070974
1194607642
1195144310
1195680978
1196217648
1196755352
1197294934
1197834516
1198374100
1198913682
1199453264
1199992848
1200532430
1201072012
1201611594
1202151178
1202690760
1203231264
1203773776
1204316288
1204858800
1205401314
1205943826
1206486338
1207028850
1207571364
1208113876
1208656388
1209198902
1209742218
1210287676
1210833134
1211378592
1211924050
1212469508
1213014966
1213560426
1214105884
1214651342
1215196800
1215742258
1216288402
1216836822
1217385242
1217933664
1218482084
1219030504
1219578924
1220127344
1220675764
1221224184
1221772604
1222321024
1222870012
1223421408
1223972806
1224524204
1225075602
1225627000
1226178398
1226729796
1227281194
1227832592
1228383990
1228935388
1229487232
1230041624
1230596016
1231150408
1231704800
1232259192
1232813586
1233367978
1233922370
1234476762
1235031154
1235585546
1236140262
1236697666
1237255068
1237812470
1238369872
1238927274
1239484676
1240042078
1240599480
1241156884
1241714286
1242271688
1242829292
1243389722
1243950150
1244510580
1245071008
1245631436
1246191866
1246752294
1247312724
1247873152
1248433582
1248994010
1249554516
1250117990
1250681462
1251244934
1251808406
1252371878
1252935350
1253498822
1254062294
1254625766
1255189238
1255752710
1256316182
1256882666
1257449198
1258015730
1258582260
1259148792
1259715324
1260281856
1260848388
1261414918
1261981450
1262547982
1263114514
1263683946
1264253554
1264823162
1265392770
1265962378
1266531986
1267101592
1267671200
1268240808
1268810416
1269380024
1269949632
1270522030
1271094730
1271667430
1272240132
1272812832
1273385532
1273958234
1274530934
1275103636
1275676336
1276249036
1276821738
1277397116
1277972926
1278548736
1279124546
1279700358
1280276168
1280851978
1281427790
1282003600
1282579410
1283155220
1283731032
1284309404
1284888342
1285467278
1286046216
1286625152
1287204090
1287783026
1288361964
1288940900
1289519838
1290098774
1290677712
1291259096
1291841176
1292423256
1293005338
1293587418
1294169498
1294751578
1295333660
1295915740
1296497820
1297079900
1297661982
1298246392
1298831634
1299416874
1300002116
1300587358
1301172598
1301757840
1302343080
1302928322
1303513562
1304098804
1304684046
1305271498
1305859918
1306448336
1307036756
1307625174
1308213594
1308802014
1309390432
1309978852
1310567270
1311155690
1311744108
1312334620
1312926234
1313517848
1314109462
1314701076
1315292690
1315884304
1316475920
1317067534
1317659148
1318250762
1318842376
1319435960
1320030788
1320625614
1321220440
1321815266
1322410094
1323004920
1323599746
1324194572
1324789398
1325384226
1325979052
1326575728
1327173784
1327771840
1328369896
1328967952
1329566008
1330164066
1330762122
1331360178
1331958234
1332556290
1333154348
1333754128
1334355432
1334956736
1335558040
1336159344
1336760648
1337361950
1337963254
1338564558
1339165862
1339767166
1340368470
1340971374
1341575942
1342180510
1342785080
1343389648
1343994218
1344598786
1345203354
1345807924
1346412492
1347017062
1347621630
1348227672
1348835524
1349443376
1350051228
1350659078
1351266930
1351874782
1352482634
1353090484
1353698336
1354306188
1354914040
1355523236
1356134388
1356745540
1357356692
1357967844
1358578998
1359190150
1359801302
1360412454
1361023606
1361634758
1362245910
1362858278
1363472748
1364087218
1364701688
1365316160
1365930630
1366545100
1367159570
1367774042
1368388512
1369002982
1369617452
1370233008
1370850816
1371468624
1372086430
1372704238
1373322044
1373939852
1374557660
1375175466
1375793274
1376411080
1377028888
1377647648
1378268810
1378889972
1379511134
1380132294
1380753456
1381374618
1381995780
1382616942
1383238104
1383859264
1384480426
1385102408
1385726942
1386351476
1386976010
1387600546
1388225080
1388849614
1389474148
1390098684
1390723218
1391347752
1391972286
1392597504
1393225430
1393853356
1394481282
1395109208
1395737134
1396365060
1396992986
1397620912
1398248836
1398876762
1399504688
1400133162
1400764496
1401395832
1402027168
1402658502
1403289838
1403921174
1404552508
1405183844
1405815178
1406446514
1407077850
1407709594
1408344356
1408979120
1409613884
1410248648
1410883410
1411518174
1412152938
1412787702
1413422464
1414057228
1414691992
1415327024
1415965234
1416603444
1417241654
1417879864
1418518074
1419156284
1419794494
1420432704
1421070914
1421709124
1422347334
1422985672
1423627348
1424269024
1424910698
1425552374
1426194050
1426835726
1427477402
1428119076
1428760752
1429402428
1430044104
1430685780
1431330924
1431976084
1432621242
1433266402
1433911562
1434556722
1435201882
1435847042
1436492200
1437137360
1437782520
1438427680
1439076184
1439724846
1440373508
1441022172
1441670834
1442319498
1442968160
1443616824
1444265486
1444914150
1445562812
1446211476
1446863356
1447515540
1448167726
1448819910
1449472096
1450124280
1450776466
1451428652
1452080836
1452733022
1453385206
1454037392
1454692666
1455348392
1456004118
1456659844
1457315570
1457971296
1458627024
1459282750
1459938476
1460594202
1461249928
1461905656
1462564340
1463223626
1463882914
1464542200
1465201486
1465860774
1466520060
1467179348
1467838634
1468497922
1469157208
1469816494
1470478608
1471141476
1471804342
1472467208
1473130076
1473792942
1474455810
1475118676
1475781542
1476444410
1477107276
1477770144
1478435704
1479102170
1479768636
1480435102
1481101568
1481768034
1482434500
1483100966
1483767432
1484433898
1485100364
1485766830
1486435856
1487105940
1487776026
1488446110
1489116196
1489786280
1490456366
1491126450
1491796536
1492466622
1493136706
1493806792
1494479300
1495153024
1495826746
1496500470
1497174194
1497847916
1498521640
1499195364
1499869086
1500542810
1501216534
1501890256
1502566266
1503243648
1503921030
1504598412
1505275794
1505953174
1506630556
1507307938
1507985320
1508662702
1509340082
1510017464
1510696994
1511378052
1512059112
1512740172
1513421232
1514102292
1514783352
1515464412
1516145470
1516826530
1517507590
1518188650
1518871716
1519556474
1520241232
1520925990
1521610748
1522295504
1522980262
1523665020
1524349778
1525034536
1525719294
1526404052
1527090674
1527779150
1528467626
1529156102
1529844578
1530533054
1531221530
1531910006
1532598482
1533286958
1533975434
1534663910
1535354106
1536046320
1536738536
1537430750
1538122964
1538815178
1539507394
1540199608
1540891822
1541584036
1542276250
1542968464
1543662254
1544358226
1545054200
1545750172
1546446146
1547142118
1547838092
1548534064
1549230038
1549926010
1550621984
1551317956
1552015356
1552715110
1553414862
1554114614
1554814366
1555514118
1556213870
1556913622
1557613374
1558313126
1559012878
1559712630
1560413660
1561117212
1561820764
1562524316
1563227868
1563931420
1564634970
1565338522
1566042074
1566745626
1567449178
1568152730
1568857410
1569564782
1570272154
1570979526
1571686898
1572394270
1573101640
1573809012
1574516384
1575223756
1575931128
1576638500
1577346848
1578058060
1578769274
1579480486
1580191700
1580902912
1581614126
1582325338
1583036550
1583747764
1584458976
1585170190
1585882224
1586597298
1587312374
1588027448
1588742522
1589457598
1590172672
1590887746
1591602822
1592317896
1593032970
1593748044
1594463786
1595182744
1595901702
1596620658
1597339616
1598058574
1598777532
1599496490
1600215446
1600934404
1601653362
1602372320
1603091786
1603814648
1604537508
1605260370
1605983232
1606706092
1607428954
1608151814
1608874676
1609597536
1610320398
1611043260
1611766472
1612493258
1613220044
1613946830
1614673618
1615400404
1616127190
1616853976
1617580764
1618307550
1619034336
1619761124
1620488100
1621218832
1621949564
1622680298
1623411030
1624141762
1624872496
1625603228
1626333960
1627064694
1627795426
1628526158
1629256918
1629991620
1630726320
1631461020
1632195722
1632930422
1633665122
1634399824
1635134524
1635869224
1636603926
1637338626
1638073328
1638811880
1639550570
1640289260
1641027950
1641766640
1642505330
1643244018
1643982708
1644721398
1645460088
1646198778
1646937468
1647679866
1648422568
1649165268
1649907970
1650650670
1651393370
1652136072
1652878772
1653621474
1654364174
1655106876
1655849576
1656595840
1657342572
1658089306
1658836040
1659582774
1660329508
1661076242
1661822976
1662569708
1663316442
1664063176
1664809910
1665560058
1666310846
1667061636
1667812424
1668563212
1669314000
1670064790
1670815578
1671566366
1672317154
1673067944
1673818732
1674572784
1675327650
1676082516
1676837380
1677592246
1678347110
1679101976
1679856840
1680611706
1681366572
1682121436
1682876302
1683634280
1684393244
1685152208
1685911172
1686670136
1687429100
1688188064
1688947028
1689705992
1690464958
1691223922
1691982886
1692744810
1693507896
1694270980
1695034066
1695797150
1696560236
1697323320
1698086406
1698849490
1699612576
1700375660
1701138746
1701904638
1702671866
1703439094
1704206322
1704973552
1705740780
1706508008
1707275238
1708042466
1708809694
1709576922
1710344152
1711114030
1711885424
1712656818
1713428214
1714199608
1714971002
1715742396
1716513792
1717285186
1718056580
1718827976
1719599370
1720373256
1721148838
1721924422
1722700006
1723475588
1724251172
1725026754
1725802338
1726577920
1727353504
1728129086
1728904670
1729682584
1730462378
1731242172
1732021968
1732801762
1733581556
1734361352
1735141146
1735920940
1736700734
1737480530
1738260324
1739042288
1739826318
1740610346
1741394374
1742178404
1742962432
1743746460
1744530490
1745314518
1746098546
1746882576
1747666604
1748452638
1749240924
1750029210
1750817496
1751605782
1752394068
1753182354
1753970640
1754758926
1755547212
1756335498
1757123784
1757913910
1758706476
1759499042
1760291608
1761084174
1761876740
1762669306
1763461872
1764254438
1765047004
1765839570
1766632136
1767426376
1768223246
1769020116
1769816986
1770613856
1771410726
1772207596
1773004464
1773801334
1774598204
1775395074
1776191944
1776990318
1777791514
1778592712
1779393908
1780195104
1780996302
1781797498
1782598696
1783399892
1784201088
1785002286
1785803482
1786606012
1787411560
1788217106
1789022654
1789828200
1790633748
1791439296
1792244842
1793050390
1793855936
1794661484
1795467030
1796273738
1797083660
1797893580
1798703502
1799513422
1800323344
1801133264
1801943186
1802753108
1803563028
1804372950
1805182870
1805993778
1806808096
1807622414
1808436734
1809251052
1810065372
1810879690
1811694010
1812508328
1813322646
1814136966
1814951284
1815766412
1816585152
1817403894
1818222634
1819041374
1819860116
1820678856
1821497596
1822316338
1823135078
1823953818
1824772560
1825591930
1826415116
1827238302
1828061488
1828884674
1829707860
1830531048
1831354234
1832177420
1833000606
1833823792
1834646978
1835470614
1836298270
1837125926
1837953582
1838781238
1839608894
1840436550
1841264206
1842091862
1842919518
1843747174
1844574830
1845402752
1846234902
1847067054
1847899204
1848731354
1849563504
1850395654
1851227804
1852059954
1852892104
1853724254
1854556404
1855388636
1856225306
1857061974
1857898642
1858735312
1859571980
1860408648
1861245318
1862081986
1862918656
1863755324
1864591992
1865428662
1866269768
1867110980
1867952192
1868793404
1869634616
1870475826
1871317038
1872158250
1872999462
1873840674
1874681886
1875523098
1876368582
1877214362
1878060142
1878905920
1879751700
1880597480
1881443258
1882289038
1883134818
1883980596
1884826376
1885672156
1886522042
1887372414
1888222786
1889073158
1889923530
1890773902
1891624274
1892474646
1893325018
1894175390
1895025762
1895876134
1896730446
1897585434
1898440424
1899295414
1900150402
1901005392
1901860382
1902715372
1903570360
1904425350
1905280340
1906135328
1906994088
1907853720
1908713352
1909572984
1910432614
1911292246
1912151878
1913011510
1913871142
1914730774
1915590406
1916450038
1917313268
1918177568
1919041866
1919906166
1920770466
1921634766
1922499066
1923363364
1924227664
1925091964
1925956264
1926820562
1927688286
1928557280
1929426272
1930295264
1931164258
1932033250
1932902242
1933771236
1934640228
1935509220
1936378214
1937247206
1938119448
1938993158
1939866870
1940740580
1941614292
1942488002
1943361714
1944235424
1945109136
1945982848
1946856558
1947730270
1948607052
1949485506
1950363962
1951242418
1952120872
1952999328
1953877784
1954756238
1955634694
1956513150
1957391604
1958270060
1959151406
1960034632
1960917856
1961801082
1962684308
1963567532
1964450758
1965333984
1966217208
1967100434
1967983658
1968866884
1969752818
1970640840
1971528860
1972416882
1973304904
1974192924
1975080946
1975968966
1976856988
1977745008
1978633030
1979521052
1980411598
1981304440
1982197284
1983090126
1983982970
1984875812
1985768654
1986661498
1987554340
1988447184
1989340026
1990232870
1991128052
1992025742
1992923434
1993821124
1994718816
1995616506
1996514198
1997411888
1998309578
1999207270
2000104962
2001002652
2001902494
2002805060
2003707624
2004610190
2005512756
2006415320
2007317886
2008220452
2009123016
2010025582
2010928148
2011830712
2012735238
2013642706
2014550172
2015457638
2016365104
2017272570
2018180036
2019087502
2019994968
2020902436
2021809902
2022717368
2023626602
2024538996
2025451390
2026363782
2027276176
2028188570
2029100964
2030013358
2030925750
2031838144
2032750538
2033662932
2034576900
2035494248
2036411596
2037328944
2038246292
2039163640
2040080988
2040998334
2041915684
2042833032
2043750378
2044667726
2045586452
2046508780
2047431110
2048353438
2049275768
2050198096
2051120426
2052042754
2052965082
2053887412
2054809740
2055732070
2056655576
2057582914
2058510250
2059437588
2060364926
2061292262
2062219600
2063146936
2064074274
2065001610
2065928948
2066856286
2067784600
2068716972
2069649344
2070581718
2071514090
2072446462
2073378834
2074311208
2075243580
2076175952
2077108324
2078040698
2078973844
2079911280
2080848714
2081786150
2082723584
2083661020
2084598454
2085535890
2086473326
2087410760
2088348196
2089285630
2090223634
2091166160
2092108686
2093051210
2093993736
2094936262
2095878786
2096821312
2097763838
2098706362
2099648888
2100591414
2101534300
2102481942
2103429586
2104377228
2105324872
2106272514
2107220158
2108167802
2109115444
2110063088
2111010730
2111958374
2112906168
2113858956
2114811744
2115764534
2116717322
2117670112
2118622900
2119575688
2120528478
2121481266
2122434056
2123386844
2124339632
2125297534
2126255496
2127213458
